Sebutkan buah berwarna kuning,0003,Pisang/Loka,34,Lemon,24,Nanas,12,Mangga,11,Apel,11,Pear/Pir,8,Persik,0,Squash/Labu/Labu siam,0,Belimbing/Blimbing,0,Jagung,0,Jeruk Bali/Jeruk Bali Merah,0,Anggur,0,,,,,,,,,,,,,,,,,,,,
Sebutkan nama superhero,0002,Batman/Betmen,25,Superman,25,Spider-Man/spiderman/spidermen,19,Iron Man/ironmen,13,Hulk,13,Thor,5,Wonder Woman,0,Flash,0,Captain America/Kapten Amerika,0,Robin,0,Black Panther,0,Green Lantern,0,Super Girl/Supergirl,0,Aquaman,0,Joker,0,Black Widow,0,,,,,,,,,,,,
Sebutkan minuman saat sarapan,0070,Jus jeruk/jeruk,28,Kopi,19,Susu,18,Air putih,15,Jus Apel/apel,14,Teh,6,Jus Jeruk Bali,0,Soda/kola,0,Smoothie/jus,0,Susu Cokelat/Cokelat/cokelat panas,0,Jus Lemon/air lemon/limun,0,Jus Kranberi,0,Latte,0,Milkshake/susu kocok,0,,,,,,,,,,,,,,,,
Sebutkan jenis moda transportasi,0049,Mobil/truk/limosin,32,Pesawat terbang/jet/pesawat pribadi/pesawat jet,21,Bus/bus sekolah,20,Sepeda/sepeda pancal,10,Kereta/kereta api,9,Berjalan/jalan kaki/lari,8,Kapal/perahu/sampan,0,Taksi/Uber/Grab,0,Skuter/vespa,0,Kereta Bawah Tanah,0,Truk/van,0,Sepeda Motor/motor,0,Skateboardpapan skatepapan seluncurpapan luncur,0,Helikopter,0,Kuda,0,Sepatu Roda,0,,,,,,,,,,,,
Sebutkan benda yang selalu dibawa saat keluar rumah,0071,Handphone/ponsel/smartphone/HP/hape,29,Kunci/kunci mobil/kunci motor/kunci rumah,28,Dompet,16,Uang/ATM/uang tunai,12,Baju/jaket/celana/topi/mantel/kaus kaki/kaos kaki,8,Tas/ransel/tas kecil/tas dompet/tas tangan,7,Mobil/truk/limosin,0,Makanan/jajan/jajanan,0,Masker,0,Charger/pengisi daya ponsel,0,Kacamata/kaca mata/kacamata hitam,0,Jam/jam tangan,0,Hewan Peliharaan/anjing/kucing,0,Headphone/headset/earbud,0,Pistol/senjata,0,Sepatu,0,KTP/tanda pengenal/kartu identitas/paspor,0,SIM,0,Anak/bayi,0,Ibu/orang tua/orangtua/ayah,0,Suami-istri/pasangan/suami/istri,0,Minuman/air putih/botol minum,0
Sebutkan tempat untuk berenang,0056,Kolam Renang/kolam,28,Laut/pantai,27,Danau,20,Sungai,9,Kolam,8,Bathtub/bak mandi/kamar mandi,8,Jacuzzi/Jacuzi,0,Hotel,0,Water Park/wisata air/taman wisata air/taman wisata,0,Muara/teluk,0,,,,,,,,,,,,,,,,,,,,,,,,
Apa yang bisa kamu temukan di kotak pensil?,0054,Pensil,45,Pena/bolpen/ballpoint/bolpoin/pulpen,20,Penghapus/karet penghapus,13,Marker/spidol,9,Krayon/pensil warna,8,Rautan/rautan pensil/orotan,5,Gunting,0,Penggarisgarisan,0,Lem/perekat,0,Kertas/catatan,0,Isi Pensil,0,Stapler/staples,0,Kertas Catatan/kertas tempel,0,Isolasi/solasi/lakban,0,,,,,,,,,,,,,,,,
Sebutkan nama teman Mickey Mouse,0073,Goofy/Goofie/Gufi,27,Minnie Mouse/Minnie/Mini/Minie,24,Donald Duck/Donald/Donal,22,Pluto,16,Daisy Duck/Daisy/Desi,8,Pete/pit/peter,3,Clarabelle Cow/Clarabelle/cow,0,Toodles/toodle,0,Chip and Dale/chip n dale,0,,,,,,,,,,,,,,,,,,,,,,,,,,
Apa yang bisa kamu lakukan di smartphonemu?,0045,Telepon/telpon/menelepon/menelpon/menghubungi orang,26,Main/bermain/bermain game/gaming/ngegame,22,Chat/sms/mengirim pesan/bertukar pesan,18,Foto/memfoto/mengambil gambar/mengambil foto/selfie/kamera/ambil gambar/ambil foto,14,Video Chat/facetime/video call/Skype,10,Media Sosial/Facebook/Instagram/snapchat/twitter/jaringan sosial/sosial/posting/tweet/utas,10,Musik/mendengarkan musik/memutar musik/mendengarkan lagu/memutar lagu,0,Membaca/membaca berita/baca berita/baca buku/membaca buku,0,Internet/Mencari/google/web/safari/chrome/mesin pencari,0,Aplikasi/download/unduh,0,Merekam/rekam/video,0,Kerja/bekerja,0,Mencatat/menulis/mengetik,0,Peta/GPS/navigasi,0,Waktu/jam/alarm,0,Kalkulator,0,Video/menonton/menonton film/netflix/YouTube/bokep/porn/TV,0,Cuaca/prakiraan cuaca/perkiraan cuaca,0,Belanja/belanja online,0,,,,,,
Sebutkan platform sosial media,0087,Instagram/IG,32,Facebook/FB/messenger,25,Snapchat/snap,18,Twitter,12,TikTok/Musically/Tik Tok,8,YouTube/yutub,5,Reddit,0,Tumblr,0,Discord,0,Houseparty,0,Itsme,0,Bigo,0,Telgram/telegram,0,Yolo,0,Yubo,0,LinkedIn,0,WhatsApp/WA,0,Pinterest,0,Kik,0,MySpace,0,Tinder,0,,
Sebutkan nama putri Disney,0004,Cinderella,24,Elsa/frozen,21,Ariel/little mermaid/putri duyung,15,Snow White/Putri Salju,14,Tiana/Tina/Putri dan katak/Princess and the frog/Pangeran katak,14,Belle/beauty and the beast/bella/si cantik dan si buruk rupa,12,Anna/ana,0,JasmineyasminJasminPutri Aladin,0,Sleeping Beauty/putri tidur/aurora,0,Mulan,0,Rapunzel/Tangle,0,Moana,0,Pocahontas,0,Merida,0,,,,,,,,,,,,,,,,
Sebutkan nama alat musik,0060,Drum,29,Piano/Keyboard,18,Gitar/gitar elektrik/bass,15,Terompet/trompet,14,Seruling/suling,14,Biola,10,Klarinet,0,Tuba,0,Trombone/Trombon,0,Saxophone/saksofon/sax,0,Triangle/segitiga,0,Harpa,0,Cello/celo,0,Terompet Prancis/trompet prancis,0,Banjo,0,Harmonika,0,,,,,,,,,,,,
Sebutkan sesuatu yang dibeli jutawan untuk bersenang-senang,0000,Mobil/truk/limosin,31,Rumah/apartemen/apartmen/tempat tinggal/gedung/bangunan,28,Sepatu,16,Kapal/perahu/kapal layar/yacht,10,Baju/pakaian/gaun/kostum/jas/setelan/gucci,8,Handphone/ponsel/smartphone/HP/hape,7,Tas/tas kecil,0,Pesawat/jet/pesawat pribadi/pesawat jet/pesawat terbang,0,Perhiasan/permata/cincin/batu mulia,0,TV/televisi,0,Rambut,0,Hewan Peliharaan/binatang/anjing/kucing,0,Jam Tangan/jam,0,Game/mainan/video game/konsol/konsol game,0,Perjalanan/liburan/melancong/Jalan-jalan,0,Elektronik/komputer/laptop/PC,0,Helikopter,0,,,,,,,,,,
Sebutkan sesuatu yang sering membuatmu mengantuk,0024,Nonton TV/menonton TV/TV/video/netflix/youtube,48,Membaca/membaca buku/novel,27,Sekolah/PR/tugas/mengerjakan PR/mengerjakan tugas,10,Kerja/bekerja/pekerjaan,6,Menyetir/berkendara,5,Makan/makanan/restoran/rumah makan/tempat makan,4,Lari - Jalan/berlari/berjalan/jalan kaki,0,Bermain/game/video game,0,Minum-minum/minum/alkohol,0,Telepon/telpon/menelepon/menelpon/menerima telepon/menghubungi orang,0,Berbaring/rebahan,0,Bersih-bersih,0,Bicara/mengobrol/berbincang,0,Film/bioskop/nonton film/menonton film,0,Masak/memasak,0,Tidur,0,,,,,,,,,,,,
Sebutkan sesuatu yang dibuat pesulap menghilang,0016,Kelinci,31,Orang/manusia/penonton,25,Kartu/kartu as,16,Topi,10,Uang/uang kertas/uang koin,10,Burung/unggas/merpati,8,Asisten,0,Bunga/mawar,0,Diri Sendiri/mereka sendiri/pesulap,0,Makanan,0,Kertas,0,Tongkat/tongkat sihir,0,Kucing,0,Kotak,0,Anjing,0,,,,,,,,,,,,,,
Sebutkan benda-benda yang kamu temukan di pantai,0076,Pasir,32,Orang/anak-anak,26,Laut/air/air laut,17,Ikan/hiu,10,Cangkang/kerang,8,Camar/burung/burung camar,7,Kepiting,0,Payung/parasol,0,Handuk,0,Tabir Surya/sunblock,0,Penjaga Pantai,0,Pohon Palm/palem/pohon kelapa/kelapa,0,Ombak/gelombang,0,Kursi Dek/kursi santai/kursi berjemur/kursi,0,Istana Pasir,0,Makanan/Es Krim,0,Rumput Laut,0,Bola/bola pantai,0,Matahari,0,Batu,0,Sampah,0,Ubur-ubur,0
Apa yang bisa kamu gantung di dinding?,0044,Gambar/poster/foto/pigura/bingkai foto,33,TV/televisi,29,Cermin/kaca,12,Jam,11,Lampu Dinding/lampu,8,Lukisan/karya seni/mural/bingkai,7,Piringan/plakat,0,Kalender,0,Whiteboard/Papan putih/papan tulis/papan,0,Radiator/pemanas/pemanas ruangan,0,Gantungan Baju/dudukan topi/gantungan/baju/mantel/jaket,0,Wallpaper/Kertas dinding,0,Tanaman/bunga,0,Peta,0,Rak,0,Kunci,0,Tirai/Korden/gorden,0,Kertas,0,,,,,,,,
Apa yang bisa kamu temukan di tas tangan wanita?,0089,Makeup/alat rias/lipstik/gloss/maskara/celak mata/lipgloss/lipbalm,25,Uang/uang kertas/uang koin/kartu kredit/kartu ATM,20,Handphone/ponsel/smartphone/HP/hape,17,Dompet,16,Kunci/kunci mobil/kunci motor/kunci rumah,12,Pembalut/tampon,10,Sisir/sisir rambut,0,Tisu/serbet kertas/serbet/lap/kain lap/sapu tangan,0,Cermin/kaca,0,Pena/pulpen/bolpen/bolpoin,0,KTP/tanda pengenal/kartu identitas/paspor,0,SIM,0,Masker,0,Hand Sanitizer/pensanitasi tangan/gel alkohol,0,Permen Karet/permen mint,0,Kacamata/kaca mata/kacamata hitam,0,Parfum,0,Permen,0,Losion/lotion/pelembab,0,Charger/pengisi daya,0,Makanan,0,Tisu Basah,0
Sebutkan genre-genre film,0184,Action/aksi/eksyen,24,Comedy/komedi,24,Horror/horor,17,Romance/romantis/romansa,15,Thriller/triller/triler/thriler,12,Sci-fi/science fiction/sains fiksi/fiksi sains/si-fi,8,Crime/kriminal/kejahatan/gangster/gengster,0,Adventure/petualangan/berpetualang/petualang,0,Drama,0,Musical/musikal/musik,0,Politik,0,Fantasi/pahlawan/pahlawan fantasi,0,Perang/pertempuran,0,Kartun/animasi,0,Barat/koboi,0,Biografi,0,Misteri,0,,,,,,,,,,
Sebutkan sayuran berwarna hijau,0051,Selada/Salad,19,Brokoli,19,Kacang Polong/kacang kapri,19,Mentimun/Timun,17,Kacang Buncis/buncis,16,Kubis/Kol,10,Bayam,0,Paprika,0,Asparagus,0,Kale/sawi hijau,0,Acar,0,Kubis Brussel/kubis mini/kol mini,0,Zucchini,0,Alpukat/apukat/apokat,0,,,,,,,,,,,,,,,,
Sebutkan nama penyihir terkenal,0067,Harry Potter/Harry/potter,42,Wizard of Oz/Penyihir Oz/Oz,17,Dumbledore/Profesor Albus Dumbledore/Albus Dumbledore/albus,14,Merlin/merlin sang penyihir/merlin si penyihir,13,Gandalf/gandalf si putih,8,Voldemort/lord voldemort/lord,6,Dr. Strange/doctor strange/strange/doc strange,0,Ron/ron weasley/weasley,0,Alex Russo/Alex,0,Saruman,0,Hagrid/Rubeus Hagrid/Rubeus,0,Hermione/hermione granger/granger/Herminy,0,Yoda,0,Snape/snake/Profesor Severus Snape/Severus Snape/severus,0,Houdini,0,,,,,,,,,,,,,,
Sebutkan sesuatu yang dikoleksi penggemar dari penyanyi favorit mereka,0033,Musik/album/lagu/CD/rekaman/kaset,48,Baju/kaos/kemeja/celana/kaus kaki/kaos kaki,15,Tanda Tangan,11,Gambar/foto,10,Poster,10,Rambut,6,Merch/merchandise,0,Sepatu,0,Tiket,0,Pelukan,0,Pena/pulpen/bolpen/bolpoin,0,,,,,,,,,,,,,,,,,,,,,,
Sebutkan sesuatu yang terbang,0095,Serangga/lalat/lebah,38,Pesawat terbang/jet/pesawat pribadi/pesawat jet,25,Burung/elang/burung hantu/bebek,22,Helikopter,7,Balon Udara,5,Layang-layang/layangan,3,Parasut/penerjun payung,0,Waktu,0,Kelelawar,0,Pesawat Luncur,0,Drone,0,Pesawat Luar Angkasa/pesawat ulang alik/roket,0,Pesawat Kertas,0,Balon/balon helium,0,Pahlawan Super/pahlawan/superman,0,Zeppelin,0,Kertas,0,Manusia/orang,0,,,,,,,,
Sebutkan hewan yang muncul di The Lion King,0086,Singa,35,Burung/toucan/burung enggang,19,Monyet/mandrill/babon/babun,15,Gajah,11,Hyena,10,Harimau,10,Badak/badak hitam,0,Kuda Nil,0,Zebra,0,Gazelle,0,Jerapah,0,Kerbau,0,Wildebeest/gnu,0,Buaya,0,Burung Unta/burung onta,0,Meerkat,0,Babi Hutan,0,Babi,0,Cheetah,0,Puma/macan kumbang,0,Ular,0,Serangga,0
Sebutkan sesuatu yang tajam,0052,Pisau/belati,42,Pensil/pena/pulpen/bolpen/bolpoin,26,Gunting,9,Paku,9,Kaca,8,Pedang/golok,6,Duri,0,Sekrup,0,Jarum,0,Panah/anak panah,0,Pin/paku payung/peniti/pines,0,Gergaji Mesin,0,Gergaji,0,Rautan/rautan pensil/orotan,0,Garpu,0,Pisau Cukur/alat cukur/cukuran,0,Kapak/kampak,0,Cutter,0,Gigi,0,Besi,0,Palu,0,Pikiran/pemikiran,0
Sebutkan sesuatu yang akan membuat pasanganmu marah jika berlebihan,0021,Tidur/istirahat,30,Makan/makanan,21,Menghabiskan Uang/Belanja/shopping/shoping,18,Bicara/berbicara,16,Minum-minum/minum,9,Nonton TV/menonton TV/TV,6,Kerja/bekerja,0,Selingkuh,0,Ponsel/hape/HP,0,Teriak/berteriak,0,Merokok/rokok,0,Sering Keluar/keluar/jalan-jalan,0,Bermain/main/game/video game,0,Bohong/berbohong,0,Seks/berhubungan intim,0,Bertarung/berkelahi,0,,,,,,,,,,,,
Sebutkan nama karakter dari Harry Potter saga,0007,Harry Potter/Harry/potter,50,Ron/ron weasley/weasley,15,Draco Malfoy/Draco/malfoy,14,Hermione/hermione granger/granger/Herminy,8,Voldemort/lord voldemort/lord,7,Snape/snake/Profesor Severus Snape/Severus Snape/severus,6,Dumbledore/Profesor Albus Dumbledore/Albus Dumbledore/albus,0,Hagrid/Rubeus Hagrid/Rubeus,0,Luna,0,Ginny,0,Dobby,0,Hedwig/Burung Hantu,0,Neville/Neville Longbottom/Longbottom,0,Sirius Black/Sirius/Black,0,Fred Weasley/fred,0,,,,,,,,,,,,,,
Sebutkan sesuatu yang bisa kamu duduki,0092,Kursi/tempat duduk/kursi kantor,31,Sofa,18,Kasur/tempat tidur,18,Lantai/tanah,15,Mobil/kursi mobil,9,Meja,9,Kursi Panjang,0,Kursi Bilik/bangku gereja,0,Pantat/bokong,0,Bean Bag/dingklik/kursi kecil,0,Pangkuan/orang/manusia/paha,0,Meja Tulis/meja belajar,0,Bantal,0,Toilet/kloset,0,Ayunan,0,Kursi Malas,0,Rumput,0,Konter,0,Tangga/anak tangga,0,Bus,0,Bangku,0,Kursi Tangan/kursi berlengan,0
Sebutkan sesuatu yang kamu tahu palsu dalam film murahan,0019,Cinta/seks/keintiman,45,Akting/aktor/artis/bintang/karakter/emosi/komedi/menangis/air mata/tertawa/tawa,16,Darah/luka/berdarah/kekejaman,15,Monster/makhluk/makhluk buas/alien/iblis/hantu/naga/penyihir,11,Makanan,7,Pertarungan/perkelahian/berkelahi/bertarung,6,Pemandangan/setting/seting/dekorasi/latar belakang/rumah,0,Uang,0,Mobil,0,Kematian/pembunuhan/membunuh/sekarat,0,Pistol/senjata/pisau,0,Hewan/binatang,0,Properti/alat bantu,0,Rambut,0,Kekuatan/sihir,0,Penjahat/pembunuh/orang jahat,0,,,,,,,,,,,,
Sebutkan jenis-jenis hewan peliharaan,0061,Kucing/anak kucing,35,Anjing/anak anjing,31,Ikan/ikan mas,11,Hamster,9,Ular,8,Burung,6,Kelinci,0,Kadal/Iguana,0,Kura-kura,0,Kuda,0,Babi,0,Tikus Kecil/tikus putih,0,Tikus,0,Monyet,0,Marmut/Marmot,0,Laba-laba,0,,,,,,,,,,,,
Sebutkan sesuatu yang dilawan oleh kesatria dalam dongeng,0012,Naga,33,Laki-laki - Perempuan/laki-laki/perempuan/manusia/orang,26,Monster/makhluk/makhluk buas/hewan buas,17,Penyihir,10,Kesatria,8,Binatang/hewan/serigala/beruang,6,Ogre,0,Raja,0,Troll,0,Raksasa/titan,0,Cinta,0,Kejahatan,0,Tuan putri,0,Hantu,0,Orang Jahat/Penjahat,0,Zombimayat hidup,0,Iblis/setan,0,,,,,,,,,,
Apa yang bisa kamu temukan di rumah hantu?,0074,Hantu/bayangan/arwah/roh,34,Monster/makhluk/makhluk buas/hewan buas,17,Laba-laba/Jaring laba-laba/sarang laba-laba,16,Darah,13,Manusia/orang,12,Badut,8,Mumi,0,Debu/kotoran,0,Lampu,0,Mempelai Kepala Buntung/mempelai wanita/hantu mempelai wanita,0,Tikus,0,Cermin/kaca,0,Zombi/mayat hidup,0,Pembunuh Berantai/pembunuh,0,Tengkorak/kerangka manusia/tulang,0,Vampir/drakula,0,Iblis/setan,0,Kadaver/mayat/tubuh manusia/orang mati,0,Penyihir,0,Serangga,0,Pisau,0,Kelelawar,0
Sebutkan nama benda yang berpasangan,0075,Sepatu/sneaker/sepatu bot,31,Kaus Kaki/kaos kaki,24,Tangan,13,Telapak Kaki,13,Telinga/kuping,12,Sarung Tangan,7,Lengan,0,Mata,0,Kaki,0,Dada/payudara,0,Gunting,0,Pantat/bokong,0,Kacamata/kaca mata/kacamata hitam,0,Celana Panjang/celana/celana jin,0,Baju/Pakaian,0,Kembar/Orang Kembar,0,Anting-anting/tindik,0,Manusia/pasangan/pacar,0,Makanan,0,,,,,,
Sebutkan nama produsen mobil Amerika,0083,Ford,38,Jeep,16,Chevrolet/chevy,15,Tesla,12,Dodge,11,GMC,8,Buick,0,Cadillac,0,Lincoln,0,Ram,0,Chrysler,0,Pontiac,0,Mustang,0,,,,,,,,,,,,,,,,,,
Sebutkan benda-benda yang bergerak naik turun,0093,Tangga,27,Pesawat/pesawat terbang,20,Elevator/lift,18,Ayunan/jungkat-jungkit,13,Bola,13,Eskalator,9,Komedi Putar/komidi putar/kuda komedi putar/kuda komidi putar,0,Resleting/risleting,0,Roller Coaster/wahana,0,Tongkat Pogo,0,Yo-yo/yoyo,0,Mood/emosi/moral/perasaan/semangat/kebahagiaan,0,Termometer/temperatur/suhu/cuaca,0,Helikopter,0,Balon Udara/balon,0,Perosotan,0,Tangga,0,Burung,0,Berat/bobot,0,Mobil,0,Waktu,0,Bukit,0
Sebutkan sesuatu yang bergerak sangat lambat,0094,Bekicot/keong,35,Orang Tua/Orang sepuh/tua renta/sesepuh,30,Kura-kura/penyu,17,Sloth,8,Cacing,5,Bayi/anak-anak/balita,5,Orang Mabuk,0,DMV/Departemen Kendaraan Bermotor/Samsat,0,Tumbuhan/tanaman,0,Bongkahan EsGlasierGletser,0,Melahirkan/proses melahirkan/Persalinan,0,Surat,0,Waktu,0,Koala,0,Antrian/antrean,0,Gajah,0,Siput,0,,,,,,,,,,
Sebutkan sesuatu yang ditawarkan pada penerbangan,0096,Snack/jajan/jajanan/makanan/nampan,30,Alkohol/sampanye/vodka/wiski/bir/anggur/rum/koktail,23,Minuman Ringan/air/soda,19,Majalah/koran/surat kabar,10,Film/film seri/seri/kartun,10,Headphone/headset,8,Kursi/Tempat Duduk/kursi yang tidak nyaman,0,Bagasi/Penyimpanan/penyimpanan barang/bagasi di atas kepala,0,Bantal,0,Selimut,0,Kamar Mandi/kamar kecil/toilet,0,Kantung Plastik/kantung/kantong plastik/kresek,0,Handuk/handuk basah,0,,,,,,,,,,,,,,,,,,
Sebutkan sesuatu yang berkaitan dengan Superman,0097,Jubah/sayap,35,Kekuatan/kuat/kekuatan super/otot besar/berotot,22,Pahlawan Super/pahlawan,13,Clark Kent/clark/kent,11,Lois Lane/lois/lane,10,Kostum/celana ketat/celana dalam/celana pendek,9,Kryptonite/Krypton,0,Terbang,0,Huruf S/S,0,Lex Luthor/Lex/Luthor,0,Smallville,0,Kacamata/kaca mata,0,The Daily Planet/Daily Planet,0,Jurnalis/wartawan,0,Metropolis,0,Komik DC/DC,0,,,,,,,,,,,,
Sebutkan hobi seorang kutu buku,0005,Membaca/membaca buku/novel,30,Video Game/game/bermain game,18,Belajar/bekerja/kerja/sekolah,16,Ilmu Pengetahuan/matematika/ilmu,13,Catur,13,Halma,10,Nonton Film & Seri/nonton tv/menonton tv/TV/netflix/video/youtube/film/bioskop/acara tv/seri/anime,0,Komputer/kode/coding/pengkodean,0,Ponsel/hape/HP,0,Komik/buku komik,0,Permainan Papan/permainan peran/kartu/permainan kartu/Dungeons and dragons,0,Band/musik/marching band,0,Olahraga/olah raga/tenis/sepak bola/golf/hoki/basket,0,Cosplay,0,Teknologi,0,,,,,,,,,,,,,,
Di mana anak-anak menghabiskan sebagian besar waktu mereka?,0064,Di Luar/kebun/taman/taman bermain/lapangan,31,Rumah/di dalam ruangan/di dalam rumah,24,Kamar Tidur/kamar/tempat tidur/kasur/tidur,17,Sekolah/perpustakaan/kelas,16,Mall/pusat perbelanjaan/toko mainan,7,Rumah Teman/teman/dengan teman,5,Lapangan Olahraga/lapangan bermain/stadion/lapangan/gym,0,Bioskop/bioskop film,0,Dapur/makan,0,Mobil,0,Kamar Mandi/mandi,0,Ruang Keluarga/ruang tv/menonton tv/nonton tv/sofa,0,Kolam/kolam renang,0,Rumah Saudara/kakek nenek/keluarga/orang tua,0,Pesta,0,Gereja,0,,,,,,,,,,,,
Sebutkan sesuatu yang berkaitan dengan penyihir,0098,Sapu,43,Topi/topi hitam,18,Kuali,14,Baju Hitam/pakaian hitam/gaun hitam/gaun,9,Kucing Hitam/kucing,9,Kutil,7,Ramuan/obat,0,Mantra/mantera/sihir,0,Halloween,0,Labu,0,Hidung Bengkok/hidung,0,Jelek/buruk rupa,0,Jaring Laba-laba/jaring/laba-laba,0,,,,,,,,,,,,,,,,,,
Sebutkan sesuatu yang dilakukan di akhir pekan,0014,Tidur/istirahat,23,Pesta,21,Makan Di Luar/Restoran/makan/makanan/makan malam/piknik,16,Belanja/shopping/shoping/mall,14,Bermain/Video Game/bermain game/game,14,Teman & Keluarga/mengunjungi teman/menemui teman/pergi keluar/mengunjungi keluarga/menengok keluarga/keluar dengan teman/nongkrong,12,Olahraga/latihan/berolahraga/basket/gym/berenang/jalan-jalan,0,Menonton TV/Nonton TV/TV/Netflix/video/youtube/seri/acara tv/menonton acara tv,0,Bepergian/perjalanan/liburan/jalan-jalan,0,Santai/bersantai/tidak ada,0,Membersihkan Rumah/beres-beres/bersih-bersih/pekerjaan rumah,0,Kerja/bekerja/belajar/mengerjakan PR/pekerjaan rumah,0,Membaca/baca,0,Gereja,0,Pergi ke luar/jalan-jalan/taman/pantai/kemah/bermain di luar/keluar,0,Klub/Menari/dansa/berdansa,0,Minum,0,Bioskop/menonton film,0,,,,,,,,
Sebutkan sesuatu yang berisik,0008,Mobil/truk/limosin,37,Musik/drum/terompet/trompet/gitar,19,Pesawat/jet/pesawat pribadi/pesawat jet/pesawat terbang,14,Anak-anak/bayi/balita,13,Hewan/binatang/anjing,9,TV/televisi,8,Kembang Api/Petasan,0,Kereta/kereta api,0,Terompet Prancis/trompet prancis,0,Bus,0,Orang/kerumunan/manusia,0,Pistol/senjata/senapan,0,Ponsel/hape/HP,0,Truk,0,Radio,0,Bom/peledak,0,Helikopter,0,,,,,,,,,,
Di suatu pesta di mana kamu tidak kenal siapa pun$ bagaimana kamu menghabiskan waktu?,0018,Minum-minum/minum/alkohol,24,Bicara/mengobrol/berbincang/memperkenalkan diri/berkomunikasi,19,Menari/dansa/berdansa,18,Makan/makanan/buffet,16,Handphone/ponsel/smartphone/HP/hape,13,Tidur,10,Bermain/video game/game/bermain game,0,Nonton TV/menonton TV/TV,0,Mendengarkan Musik/Musik/Lagu/mendengarkan lagu,0,Pergi/pulang,0,Nyanyi/bernyanyi,0,Membaca/membaca buku,0,Kamar Mandi/kamar kecil,0,Jalan/berjalan,0,Merokok,0,Pesta/berpesta,0,,,,,,,,,,,,
Sebutkan sesuatu yang dibutuhkan perompak,0188,Kapal/kapal perompak/kapal bajak laut,30,Harta karun/emas/harta/peti harta karun/peti harta,23,Kru/anggota/anak buah/wakil kapten/wakil,19,Topi/topi bajak laut/bandana/penutup kepala,10,Peta/peta harta/peta harta karun,10,Pedang/belati,8,Burung kakak tua/burung peliharaan/burung/peliharaan,0,Penutup mata/tutup mata,0,Kompas/penunjuk arah,0,Bendera/bendera tengkorak/tengkorak,0,Papan kayu/papan lompat/papan,0,,,,,,,,,,,,,,,,,,,,,,
Apa yang bisa kamu lihat di langit?,0230,Matahari,35,Awan,19,Burung/merpati,15,Pesawat/pesawat terbang/kapal terbang,11,Bulan,10,Bintang/bintang jatuh,10,Layang-layang/layangan,0,Hujan/air hujan/rintik hujan,0,Helikopter/heli,0,Balon/balon udara,0,Salju/butir salju,0,Planet/rasi/rasi bintang/konstelasi,0,Komet/meteor,0,Satelit,0,,,,,,,,,,,,,,,,
Sebutkan hadiah yang cocok untuk anak-anak kalau kamu tidak tinggal bersama mereka,0038,Mainan/boneka,33,Hewan Peliharaan/anjing/kucing,22,Drum,17,Mobil Mainan/mobil-mobilan,10,Permen,10,Baju/Pakaian,8,Gitar,0,Terompet Prancis/trompet prancis/terompet/trompet,0,Pistol Mainan/pistol-pistolan,0,Ponsel/tablet/hape/HP,0,Piano,0,Makanan,0,Teddy Bear/Beruang Teddy/boneka beruang,0,Sepeda,0,TV/televisi,0,Video Game/game,0,,,,,,,,,,,,
Sebutkan pekerjaan yang membolehkan berteriak di tempat kerja,0027,Olahraga/pelatih/gym,30,Guru/sekolah/kepala sekolah,25,Polisi,17,Konstruksi/tukang/mandor/pekerja konstruksi,11,Pemadam Kebakaran/damkar,9,Pengacara/hakim,8,Makelar/makelar saham/pialang,0,Pelelang/juru lelang,0,Aktor/akting,0,Bos/manajer,0,Tentara/prajurit/serdadu,0,Penyanyi,0,Dokter,0,,,,,,,,,,,,,,,,,,
Sebutkan sesuatu yang dibagikan dengan bangga di Facebook,0035,Keluarga/anak-anak/orang tua/orangtua/istri/pasangan,43,Gambar/foto,28,Pekerjaan/profesi,10,Umur/usia,8,Teman/kawan,6,Makanan,5,Status Hubungan/Hubungan,0,Hidup/kehidupan/gaya hidup,0,Video,0,Hewan Peliharaan/anjing/kucing/binatang,0,Ulang Tahun,0,Meme,0,Mobil,0,Pernikahan,0,Nama/nama asli,0,,,,,,,,,,,,,,
Selain pisau$ sebutkan sesuatu yang kamu temukan di pisau Swiss army/pisau serbaguna,0031,Obeng/sekrup,36,Pembuka Tutup Karet,16,Gunting,14,Gagang/pegangan,12,Pembuka Botol/Pembuka,12,Kikir/Kikir Kuku,10,Pembuka Kaleng,0,Palu,0,Tusuk Gigi,0,Penjepit/pinset,0,Garpu,0,Tang,0,,,,,,,,,,,,,,,,,,,,
Nama siapa yang biasanya ditato seseorang?,0068,Ibu/mama/bunda/ibunda,33,Istri/pasangan,22,Anak/anak laki-laki/anak perempuan,21,Ayah/bapak/papa/ayahanda,10,Kakak/adik perempuan,7,Pacar/pasangan/wanita,7,Kakek - Nenek/kakek/nenek,0,Hewan Peliharaan/anjing/kucing,0,Teman/sahabat/sobat/kawan,0,Kakak/adik laki-laki,0,Tuhan/Yesus,0,,,,,,,,,,,,,,,,,,,,,,
Sebutkan sesuatu yang dibawa anak kecil ke mana-mana,0034,Mainan,33,Selimut,19,Teddy Bear/Beruang Teddy/boneka beruang/boneka binatang,13,Makanan/jajan/jajanan,13,Ponsel/tablet/hape/HP,12,Botol/susu,10,Orang Tua/ibu/ayah/orangtua,0,Buku,0,Mainan Kerincingan/Mainan Gemerincing/Mainan Kemerincing,0,Boneka/boneka bayi,0,,,,,,,,,,,,,,,,,,,,,,,,
Sebutkan sesuatu yang dilarang di sebagian besar kolam renang,0041,Pipis/urin/buang air kecil,27,Menyelam/melompat/lompat,20,Makanan/makan/snack/jajan,16,Berlari/lari,14,Minum-minum/minum,14,Buang air besar/BAB/pup,9,Sepatu,0,Telanjang,0,Baju/Pakaian/baju jalanan,0,Mainan,0,Seksberhubungan intimberhubungan badan,0,Rakitmendayung,0,Hewan Peliharaan/anjing/kucing,0,Tenggelam,0,Teriak/berteriak,0,Memercikkan Air/membuat cipratan/membuat percikan air/menyipratkan air,0,Dot/dot bayi,0,,,,,,,,,,
Sebutkan jenis tarian yang ditampilkan di kompetisi menari,0042,Balet/tarian klasik,21,Tep/tap dance,17,Hip Hop/breakdance/robot/gaya bebas/tarian jalanan,16,Salsa,16,Tango,16,Jazz/Tarian Jazz,14,Swing/dansa swing/tarian swing,0,Waltz/aula tari/aula dansa,0,Pop,0,Kontemporer/tarian kontemporer,0,Square/tarian square,0,Samba,0,Polka,0,,,,,,,,,,,,,,,,,,
Sebutkan sesuatu yang dilakukan banyak orang satu kali dalam seminggu,0065,Belanja/shopping/shoping/mall/pusat perbelanjaan,28,Membersihkan Rumah/beres-beres/bersih-bersih/pekerjaan rumah/mencuci,18,Olahraga/latihan/berolahraga/basket/gym/berenang/jalan-jalan,16,Makan Di Luar/Restoran/makan/makan malam/piknik/bbq,14,Gereja/kebaktian/pergi ke gereja,13,Kerja/bekerja/belajar/mengerjakan PR/PR,11,Mencuci BajuLaundryPenatu,0,Tidur/istirahat,0,Pesta,0,Bermain/Video Game/bermain game/game,0,Santai/bersantai/tidak ada,0,Menonton Film & Seri/menonton tv/netflix/video/youtube/film/teater/bioskop,0,Bepergian/perjalanan/liburan,0,Teman & Keluarga/mengunjungi teman/menemui teman/pergi keluar/mengunjungi keluarga/menengok keluarga/keluar dengan teman/nongkrong,0,Mencuci Mobil/Mencuci Motor,0,Klub/Menari/dansa/berdansa,0,Minum,0,,,,,,,,,,
Kenapa seseorang terbangun pukul 2 pagi?,0066,Lapar - Haus/lapar/haus/makanan/dapur/makan/minum/air/snack/susu,26,Kamar Mandi/pipis/toilet/buang air kecil/BAB/buang air besar/kamar kecil,24,Kerja/bekerja,15,Telepon/telpon/menelepon/menelpon/menerima telepon/menghubungi orang,15,Anak/bayi,14,Mimpi Buruk/Mimpi/Takut,6,Tidak Bisa Tidur/Tidak Lelah/Tidak Mengantuk/Insomnia,0,Alarm,0,Mendengar Suara/bising/suara keras/berisik,0,Panas - Dingin/hangat/kedinginan/kepanasan/gerah,0,TV/menonton TV,0,Sakit/kesakitan,0,Anjing/hewan peliharaan/kucing/binatang,0,Sekolah,0,Darurat/kondisi darurat/kebakaran,0,Pasangan - Suami/Pasangan/Suami,0,Seksberhubungan intimberhubungan badan,0,,,,,,,,,,
Sebutkan karakter Star Wars,0009,Darth Vader/Lord Vader/Anakin skywalker/anakin/vader/darth/dark,35,Luke Skywalker/Luke/Skywalker/luck/like,28,Yoda,15,Leia/putri leia/leia skywalker/Princess/Laya/lea,8,Han Solo/solo/han/yan solo,8,R2D2/D2R2/D2/R2,6,Chewbaca/Chewbacca/chewie/chewy/chewee/wookiee/chubaca,0,Rey,0,Obi-Wan Kenobi/Obi-Wan/kenobi/ben/obi,0,Darth Maul/Maul,0,C3PO,0,BB8,0,Kylo Ren/Kylo/ren,0,Boba Fett/boba/fett,0,Baby Yoda,0,,,,,,,,,,,,,,
Sebutkan sesuatu yang paling sering membuat laki-laki berbohong,0023,Uang,25,Selingkuh/perselingkuhan,18,Pekerjaan/profesi/jabatan,17,Wanita/cinta/seks/pacar,16,Umurusia,13,Tinggi badan/tinggi,11,Keluarga/anak-anak/istri/pasangan,0,Status Hubungan/Hubungan/jomblo,0,Berat/bobot,0,Mobil,0,Rumahtempat tinggal,0,Minum,0,Ukuran,0,Temankawan,0,PonselhapeHP,0,,,,,,,,,,,,,,
Sebutkan sesuatu yang ada pada burger,0201,Daging sapi/daging,34,Patty/roti,19,Keju,18,Tomat,17,Bawang bombay/bawang bombai/bombay/bombai,6,Bacon/bakon,6,Saus tomat/ketchup,0,Mustard/mustar,0,Mayo/mayonnaise/mayonaise/mayones,0,Selada/lettuce,0,,,,,,,,,,,,,,,,,,,,,,,,
Sebutkan nama hewan ternak,0217,Sapi,35,Kuda,30,Babi,11,Domba,11,Ayam,9,Kelinci,4,Kambing,0,Kerbau,0,Keledai,0,Kambing,0,Ram,0,Kucing,0,Anjing,0,Kalkun/ayam kalkun,0,,,,,,,,,,,,,,,,
Sebutkan resolusi tahun baru,0107,Gym/olahraga,31,Mempelajari sesuatu/belajar sesuatu/belajar hal baru/belajar,24,Berhenti merokok,13,Makan lebih sehat/sehat/lebih sehat/pola makan sehat/perbaikan pola makan,13,Mendapat pekerjaan/mendapat kerja/kerja/berkarir/karir,12,Berhenti mengejek/berhenti mengolok/berhenti menghina,7,Meningkatkan kinerja/produktivitas,0,Mempunyai anak/punya anak/mempunyai keturunan/punya keturunan,0,Menikah,0,Membuat sesuatu/menghasilkan sesuatu/menciptakan sesuatu,0,Belajar musik/membuat karya/membuat karya musik/mempelajari musik,0,Menyimpan uang/menabung,0,,,,,,,,,,,,,,,,,,,,
Sebutkan topping piza,0100,Keju,24,Tomat/saus tomat/pasta tomat,24,Zaitun/olive,17,Ayam/daging ayam,15,Bacon/bakon,12,Pepperoni/peperoni,8,Paprika,0,Daging sapi/daging,0,Nanas,0,Saus bbq/bbq,0,Mozarella/mozarela/moza/mozza,0,Udang,0,Salmon/ikan salmon,0,Bakso,0,,,,,,,,,,,,,,,,
Sebutkan bencana-bencana besar,0111,Corona/pandemi/covid/korona/covid-19/covid 19,38,Pemanasan global/global warming,16,Tsunami/sunami,15,Tornado,12,Gempa bumi/gempa,11,Badai/angin topan/topan/taifun,8,Banjir,0,Longsor salju/longsor/tanah longsor,0,Gunung meletus,0,,,,,,,,,,,,,,,,,,,,,,,,,,
Sebutkan kegiatan di musim hujan,0113,Tetap di rumah/di rumah,27,Tidur,20,Main air/hujan-hujanan/main hujan,18,Memakai jas hujan/memakai payung/payung,13,Mengangkat pakaian/mengangkat jemuran,13,Minum hangat/minum minuman hangat/minum teh/minum teh panas,9,Berteduh/meneduh,0,Membaca buku/baca buku,0,Video game/main video game/main game/bermain video game/bermain game,0,Menonton TV/series/Netflix/nonton TV,0,,,,,,,,,,,,,,,,,,,,,,,,
Sebutkan kegiatan di musim kemarau,0114,Pergi ke pantai/ke pantai/pantai,35,Mendaki gunung/naik gunung,30,Pesta,17,Jalan/jalan-jalan/berpergian,8,Berenang/renang,5,Berlari/lari/jogging,5,Sungai,0,Berjemur,0,Taman/pergi ke taman,0,Olahraga/olah raga/basket/sepak bola,0,Kemah/berkemah,0,Makan es krim/es krim,0,Liburan/wisata,0,Memancing,0,Naik sepeda/bersepeda,0,,,,,,,,,,,,,,
Sebutkan nama-nama mata pelajaran,0115,Matematika/mat,30,Bahasa Inggris/bahasa prancis/bahasa asing,23,Biologi/bio/IPA,19,Fisika,10,Sejarah,10,Geografi,8,Ekonomi,0,Seni,0,Musik/seni musik,0,Teknologi/Teknologi informasi/TIK/TI,0,Olahraga/olah raga/OR,0,,,,,,,,,,,,,,,,,,,,,,
Sebutkan rasa-rasa donat,0118,Cokelat/coklat,35,Strawberry/stroberi,22,Kacang tanah/kacang,13,Vanila,11,Kopi,10,Lemon,9,Blueberry/bluberi,0,Raspberry/raspberi/rasberi,0,Pistachio/pistacio/pistasio,0,Almond/almon/kacang almond,0,Kacang,0,Jeruk,0,Kelapa,0,Pir/pear,0,,,,,,,,,,,,,,,,
Apa yang bisa kamu isi ulang?,0128,Laptop/komputer,30,Ponsel/HP/iphone/smartphone/hape,18,Baterai/batere/batrei/batre,16,Mobil/truk/mobil listrik,13,Headphone/airpod/headset,13,Tablet/tab/iPad,10,Speaker/spiker/pengeras suara,0,Lampu,0,Generator,0,Konsol/console/konsol game,0,Vacuum/vacuum cleaner/vakum cleaner,0,Controller/kontroler/joystick,0,,,,,,,,,,,,,,,,,,,,
Apa yang kamu lakukan sebelum tidur?,0129,Memakai piyama/mengenakan piyama/piyama,31,Skincare/merawat kulit/perawatan kulit/perawatan,24,Sikat gigi/menyikat gigi/menggosok gigi/gosok gigi,17,Menghapus makeup/menghapus riasan,16,Mandi,7,Mandi,5,Makan/makan malam,0,Minum,0,Menonton TV/nonton TV/Netflix,0,Bermain ponsel/main ponsel/hape/main HP,0,Video game/main game/bermain game,0,Membaca/baca,0,Pelukan/peluk/memeluk,0,,,,,,,,,,,,,,,,,,
Apa yang bisa kamu lihat di Kutub Utara?,0223,Salju,32,Beruang kutub/beruang,27,Santa/Sinterklas,18,Igloo/iglo/rumah es,9,Es,9,Bintang,5,Peri,0,Rubah/rubah kutub,0,Dingin,0,Butir salju,0,Aurora/aurora borealis,0,Rusa kutub/rusa,0,Narwhal/narwhale/paus bertanduk,0,Walrus/singa laut,0,Anjing laut,0,Kelinci/kelinci kutub,0,Serigala/serigala kutub,0,Inuit/suku inuit,0,,,,,,,,
Sebutkan hewan-hewan berukuran besar,0145,Paus/ikan paus,23,Gajah,21,Badak,16,Kuda nil,14,Paus pembunuh/orca/orka,14,Jerapah,12,Mamoth/mamot/mamut/mammoth,0,Buaya,0,Aligator,0,Anakonda/anaconda,0,Boa/ular boa,0,Moose/rusa/rusa besar,0,Hiu/ikan hiu,0,,,,,,,,,,,,,,,,,,
Sebutkan negara di benua Eropa,0139,Jerman,37,Prancis/perancis,19,Spanyol,14,Inggris/UK/inggeris,13,Belanda/blanda,9,Itali/italia,8,Switzerland/Swiss,0,Polandia,0,Belgium/Belgia,0,Latvia,0,Bulgaria,0,Lithuania,0,Kroasia,0,Luxembourg/Luxemburg,0,Cyprus/siprus,0,Malta,0,Czech/ceko,0,Denmark,0,Yunani,0,Estonia,0,Portugal,0,Finlandia,0
Sebutkan benda-benda yang terbuat dari kaca,0140,Jendela,24,Gelas/gelas minum,19,Layar/layar kaca/monitor,18,Cermin/kaca,16,Vas/vas bunga,13,Mangkuk ikan/akuarium,10,Kacamata/kaca mata,0,Kelereng/klereng,0,Botol,0,Jar/toples/topeles,0,Patung/ukiran,0,,,,,,,,,,,,,,,,,,,,,,
Sebutkan produk-produk yang terbuat dari susu,0218,Susu,32,Keju,26,Yogurt/yoghurt,17,Krim keju/cream cheese,10,Sour cream/krim asam,8,Krim,7,Mentega/margarin,0,Es Krim,0,Whip cream/whip krim/wip krim,0,Curd/dadih,0,Keju cottage/cottage,0,,,,,,,,,,,,,,,,,,,,,,
Sebutkan warna-warna pelangi,0142,Merah,32,Oranye/jingga,21,Kuning,13,Hijau,12,Biru,11,Indigo/biru tua/nila,11,Ungu,0,,,,,,,,,,,,,,,,,,,,,,,,,,,,,,
Sebutkan nama-nama bentuk,0143,Lingkaran/bulat/bundar,24,Kotak/persegi,20,Segitiga,17,Balok/persegi panjang,14,Oval,14,Pentagon/segi lima/segilima,11,Heksagon/segi enam/segienam,0,Heptagon/segi tujuh/segitujuh,0,Oktagon/segi delapan/segidelapan,0,Wajik,0,Belah ketupat,0,Jajar genjang,0,Trapesium,0,,,,,,,,,,,,,,,,,,
Sebutkan merk-merk barang mewah,0144,Gucci/Guci,33,Louis Vuitton/Luis Viton/LV,16,Chanel/Channel,16,Guess,14,Dior,11,Burberry/burbery,10,Fendi,0,Dolce and Gabanna/Dolce and Gabana/DG/D&G,0,YSL/Yves Saint Laurent,0,Rolex,0,Prada,0,Givenchy,0,Balmain,0,Cartier,0,Versace,0,,,,,,,,,,,,,,
Sebutkan jenis-jenis alkohol/minuman keras,0215,Beer/bir,48,Wine/anggur,27,Rum,10,Whiskey/wiski/bourbon/scotch,6,Vodka,5,Tequila,4,Moonshine,0,Schnapps/Shnaps/Shnapps/Schnaps,0,Mead/Med,0,Brandy/brendi/brandi,0,Cognac,0,Vermouth/Vermoth/Vermooth/Vermut,0,Gin,0,Sake,0,,,,,,,,,,,,,,,,
Sebutkan nama-nama batu permata,0209,Berlian,32,Ruby/Rubi,25,Emerald/zamrud/jamrud,18,Sapphire/Safir,12,Peridot,8,Jasper,5,Citrine/sitrin,0,Aquamarine/biru laut,0,Amethyst/ametis/kecubung/batu kecubung,0,Quartz/kuarsa/kuartz/kuarts/kuart,0,Tourmaline/turmalin,0,Onyx/onix/oniks,0,Opal,0,Moonstone/biduri bulan,0,,,,,,,,,,,,,,,,
Apa yang kamu lakukan setelah makan malam?,0147,TV/nonton TV/Netflix/menonton TV,43,Tidur/pergi tidur,28,Sikat gigi/menyikat gigi/menggosok gigi/gosok gigi,10,Video game/bermain/main/main game,8,Mencuci piring/cuci piring,6,Bersih-bersih/beres-beres,5,Pencuci mulut/makan pencuci mulut,0,Minum/minum air,0,Olahraga/olah raga,0,Sendawa,0,Buang air besar/BAB/pup,0,Buang air kecil/BAK/pipis,0,Yoga/melakukan yoga/berlatih yoga,0,Olahraga/olah raga/latihan,0,,,,,,,,,,,,,,,,
Apa yang bisa kamu temukan di jalan?,0148,Mobil/kendaraan,28,Bangunan/gedung,24,Sampah/tempat sampah,21,Paving/trotoar,10,Lampu lalu lintas,9,Lampu jalan,8,Bus,0,Manusia/orang,0,Tempat parkir/lahan parkir/parkiran,0,Iklan/papan iklan/papan reklame/reklame,0,Pohon/tanaman,0,,,,,,,,,,,,,,,,,,,,,,
Apa yang kamu lakukan sendirian?,0149,Bermain hp/ponsel/hape/smartphone,35,Bermain/video game/main game,32,Membaca/membaca buku/baca buku,10,Menonton TV/nonton TV/series/Netflix,9,Mandi,8,Jalan/jalan-jalan,6,Tidur/pergi tidur,0,Bosan,0,Ke toilet/buang air/buang air kecil/buang air besar/pup/pipis,0,Melukis,0,Menggambar,0,Nyanyi/bernyanyi/menyanyi,0,Menari/dansa/berdansa,0,Bioskop/pergi ke bioskop/nonton bioskop,0,Restoran/pergi ke restoran/makan di restoran,0,,,,,,,,,,,,,,
Sebutkan tempat di mana kamu sering berbisik,0150,Perpustakaan/perpus,36,Kamar tidur/kamar tidur anak/kamar anak,16,Gereja/masjid/tempat ibadah,14,Ruang tunggu,12,Kelas/ruang kelas,12,Teater,10,Bioskop,0,Rumah sakit/RS,0,Pemakaman/makam/kuburan/pekuburan,0,Konferensi/rapat,0,Ruang terbuka/ruang publik,0,Tempat kerja/kantor,0,Museum,0,Balai kota/balkot,0,,,,,,,,,,,,,,,,
Sebutkan hewan yang menyukai dingin,0195,Pinguin/pinguin emperor/penguin,37,Beruang/beruang kutub,19,Rusa kutub/rusa,14,Anjing laut,13,Serigala/srigala,9,Anjing/husky/malamute/siberian husky,8,Macan tutul salju,0,Rubah/rubah kutub,0,Walrus/singa laut,0,Paus/ikan paus/paus sperma,0,Kelinci/kelinci kutub,0,Burung hantu,0,Auk,0,,,,,,,,,,,,,,,,,,
Apa yang dilakukan bayi?,0152,Menangis/nangis,33,Makan,19,Tidur,13,Bermain/main,13,Muntah,12,Senyum/tersenyum,10,Tertawa,0,Memegang/menggenggam/mencengkeram,0,Merangkak,0,Menggigit,0,Menarik/menarik rambut/menjambak,0,Melempar/melempar mainan,0,,,,,,,,,,,,,,,,,,,,
Sebutkan sesuatu yang dipesan seseorang,0153,Tempat makan/restoran,27,Hotel,20,Airbnb,16,Pesawat/penerbangan/maskapai/maskapai penerbangan,14,Tur,14,Liburan/wisata,9,Persewaan mobil/penyewaan mobil,0,Kapal pesiar/pelayaran,0,Kursi pemesanan/bangku pemesanan,0,,,,,,,,,,,,,,,,,,,,,,,,,,
Sebutkan sesuatu yang membuatmu sulit bangun dari tempat tidur,0155,Lelah/ngantuk/mengantuk/capek,42,Hujan,26,Salju/turun salju,19,Kenyamanan/nyaman,7,Dingin/hawa dingin,3,Gelap/petang,3,Terlalu awal/terlalu pagi/kepagian,0,Kerja/bekerja/pekerjaan,0,Sekolah/belajar,0,,,,,,,,,,,,,,,,,,,,,,,,,,
Sebutkan sesuatu yang diletakkan di bawah kasur,0156,Uang,28,Hadiah/kado/bingkisan,18,Sepatu,16,Koper/tas koper,14,Kotak penyimpanan/loker,13,Baju/pakaian,11,Benda acak/benda tidak penting,0,Tas/ransel,0,Perkakas/peralatan/perlengkapan,0,,,,,,,,,,,,,,,,,,,,,,,,,,
Sebutkan hal-hal yang dibenci anak-anak,0157,Sayuran/sayur/sayur hijau/makan sayur,48,Mandi,16,Sekolah,13,Berbagi mainan/meminjamkan mainan/meminjami mainan,12,Tidur,6,Sikat gigi/menyikat gigi/menggosok gigi/gosok gigi,5,Pergi ke gereja/masjid/tempat ibadah,0,Pergi ke dokter/dokter,0,Bersih-bersih kamar/beres-beres/membersihkan kamar,0,Konsentrasi/berkonsentrasi,0,Diam/tidak bicara/tidak berbicara,0,,,,,,,,,,,,,,,,,,,,,,
Sebutkan sesuatu yang dibawa anak-anak ke taman,0158,Mainan,26,Sepeda,24,Bola,15,Frisbee/frisbi,15,Layang-layang/layangan,14,Anjing,6,Teman/sahabat/sobat/kawan,0,Saudara/kakak/adik/sodara,0,Teddy Bear/Beruang Teddy/boneka beruang,0,Sepatu roda,0,Skateboard/papan skate/papan seluncur/papan luncur,0,,,,,,,,,,,,,,,,,,,,,,
Sebutkan sesuatu yang sering dipalsukan seseorang,0159,Umur/usia,29,Nama,23,Identitas,18,Sakit/sedang sakit,16,Pusing/sakit kepala/pening,8,Senyum/tersenyum,6,Cinta,0,Marah/amarah/emosi,0,Senang/bahagia/kesenangan/kebahagiaan,0,Tas/ransel,0,sepatu,0,jam/jam tangan/arloji,0,,,,,,,,,,,,,,,,,,,,
Sebutkan seseorang yang mungkin mengenakan masker/topeng,0160,Dokter/ahli bedah/dokter gigi,35,Pencuri/perampok,28,Pemadam kebakaran/damkar,15,Badut,8,Aktor,8,Semua orang/setiap orang,6,Pegulat,0,Pelukis/tukang cat,0,Orang sakit/orang berpenyakit/pasien,0,Pahlawan super/pahlawan,0,Pesulap,0,,,,,,,,,,,,,,,,,,,,,,
Sebutkan menu makanan cepat saji,0161,Kentang/kentang goreng,42,Burger,26,Soda/cola/coca cola/pepsi,19,Ayam goreng/sayap ayam/ayam/nugget/nugget ayam/ayam panggang,7,Es Krim,3,Pizza/piza,3,Hot dog,0,Milkshake/susu kocok,0,,,,,,,,,,,,,,,,,,,,,,,,,,,,
Sebutkan merk mobil Jerman,0162,Mercedes/mersi/merci,28,BMW,18,Porsche,16,Audi,14,Volkswagen/VW,13,Opel,11,Daimler,0,Mini,0,,,,,,,,,,,,,,,,,,,,,,,,,,,,
Sebutkan rasa-rasa es krim,0163,Vanila,48,Cokelat/coklat,16,Strawberry/stroberi,13,Pistacchio/pistachio,12,Lemon,6,Kelapa,5,Kopi,0,Mangga,0,Mint,0,Cookie/biskuit,0,,,,,,,,,,,,,,,,,,,,,,,,
Sebutkan merk-merk mobil sport mewah,0165,Ferrari,29,Lamborghini/lambo,23,Porsche,18,Aston Martin,16,McLaren,8,Bugatti,6,Mercedes/mersi/merci,0,Jaguar,0,Mustang,0,Chevrolet/chevy,0,,,,,,,,,,,,,,,,,,,,,,,,
Apa yang bisa kamu berikan untuk perempuan?,0166,Bunga,35,Perhiasan/Gelang/anting/anting-anting/cincin/kalung,28,Makan malam/restoran/makan/makanan,15,Dompet/tas tangan/tas kecil,8,Sepatu,8,Cokelat/coklat,6,Baju/Pakaian,0,,,,,,,,,,,,,,,,,,,,,,,,,,,,,,
Sebutkan nama-nama planet di tata surya,0167,Bumi,28,Mars,20,Jupiter,18,Venus,13,Saturnus,11,Merkurius,10,Uranus,0,Pluto,0,Neptunus,0,,,,,,,,,,,,,,,,,,,,,,,,,,
Sebutkan barang di rumahmu yang berawalan huruf 'S',0169,Sarung,39,Sofa,19,Shampoo/shampo,19,Sabun,9,Speaker,7,Sepatu,7,Sisir,0,Sapu,0,,,,,,,,,,,,,,,,,,,,,,,,,,,,
Sebutkan topik pembicaraan yang dianggap sebagai privasi,0170,Percintaan/hubungan cinta/pasangan/cinta/pacar/hubungan,40,Keuangan/uang/kekayaan/harta,27,Agama/kepercayaan,13,Pemasukan/gaji/upah/penghasilan,8,Berat badan/gemuk/berat/gendut,6,Kesehatan/penyakit/sakit,6,Politik/pandangan politik,0,,,,,,,,,,,,,,,,,,,,,,,,,,,,,,
Sebutkan saat di mana kamu perlu mengambil foto diri,0171,Surat Izin Mengemudi/SIM/mendapatkan SIM/ujian SIM,31,Pernikahan/menikah/upacara pernikahan/resepsi pernikahan/resepsi/pesta pernikahan,24,Wisuda/perayaan wisuda/lulus,13,Foto kelas/foto sekolah/buku tahunan/year book/yearbook/sekolah/kelas,13,Ulang tahun/hari ulang tahun,12,Passport/paspor/mendapatkan paspor/KTP/Kartu Tanda Penduduk,7,Kartu transportasi,0,File administrasi/berkas administrasi/berkas/catatan administrasi,0,,,,,,,,,,,,,,,,,,,,,,,,,,,,
Sebutkan cara membangunkan seseorang,0172,Alarm/alaram,24,Telpon/telepon/menelpon,24,Memanggil/membentak/teriak/berteriak,17,Disentuh/diguncang/digoyang,15,Suara keras/suara ribut/keributan/ribut/klakson/klakson mobil,12,Cahaya/lampu/menyalakan lampu,8,Air/disiram air/menyiram air/segelas air/disiram,0,,,,,,,,,,,,,,,,,,,,,,,,,,,,,,
Sebutkan sesuatu yang semakin berharga seiring waktu,0174,Wine/anggur,27,Perhiasan/berlian/emas,20,Koin/uang,18,Saham/obligasi,13,Seni/karya seni/lukisan,13,Prangko/perangko,9,,,,,,,,,,,,,,,,,,,,,,,,,,,,,,,,
Sebutkan kata yang berawalan huruf 'Z',0175,Zombie/zombi,35,Zebra,30,Zero,17,Zaitun,8,Zamrud,5,Zigzag/Zag/Zig,5,,,,,,,,,,,,,,,,,,,,,,,,,,,,,,,,
Sebutkan alasan yang membuat seseorang dipanggil ke ruangan atasan,0176,Terlambat/datang terlambat/telat/datang telat,30,Memberi selamat/naik jabatan/kenaikan jabatan/promosi jabatan/promosi,23,Pemecatan/dipecat/diberhentikan/dirumahkan/pemutusan kontrak/kontrak,19,Kenaikan gaji/naik gaji,10,Kerja buruk/kinerja buruk/kesalahan/membuat kesalahan/salah/membuat salah,10,Proyek/proyek besar/proyek penting,8,Bertengkar/bertengkar dengan rekan kerja/pertengkaran,0,,,,,,,,,,,,,,,,,,,,,,,,,,,,,,
Sebutkan buah berwarna merah,0192,Apel,43,Ceri/cherry,18,Strawberry/stroberi,14,Raspberry/raspberi/rasberi,9,Tomat,9,Semangka,7,Plum,0,Cranberry/kranberi,0,Pomegranate/pomegranat/pomegrana/delima,0,Terong belanda,0,Buah naga,0,Anggur,0,,,,,,,,,,,,,,,,,,,,
Sebutkan hewan yang berwarna hitam putih,0197,Zebra,34,Panda,24,Dalmatian/anjing dalmatian,12,Pinguin/penguin,11,Sapi,11,Harimau putih/harimau,8,Sigung,0,,,,,,,,,,,,,,,,,,,,,,,,,,,,,,
Sebutkan alasan seseorang berhutang,0180,Rumah/membeli rumah/beli rumah/hunian/apartemen,31,Mobil/mobil baru/membeli mobil/beli mobil,24,Butuh uang/perlu uang/uang,17,Konsolidasi hutang/hutang/utang,16,Sekolah/kuliah/tanggungan/SPP/uang sekolah/uang kuliah/biaya sekolah/biaya kuliah,7,Liburan/wisata,5,,,,,,,,,,,,,,,,,,,,,,,,,,,,,,,,
Sebutkan profesi ahli yang mendapat upah per jam,0181,Pengacara,43,Dokter/petugas medis/perawat,18,Tukang pipa/tukang ledeng,14,Teknisi komputer/teknisi,9,Tukang listrik/petugas listrik,9,Psikiater/terapis/psikolog,7,,,,,,,,,,,,,,,,,,,,,,,,,,,,,,,,
Sebutkan tempat di mana kamu bisa melihat antena,0182,Atap/bangunan/gedung,27,Rumah/apartemen,21,Mobil/truk/kendaraan,16,Radio/TV,14,Stasiun radio/stasiun TV,14,Menara radio/menara,8,Stasiun meteo/meteo/meteorologi,0,,,,,,,,,,,,,,,,,,,,,,,,,,,,,,
Sebutkan tempat di mana kamu bisa melihat seseorang bermain piano,0183,Konser/orkestra/pertunjukan,37,Gereja/Kuil,19,Produksi teater/teater/drama,14,Klub malam/klub/disko/diskotik,13,Restoran/tempat makan/rumah makan/bar/pub/cafe,9,Pernikahan/upacara/resepsi,8,Stasiun kereta/bandara/stasiun,0,,,,,,,,,,,,,,,,,,,,,,,,,,,,,,
Sebutkan nama negara yang berbahasa Spanyol,0191,Spanyol,31,Mexico/Meksiko,24,Argentina,17,Kolombia/Kolumbia,16,Venezuela,7,Kuba,5,Panama,0,Republik Dominika/Dominika,0,Peru,0,Guatemala,0,Honduras,0,Chile/Chili,0,Uruguay,0,,,,,,,,,,,,,,,,,,
Sebutkan nama-nama negara di Asia,0206,Cina/Tiongkok,45,Jepang,20,Korea/Korea Selatan/Republik Korea,13,Korea Utara,9,Thailand,8,Vietnam,5,Filipina/Filipin,0,Indonesia,0,Malaysia,0,Myanmar/Burma,0,Kamboja/Kambodia,0,Singapura/Singapur,0,Taiwan,0,Hong Kong,0,India,0,,,,,,,,,,,,,,
Sebutkan barang yang ada di kamar tidurmu,0207,Kasur/tempat tidur,27,Almari/lemari,24,Selimut,22,Bantal,16,Lemari baju,8,Meja rias,3,Baju/Pakaian,0,Jendela,0,TV/televisi,0,Meja Tulis/meja belajar,0,Meja,0,Perhiasan,0,Lampu,0,Jam/jam alarm,0,Matras,0,,,,,,,,,,,,,,
Apa yang bisa kamu lihat di kamar bermain?,0225,Mainan/puzzle/bola,27,Anak-anak/anak/bayi,20,Babysitter/baby sitter/pengasuh,14,Perosotan/perusutan/seluncur/seluncuran,14,Sepatu,14,Boneka binatang/boneka,11,Meja kecil/meja,0,Alas bermain/karpet,0,Buku/buku anak-anak/buku cerita,0,Kursi/kursi kecil,0,Gambar/karya seni/seni,0,Dapur mainan/set mainan/set mainan dapur/masak-masakan/mainan masak-masakan,0,,,,,,,,,,,,,,,,,,,,
Sebutkan sesuatu yang kamu goyang-goyangkan,0283,Saus salad/bumbu salad,35,Tangan,30,Kepala,17,Botol,8,Cocktail/Martini,5,Milkshake/susu kocok,5,Dadu,0,Jus,0,Shake weight,0,Hairspray/spray rambut/hair spray,0,Polaroid/foto polaroid,0,Saos tomat/saus tomat,0,Obat/obat cair,0,Whipped cream/whip cream,0,Pantat/bokong,0,Maraca/maracas/marakas,0,,,,,,,,,,,,
Apa yang dikeluhkan orang-orang?,0284,Macet/kemacetan,30,Kerja/bekerja/pekerjaan,23,Pasangan/pacar/suami/istri,19,Mertua/ibu mertua/bapak mertua,10,Anak-anak/anak kecil/anak,10,Politik/politisi/dewan/DPR,8,Pusing/sakit kepala/pening,0,Tagihan/uang/harta,0,Tetangga,0,Cuaca/hujan/angin/panas/dingin,0,Berita/kabar,0,Saudara/kakak/adik,0,Masker/COVID/corona/virus corona,0,Anak muda/anak-anak muda/generasi muda,0,,,,,,,,,,,,,,,,
Apa yang bisa kamu lihat di dalam teater bioskop?,0224,Film,30,Orang/penonton/penikmat film,28,Kursi/kursi bioskop,17,Layar/layar bioskop/layar lebar,10,Popcorn/pop corn,8,Soda/minuman/minuman ringan,7,Proyektor,0,Lampu,0,Hotdog/sandwich,0,Speaker/spiker/pengeras suara,0,Pasangan,0,Tempat minum/tempat gelas/cupholder,0,Tangga,0,Karpet,0,,,,,,,,,,,,,,,,
Sebutkan nama kota besar di Amerika,0221,New York/NYC/NY,41,Los Angeles/LA,28,Chicago,11,Houston,10,Miami,6,Washington/DC/Washington DC,4,Dallas,0,Boston,0,Denver,0,St. Louis/Saint Louis/St Louis,0,San Diego,0,San Francisco,0,Portland,0,Seattle,0,Tampa,0,Buffalo,0,Detroit,0,Minneapolis,0,Austin,0,Baltimore,0,Phoenix,0,,
Sebutkan nama-nama ibukota di Eropa,0222,Paris,25,Maluku,20,Roma,17,Berlin,16,Madrid,12,Athens/Athena,10,Oslo,0,Helsinki,0,Belgrade/Beograd/Belgrad,0,Budapest,0,Bucharest,0,Sarajevo,0,Vienna/Wina,0,Warsaw/Warsawa,0,Sofia,0,Ljubljana/Lubliana/Ljublana/Lubljana,0,Zagreb,0,Amsterdam,0,Brussels,0,Lisbon/Lisboa,0,,,,
Apa yang bisa kamu lihat di dalam mobil?,0227,Setir/stir/kemudi,42,Tempat duduk/kursi/kursi mobil,17,Dasbor,14,Seatbelt/sabuk pengaman,13,Stereo/speaker mobil,8,AC/air conditioner,6,Penyegar udara/pengharum/pembersih udara,0,Spion/kaca belakang/kaca spion,0,Karpet/karpet mobil,0,Pemanas/pemanas mobil/penghangat,0,Kunci/kunci mobil,0,Lampu/lampu mobil,0,Jendela,0,Ponsel/handphone/hape/HP/smartphone,0,Tuas gigi/persneling/persneleng,0,Kaca depan/kaca depan mobil,0,,,,,,,,,,,,
Sebutkan barang-barang keperluan bayi,0234,Susu/susu formula/botol/botol dot,50,Popok,15,Pakaian/pakaian bayi/baju/baju bayi,14,Dot/dot bayi,8,Tempat tidur bayi,7,Tempat duduk tinggi/tempat duduk bayi/kursi makan bayi,6,Makanan bayi/bubur bayi,0,Mainan/mainan bayi,0,Boks bayi,0,Kursi goyang,0,Perlak/alas ganti/alas ganti popok/alas ganti popok bayi,0,Celemek,0,Tisu bayi,0,Kain dada/lap dada,0,Bak mandi/bak mandi bayi,0,Gendongan bayi/gendongan/selendang bayi,0,,,,,,,,,,,,
Apa yang bisa kamu lihat di dalam perpustakaan?,0235,Buku,31,Meja/meja belajar,18,Kursi,18,Murid/siswa/pelajar,15,Rak buku/lemari buku,9,Petugas perpustakaan/petugas/pustakawan,9,Lampu,0,Pensil/pena/bolpoin/bolpen,0,Penanda buku/pembatas buku,0,Peta,0,Bola dunia,0,Majalah/koran/buletin/tabloid,0,Manuskrip/dokumen/berkas,0,Film/gambar/foto,0,,,,,,,,,,,,,,,,
Sebutkan sesuatu yang kamu cium sebelum membeli,0288,Parfum/cologne,43,Sabun,18,Shampoo/shampo,14,Deodorant/deodoran,9,Bunga,9,Herba/rempah,7,Losion/lotion/pelembab,0,Dupa,0,Lilin,0,Pengharum ruangan,0,Detergen/deterjen,0,Teh,0,Mobil/kendaraan,0,,,,,,,,,,,,,,,,,,
Sebutkan sesuatu dimakan anak-anak,0289,Ayam/nugget ayam/nugget/sayap ayam/ayam goreng,23,Permen/manisan/gula/cokelat/coklat,21,Makaroni/makroni,16,Pizza/piza,14,Burger/hamburger,14,Es Krim,12,Stik ikan/nugget ikan,0,Lolipop,0,Hot dog,0,Makanan cepat saji/junk food,0,Kentang/kentang goreng,0,Selai kacang/kacang/selei kacang,0,Cookie/biskuit/kukis,0,Pensil/pena/bolpoin/bolpen,0,Kunci,0,Pasta,0,Keripik/keripik kentang,0,,,,,,,,,,
Sebutkan benda yang ada di lipatan bantal sofa,0290,Uang/koin,37,Debu/kotoran,19,Remote/remot/remote control,14,Ponsel/handphone/hape/HP/smartphone,13,Remah/remah makanan/makanan,9,Kunci,8,Bulu hewan peliharaan/bulu/rambut,0,Mainan,0,,,,,,,,,,,,,,,,,,,,,,,,,,,,
Kegiatan menyenangkan apa yang dilakukan di pantai?,0236,Renang/berenang,45,Water ski/ski air,16,Surfing/selancar/berselancar,15,Snorkeling/snorkling/snorkel,11,Scuba dive/menyelam,7,Kano/menaiki kano/sampan/naik sampan,6,Kayak/menaiki Kayak/naik Kayak,0,Rafting/rakit/naik rakit/membuat rakit,0,Voli pantai/voli/main voli/bermain voli,0,Membuat istana pasir/istana pasir,0,Mencari kerang/kerang/mengumpulkan kerang,0,Bola pantai/bermain bola pantai,0,Bermain layang-layang/layang-layang,0,Bermain ombak/ombak,0,Api unggun/pesta api unggun,0,Kemah/berkemah/kemping/camping,0,,,,,,,,,,,,
Apa yang bisa kamu temukan di pemakaman?,0237,Nisan/batu nisan/kuburan,37,Bunga,19,Patung/monumen/ukiran,14,Salib/nisan salib,11,Lilin,10,Foto,9,Guci/tembikar,0,Pohon/tanaman/tumbuhan,0,Rumput,0,Kursi/tempat duduk,0,Pagar/pagar pembatas,0,Lubang makam/lubang kuburan/galian,0,,,,,,,,,,,,,,,,,,,,
Benda-benda yang diperlukan tukang kebun,0238,Sarung tangan,35,Selang/selang air/penyiram air,31,Benih tanaman/benih/bibit/bibit tanaman,11,Tanah,9,Pupuk/pupuk tanaman,8,Sekop,6,Pot/pot tanaman,0,Gunting/gunting daun/gunting kecil/gunting tanaman,0,Garpu taman,0,Sapu lidi/sapu daun/penggaruk,0,Gerobak,0,Sekop kecil,0,Label tanaman,0,Pestisida/insektisida/obat serangga,0,,,,,,,,,,,,,,,,
Apa yang dilakukan seseorang di taman?,0239,Jalan/berjalan/jalan-jalan,33,Jogging/joging/berlari/lari,26,Bermain/main/bersenang-senang,17,Piknik/makan,10,Yoga/meditasi,8,Bersantai/santai,6,Frisbee/frisbi,0,Olahraga/olah raga,0,Menikmati pemandangan/menikmati suasana,0,Tenis/tennis/badminton/bulu tangkis/bermain tenis/bermain bulu tangkis/bermain badminton,0,Sepak bola/main sepak bola/bermain sepak bola,0,Voli/bola voli/bermian voli/main voli,0,Tidur,0,Bisbol/bermian bisbol,0,Berlatih/latihan fisik/latihan,0,,,,,,,,,,,,,,
Apa yang bisa dilakukan dengan komputermu?,0240,Media sosial/medsos/membuka media sosial,30,Bermain game/game/video game,24,Kerja/bekerja,21,Menonton film/menonton video/menonton tv/menonton/youtube/netflix,11,Menulis email/mengirim email/chat/mengirim pesan,9,Mendengarkan musik/membuat musik/musik,5,Menyimpan gambar/menyimpan foto/memindai foto/memindai gambar/mengedit foto/mengedit gambar,0,Belajar/mencatat/membuat catatan,0,Mengendalikan peralatan/mengatur lampu/mengatur peralatan,0,Mengetik laporan/mengetik proyek/mengetik,0,,,,,,,,,,,,,,,,,,,,,,,,
Apa yang bisa kamu lihat di dalam ruang kelas?,0232,Guru/pengajar/pendidik/dosen,42,Murid/siswa/mahasiswa,26,Meja/meja belajar,9,Kursi/bangku,9,Buku,8,Kertas,6,Buku/buku catatan/catatan,0,Kotak pensil/tepak,0,Tas/ransel,0,Gunting,0,Kompas/penunjuk arah,0,Penggaris/garisan,0,Penghapus,0,Rautan/rautan pensil/orotan,0,Pensil/pena/bolpen/bolpoin,0,,,,,,,,,,,,,,
Sebutkan judul film Disney,0242,Cinderella,31,Snow White/Putri Salju/Putri Salju dan 7 Kurcaci,24,Sleeping Beauty/Putri Tidur,13,Beauty and the Beast/Beauty & the Beast/Si Cantik dan Si Buruk Rupa,13,Tangled,12,The Little Mermaid/Little Mermaid,7,Aladdin,0,The Lion King/Lion King,0,The Princess and the Frog/princess and the frog/Putri dan Katak/Putri dan pangeran katak,0,Pocahontas,0,Frozen,0,Mulan,0,Moana,0,101 Dalmatians/Dalmatians/dalmatian,0,Pinocchio/pinokio,0,Peter Pan,0,,,,,,,,,,,,
Sebutkan benda yang kamu lihat di kamar mandi,0233,Sisir,30,Bak mandi/bak,21,Sikat gigi,18,Sabun/shampoo/shampo,16,Pasta gigi/odol,9,Cermin/kaca,6,Kain/kain lap,0,Air,0,Karpet/keset,0,Tirai/tirai kamar mandi,0,Tempat sabun,0,Wastafel,0,Handuk kertas/tisu kamar mandi,0,Rak,0,Handuk,0,,,,,,,,,,,,,,
Benda lembut di kamar tidurmu,0247,Kasur/Matras,30,Seprai/seprei,23,Bantal,19,Selimut/bed cover,10,Karpet,10,Tirai/korden/gorden,8,Sandal bulu/sandal,0,Boneka binatang/boneka,0,Handuk,0,Baju/pakaian,0,Mantel/jaket,0,,,,,,,,,,,,,,,,,,,,,,
Tempat-tempat yang wajib kamu kunjungi di Jakarta,0248,Museum MACAN,35,Kota Tua,22,Taman Mini Indonesia Indah/TMII,13,Taman Impian Jaya Ancol/Ancol,11,Pulau Kelapa,10,Tugu Monumen Nasional/Monumen Nasional/Tugu Monas/Monas,9,Planetarium Jakarta/Planetarium,0,Museum Perangko/Museum Prangko,0,Taman Wisata Alam Mangrove/Angke Kapuk,0,Kidzania,0,Waterboom PIK,0,Alive Museum Jakarta/Alive Museum,0,Pantai Ancol,0,Dunia Fantasi Ancol/Dufan,0,Kebun Binatang Ragunan/Ragunan,0,Sea World Ancol/Sea World,0,Museum Bahari,0,Museum Fatahillah,0,,,,,,,,
Hal-hal yang bisa kamu lakukan di ruang keluarga,0250,Menonton film/menonton tv/nonton film/nonton tv,31,Makan/minum/ngemil,24,Bermain game/main game/bermain/main/game,17,Belajar/mengerjakan PR,16,Tidur/tidur siang,7,Bekerja/kerja,5,Mendengarkan musik/musik,0,Latihan/olahraga/olah raga,0,Tari/menari/dansa,0,Pesta/berpesta,0,Menghibur/menghibur tamu,0,Yoga/meditasi,0,,,,,,,,,,,,,,,,,,,,
Sebutkan anggota Avenger dalam Marvel Cinematic Universe,0253,Iron Man/ironman/IronMan/Ironman,37,Thor,19,Captain America/Kapten Amerika,14,Hulk/Incredible Hulk,13,Captain Marvel/Kapten Marvel,9,Hawkeye,8,Ant-Man/Antman/Ant Man,0,War Machine,0,Black Widow,0,Spider-Man/Spiderman,0,Falcon,0,Vision,0,Scarlet Witch,0,Drax,0,Groot,0,Rocket/Rocket Raccoon,0,Star-Lord/Star Lord,0,,,,,,,,,,
Apa yang bisa kamu lihat di taman?,0231,Pohon/tanaman,23,Bunga,21,Taman bermain,17,Rumput/rumput hijau,14,Air mancur/pancuran,13,Kolam ikan/kolam,12,Meja,0,Kursi,0,Ayunan,0,Jungkat-jungkit/jungkat jungkit,0,Perosotan/perusutan/seluncur/seluncuran,0,Orang/Anak-anak/anak kecil,0,Batu/kerikil,0,Lampu/lampu jalan,0,Monumen/patung/ukiran,0,,,,,,,,,,,,,,
Sebutkan karakter-karakter dalam serial Friends,0255,Joey,29,Rachel,18,Chandler,17,Ross,15,Monica,11,Phoebe,10,Gunther,0,Marcel,0,Richard,0,Mike,0,Judy,0,Mr. Heckles/Tuan Heckles,0,Janice,0,Carol,0,Susan,0,Estelle,0,Ursula,0,,,,,,,,,,
Sebutkan judul film Pixar,0257,Toy Story,24,Wall-E/Wall E,20,Finding Nemo,17,Coco,14,Inside Out,14,Ratatouille,11,Up,0,Finding Dory,0,Monsters Inc./Monster Inc.,0,A Bug's Life/A Bugs Life,0,The Incredibles/Incredibles,0,Mobil,0,,,,,,,,,,,,,,,,,,,,
Sebutkan sesuatu yang kamu temukan di atas meja,0259,Komputer/laptop/monitor,33,Pensil/pena/bolpen/bolpoin,22,Buku catatan/notebook,17,Mouse/alas mouse/mouse pad/tetikus,10,Surat/amplop,10,Ponsel/HP/hape/smartphone/handphone,8,Kalender,0,Buku,0,Dompet/uang,0,Gunting,0,Stapler/staples/steples,0,Stress ball/bola remas/bola karet,0,Prangko/perangko,0,Buku cek/cek,0,Diary/rubrik,0,Minuman/cangkir/kopi/teh/mug,0,,,,,,,,,,,,
Bahan-bahan salad sayur,0260,Selada/lettuce,30,Tomat,25,Vinaigrette/saus salad,17,Timun/mentimun,11,Alpukat/apukat/apokat,9,Bawang bombay/bawang bombai/bombay/bombai,8,Bayam,0,Lobak,0,Kubis/kol,0,Jus lemon/perasan lemon,0,Garam,0,Basil,0,Zaitun/olive,0,Merica/lada/paprika,0,,,,,,,,,,,,,,,,
Sebutkan makanan yang bisa kita panggang,0262,Daging babi/babi/iga babi,28,Daging sapi/sapi,24,Daging ayam/ayam/sayap ayam,21,Ikan,10,Udang,9,Cumi-cumi/cumi,8,Semangka,0,Hot dog/hotdog/sosis,0,Kentang,0,Nanas,0,,,,,,,,,,,,,,,,,,,,,,,,
Sebutkan beberapa pekerjaan rumah,0265,Bersih-bersih/beres-beres/membersihkan rumah/membereskan rumah,33,Mencuci baju/cuci baju/mencuci,22,Masak/memasak,21,Sapu/menyapu/menyapu lantai/menyedot debu/membersihkan debu/penyedot debu,10,Mencuci piring/mencuci piring kotor/cuci piring,7,Mengepel/pel/mengepel lantai,7,Mengatur meja/menyiapkan meja,0,Melipat pakaian/melipat baju,0,Membersihkan meja/membereskan meja,0,Berkebun/mengurus kebun/mengurus taman/menyiram tanaman,0,Mencuci mobil/cuci mobil,0,Membuang sampah/buang sampah,0,,,,,,,,,,,,,,,,,,,,
Peralatan melukis wajib untuk pelukis,0266,Cat/cat akrilik/akrilik,33,Kuas/kuas lukis,19,Kanvas/kanvas lukis/bingkai kanvas,13,Palette/palet,13,Meja kanvas/alas kanvas/alas lukis,12,Pensil/pena/bolpoin/bolpen/krayon,10,Kertas/papan sketsa/buku sketsa/sketsa,0,Penghapus,0,Penggaris/alat pengukur,0,Minyak/cat minyak,0,,,,,,,,,,,,,,,,,,,,,,,,
Benda-benda yang dibutuhkan mahasiswa,0267,Ransel/tas,27,Buku/buku teks/buku materi,20,Pensil/pena/bolpoin/bolpen,16,Buku catatan,14,Laptop/komputer,14,Kertas,9,Tip-x/tip x/tipeks,0,Penghapus,0,Penjepit kertas/klip kertas,0,Binder,0,Kotak pensil/tepak/kotak peralatan tulis,0,Gunting,0,Kalkulator,0,Penanda halaman/pembatas buku/penanda buku,0,Jurnal/rubrik,0,,,,,,,,,,,,,,
Sebutkan nama buah yang mungkin kamu makan di pagi hari,0269,Pisang,42,Blueberry/bluberi,26,Jeruk Bali/Jeruk Bali Merah,19,Strawberry/stroberi,7,Apel,3,Jeruk,3,Melon,0,Kiwi,0,Semangka,0,,,,,,,,,,,,,,,,,,,,,,,,,,
Sebutkan sesuatu yang bisa kamu baca,0271,Buku,48,Pesan/pesan singkat/SMS/chat,16,E-Reader/Kindle/Nook,13,Surat kabar/koran/artikel,12,Surat,6,Email/e-mail/surel,5,Papan nama/papan penanda,0,Pamflet,0,Publikasi,0,Kisah/cerita/buku cerita,0,Horoskop/rasi bintang,0,Jilid kertas/buku jilid kertas,0,Dongeng/cerita rakyat,0,Label/penanda,0,Novel,0,Kertas,0,Subtitle/subtitel/teks dialog,0,,,,,,,,,,
Kepada siapa kamu mengirim selfie?,0272,Sahabat/sobat/BFF,26,Pacar,24,Suami/istri/pasangan,15,Orang tua/orangtua/ibu/ayah/mama/papa/bunda/umi/ummi/abi,15,Saudara/kakak/adik,14,Media sosial/sosmed/sosial media/Instagram/Facebook/IG/FB,6,Teman/kawan,0,Kakek/nenek,0,Bibi/paman/om/tante,0,Sepupu,0,Teman sekolah/teman sekelas,0,Pasangan kencan/Tinder,0,Mantan/mantan kekasih/mantan pacar,0,,,,,,,,,,,,,,,,,,
Sebutkan benda-benda yang ada di dalam botol,0273,Air,29,Beer/bir,23,Soda/cola/coca cola/pepsi/minuman ringan,18,Wine/anggur,16,Susu,8,Jus,6,Shampoo/shampo,0,Sabun,0,Minyak,0,Cuka,0,Saus salad/saos salad/bumbu salad/saus/saos,0,Minuman energi/minuman berenergi,0,Jin,0,Pesan/surat,0,Pasir,0,Produk pembersih/Cairan pembersih,0,Saus/saos,0,Alkohol/miras/vodka/wiski/gin/rum,0,,,,,,,,
Sebutkan nama rempah atau herba berwarna hijau,0275,Ketumbar/tumbar,28,Parsley/parslei/peterseli,20,Dil/adas sowa/adas manis/adas,18,Oregano,13,Mint,11,Basil,10,Rosemary/daun rosemary,0,Chive/lokio,0,Sage/daun sage,0,Tarragon,0,Thyme/daun thyme,0,Marjoram,0,Sedap/penyedap/kaya rasa,0,Arugala/Arugla,0,Daun salam/salam,0,,,,,,,,,,,,,,
Sebutkan sesuatu yang ada di acara olahraga,0277,Bola,39,Pertandingan,19,Jersey/seragam,19,Stadion,9,Tempat duduk/kursi/podium,7,Papan skor/papan,7,Tempat makan/area makanan/sentra makanan,0,Makanan/popcorn/jajanan,0,Beer/bir,0,Penggemar/fans/orang/kerumunan,0,Pintu belakang/gerbang belakang,0,Papan nama/papan penanda,0,Lukisan wajah,0,Gol/gawang,0,Toko oleh-oleh/toko cinderamata/oleh-oleh/toko souvenir/toko sovenir/toko suvenir,0,,,,,,,,,,,,,,
Sebutkan sesuatu yang kamu isi dengan udara,0278,Balon,40,Ban,27,Pelampung,13,Kasur angin/Matras/kasur,8,Bola pantai/bola/bola basket,6,Paru-paru,6,Airbag/kantong udara,0,Snorkel,0,Peralatan menyelam/peralatan selam,0,Tangki oksigen/tangki,0,Kantong kentut/whoopie cushion/whoopie,0,Jaket penyelamat/rompi penyelamat/jaket pelampung,0,Ban dalam,0,Rokok/cerutu,0,,,,,,,,,,,,,,,,
Sebutkan sesuatu yang kamu pukuli,0280,Musuh/lawan,24,Telur/telor/telur orak-arik/telor orak-arik/telur dadar/telor dadar,24,Karpet,17,Drum,15,Merekam/rekam/video,12,Peluang/kesempatan,8,Pertandingan,0,Pinata,0,Daging,0,Botol saos tomat/botol saus tomat/botol,0,Nampan es/nampan,0,Meja,0,Diri sendiri,0,Samsak/sand sack,0,,,,,,,,,,,,,,,,
Sebutkan sesuatu yang bergelembung,0285,Permen karet,35,Soda/cola/coca cola/pepsi/minuman ringan,22,Champagne/sampanye,13,Jacuzzi/jacuzi/jakuzi/bak mandi/bak mandi panas,11,Mandi,10,Sabun,9,Busa,0,Ikan,0,Powerpuff/Powerpuff girls/powerpuff girl,0,Pasar/pasar properti,0,Diagram/Diagram vena/vena,0,,,,,,,,,,,,,,,,,,,,,,
Sebutkan sesuatu yang diubah setelah perceraian,0286,Suami/istri/pasangan,30,Rumah/hunian/apartemen/tempat tinggal,18,Akun bank/rekening/keuangan,16,Pakaian/baju/gaya berpakaian/fashion,13,Mobil/kendaraan,13,Furnitur/perabot/perabotan,10,Teman/kawan,0,Sikap/perilaku/tabiat,0,Restoran/tempat makan/rumah makan/bar,0,Kerja/pekerjaan,0,Pengacara/kuasa hukum,0,,,,,,,,,,,,,,,,,,,,,,
Sebutkan produk-produk kecantikan,0186,Lipstick/lipstik,27,Foundation/fondation,20,Concealer,18,Eye shadow/celak/celak mata,13,Blush/pemerah pipi,13,Maskara/mascara,9,Eyeliner/liner/pensil alis,0,Lip gloss/pelembab bibir,0,Contour/contur/kontur/kontour,0,Primer,0,Bulu mata palsu/bulu mata,0,,,,,,,,,,,,,,,,,,,,,,
Sebutkan karakter yang dimainkan oleh Johnny Depp,0187,Kapten Jack Sparrow/Jack Sparrow/Jack/Kapten Sparrow,35,Willy Wonka/Willy/Wonka,30,Edward Scissorhands/Edward Scissorhand/Edward/Scissorhands/Scissorhand,17,Mad Hatter/The Hatter/Hatter,8,Sweeney Todd/Todd/Barber/Sweeny Todd,5,Ichabod Crane/Crane/Ichabod,5,Gilbert Grape/Grape/Gilbert,0,Ed Wood/Ed/Wood/Mr Wood/Tuan Wood,0,Grindelwald/Grindlewald,0,Tonto/Toto,0,Rango/Ringo,0,,,,,,,,,,,,,,,,,,,,,,
Sebutkan jenis-jenis wine,0274,Merah,35,Putih,28,Champagne/sampanye,15,Pinot grigio/Grigio/pinot,8,Cabernet/Caberney/Caberne,8,Sauvignon blanc/Sauvinon blanc,6,Port,0,Chardonnay/Shardonay/Chardonay,0,Shiraz/Shraz,0,Pinot noir/Noir/Pino noir,0,Merlot/Merlo,0,Rose/Rosay,0,Moscato/Muscat/Muskat,0,Zinfandel/White Zinfandel/Zin/White Zin,0,Malbec/Malbek,0,Verde/Vinho Verde/Vino Verde,0,,,,,,,,,,,,
Sebutkan gerakan olahraga yang tidak memerlukan peralatan,0194,Push up/push-up/pushup,27,Squat/skuat,21,Sit up/sit-up/situp,16,Jumping jack,14,Plank,14,Lunge/lunges,8,Burpee/burpe,0,Superman,0,Wall sit,0,Mountain climbers/mountain climber/climbers/climber,0,Wall squat/skuat dinding/squat dinding,0,Leg raise/mengangkat kaki/angkat kaki,0,Hydrant/hidrant,0,,,,,,,,,,,,,,,,,,
Sebutkan gunung tinggi paling terkenal di dunia,0198,Everest/Himalaya/mount everest/mt everest/mt. everest,25,Fuji/gunung fuji/fujiyama/fuji yama,25,Kilimandjaro/Kilimanjaro,19,K2/Gunung K2/mt k2/mt. k2,13,Mont Blanc/pegunungan Alpen/Alpen,13,Annapurna/Anapurna/Gunung Annapurna/gunung Anapurna,5,,,,,,,,,,,,,,,,,,,,,,,,,,,,,,,,
Sebutkan nama-nama negara di Amerika Selatan,0213,Brazil,30,Argentina,21,Kolombia/Kolumbia,20,Chile/Chili,20,Peru,5,Uruguay,4,Bolivia,0,Paraguay,0,Venezuela,0,Ekuador,0,Guyana/Guiana/Guana,0,French Guiana/French Guyana,0,Suriname/Surinama,0,,,,,,,,,,,,,,,,,,
Sebutkan hewan yang hidup di laut,0135,Ikan,43,Hiu/ikan hiu,18,Lumba-lumba,14,Paus/ikan paus,9,Kerang,9,Bintang laut,7,Penyu,0,Gurita,0,Anjing laut/singa laut,0,Orca/orka/paus pembunuh,0,Ikan badut,0,udang,0,Lobster,0,ubur-ubur,0,,,,,,,,,,,,,,,,
Sebutkan cara-cara memakan kentang,0199,Goreng/digoreng/kentang goreng,27,Mashed potato/tumbuk/ditumbuk,25,Panggang/kentang panggang,20,Keripik/keripik kentang,12,Hash brown,10,Poutine/poutin,6,Gnocchi,0,Papas bravas/patatas bravas/bravas,0,Rebus/direbus/kentang rebus,0,Bakar/dibakar/kentang bakar,0,,,,,,,,,,,,,,,,,,,,,,,,
Sebutkan nama-nama negara di Afrika,0214,Mesir,27,Afrika Selatan,23,Zimbabwe,22,Nigeria,15,Ghana/Gana,7,Kenya,6,Tanzania,0,Mozambique/Mozambik,0,Ethiopia/Etiopia,0,Morocco/Morroco/Morrocco/Moroko/Morroko,0,Angola/Anggola,0,Zambia,0,Botswana,0,Namibia,0,Somalia,0,Gabon,0,Libya/Libia,0,Algeria,0,Tunisia,0,Sudan,0,,,,
Sebutkan sesuatu yang mungkin dikuasai oleh orang berlengan panjang,0020,Olahraga/basket/futbol/berenang/bisbol,40,Jangkauan/menjangkau,27,Memanjat/panjat tebing,13,Memegang/menangkap,8,Memeluk/pelukan,6,Menyetir/berkendara,6,Mengecat Langit-langit/mengecat/mencat,0,Mengganti Bohlam/mengganti bola lampu,0,Bertarung/berkelahi,0,Peregangan/pemanasan,0,Mengangkat/membopong,0,Bersih-bersih,0,Masak/memasak,0,Memperbaiki/perbaikan/membetulkan,0,Makan/makanan,0,,,,,,,,,,,,,,
Sebutkan nama-nama zodiak,0200,Aries,28,Taurus/Tauros,19,Gemini,18,Cancer,15,Leo,14,Virgo,6,Libra,0,Scorpio,0,Sagittarius/Sagitarius,0,Aquarius,0,Capricorn,0,Pisces,0,,,,,,,,,,,,,,,,,,,,
Sebutkan jenis-jenis burung yang tidak terbang,0208,Ayam,26,Penguin/pinguin,22,Burung Unta/burung onta,18,Peacock/merak/burung merak,14,Kalkun/ayam kalkun,10,Emu,10,Kiwi,0,Dodo,0,Moa,0,,,,,,,,,,,,,,,,,,,,,,,,,,
Sebutkan jenis-jenis perabotan,0205,Kursi,28,Sofa malas,27,Sofa,20,Kasur/tempat tidur,9,Meja Tulis/meja belajar,8,Meja,8,Bangku,0,Futon,0,Kursi Panjang,0,Rak,0,Rak buku/lemari buku,0,Laci/lemari pakaian/lemari baju,0,,,,,,,,,,,,,,,,,,,,
Sebutkan nama karakter dari Game of Thrones,0069,Jon Snow/Snow/Jon/john,39,Sansa Stark/sansa,19,Arya Stark/arya,19,Eddard Stark/eddard/ned/ned stark,9,Tyrion Lannister/The Dwarf/dwarf/Tyrion,7,Cersei Lannister/Cersei/ratu/lannister,7,Daenerys Targaryen/Khaleesi/Daenerys/Mother of Dragons,0,Jaime Lannister/Jaime/kingslayer,0,The Mountain/Thor,0,Khal Drogo/drogo,0,Dragon/Naga,0,Robert Baratheon/raja,0,Shae,0,Joffrey Baratheon/joffrey,0,Bran Stark/bran,0,,,,,,,,,,,,,,
Sebutkan sesuatu yang berwarna hijau,0212,Pohon,31,Rumput,28,Tanaman/tumbuhan,16,Uang,10,Daun,8,Brokoli,7,Emerald/zamrud/jamrud,0,Shamrock/shamrok/semanggi,0,Selada/lettuce,0,Kale/sawi hijau,0,Bayam,0,Kodok/katak,0,Mint,0,Pistachio/pistacchio,0,Anggur,0,Alpukat/apukat/apokat,0,Kacang/kacang polong/kacang kapri/kacang hijau,0,,,,,,,,,,
Benda bulat yang bisa kamu temukan di rumah,0243,Jam/jam dinding,24,Piring/lepek/tatakan gelas,24,Meja bundar/meja,17,Mangkok/mangkuk,15,Pizza/piza,12,Semangka/melon,8,Jeruk,0,Cermin/kaca/kaca bundar,0,Vas/vas bunga,0,,,,,,,,,,,,,,,,,,,,,,,,,,
Sebutkan bagian-bagian tubuh,0141,Kepala,29,Lengan,18,Kaki,17,Tangan,15,Telapak kaki,11,Dada,10,Leher/tengkuk,0,Jari,0,Perut/abdomen,0,Lutut,0,Pantat/bokong,0,Bahu,0,Punggung,0,Pergelangan kaki,0,Paha,0,Lidah,0,Hidung,0,Kuping/telinga,0,Mata,0,Mulut,0,,,,
Sebutkan judul-judul film Tom Hanks,0258,Forrest Gump/Forest Gump,33,Saving Private Ryan,16,Philadelphia,16,Cast Away/Castaway,14,Catch Me if You Can,11,Sleepless in Seattle,10,Sully,0,Apollo 13,0,Splash,0,A League of Their Own,0,Toy Story,0,Charlie Wilson's War/Charlie Wilsons War,0,Turner and Hooch,0,Road to Perdition,0,You've Got Mail/Youve Got Mail,0,The Polar Express,0,The Da Vinci Code,0,Angels & Demons/Angels and Demons,0,Big,0,,,,,,
Sebutkan jenis-jenis pasta,0220,Spaghetti/spageti/spagetti/spagheti,33,Macaroni/makaroni/makroni,29,Lasagna/lasagne/lasanya,12,Penne/pene,11,Gnocchi/gnocci/gnochi,8,Fettucini/fetuccini/fettuccini,7,Ravioli,0,Tortellini/tortelini,0,Tagliatele,0,Rigatoni,0,Bucatini,0,Linguine,0,Rotini,0,Fusili/fusilli/fussili,0,Farfale/farfal/farfalle,0,Ziti,0,,,,,,,,,,,,
Sebutkan benda-benda yang sering kamu ganti,0151,Kantong sampah/kantung sampah/kresek sampah,33,Sikat gigi,22,Kaus Kaki/kaos kaki,21,Celana/celana dalam,10,Seprai/seprei,7,Handuk,7,Baju/Pakaian,0,Pakaian dalam/baju dalam,0,Paku/kuku,0,Sabun,0,Tisu,0,Batu permata/perhiasan,0,Make up/makeup/riasan/tata rias,0,Parfum,0,,,,,,,,,,,,,,,,
Sebutkan judul-judul lagu dari The Beatles,0264,Here Comes the Sun,36,Come Together,16,Let it Be,14,Yesterday,12,Hey Jude,12,A Hard Day's Night,10,Yellow Submarine,0,All my Loving,0,Blackbird/black bird,0,Twist and Shout/twist & shout,0,Can't Buy Me Love,0,All Together Now,0,Strawberry Fields Forever,0,Ob-La-Di Ob-La-Da/obladi oblada,0,Do You Want To Know A Secret,0,In My Life,0,Something,0,Help!/Help,0,Ticket To Ride,0,,,,,,
Sebutkan sesuatu yang seharusnya dijadikan kebiasaan,0179,Olahraga/olah raga/olah tubuh,30,Sopan/sopan santun/menghormati/hormat/saling menghormati,18,Menabung/tidak boros/hemat,16,Makan sehat/pola makan sehat/menjaga pola makan,13,Daur ulang/mendaur ulang,13,Berdoa/doa,10,Baik hati/bersikap baik/baik/membantu orang/membantu/saling membantu,0,,,,,,,,,,,,,,,,,,,,,,,,,,,,,,
Hal-hal yang bisa kamu lakukan bersama keluarga,0245,Menonton film/menonton pertandingan/nonton film/nonton pertandingan,27,Bepergian/wisata/liburan,20,Bermain permainan papan/bermain board game/bermain game/main game/game,18,Pergi piknik/piknik,13,Pergi ke pantai/pantai,13,Jalan-jalan/Jalan santai,9,Olah raga/olahraga/ berolahraga,0,Makan malam/makan bersama,0,,,,,,,,,,,,,,,,,,,,,,,,,,,,
Benda-benda yang kamu butuhkan di pantai,0246,Baju renang/pakaian renang,35,Sandal/sandal jepit/alas kaki,30,Handuk/handuk pantai,17,Sunscreen/tabir surya,8,Kacamata hitam/kaca mata hitam/kacamata renang/kaca mata renang/kacamata berenang/kaca mata berenang,5,Mainan pasir/sekop/ember,5,Alas piknik/alas duduk/selimut piknik/kain alas,0,Payung pantai/payung/payung besar,0,Makanan/minuman/snack/jajan/jajanan/air,0,Topi/topi pantai,0,,,,,,,,,,,,,,,,,,,,,,,,
Sebutkan alasan seseorang berhenti sekolah,0178,Malas/kemalasan/tidak mau belajar/tidak ingin belajar,35,Tekanan/terlalu banyak tekanan,22,Gagal/tidak lulus ujian/tidak lulus/gagal ujian,13,Pekerjaan baru/mendapat pekerjaan/mendapat kerja/dapat pekerjaan/dapat kerja,11,Tidak suka/tidak tahan/muak/benci,10,Kecelakaan/musibah/sakit/penyakit/sakit parah,9,,,,,,,,,,,,,,,,,,,,,,,,,,,,,,,,
Sebutkan sesuatu yang dingin,0228,Es/es batu,48,Salju/butir salju,15,Kulkas/freezer/pendingin,11,Milkshake/susu kocok/milk shake,10,Soda/minuman/minuman ringan,10,Beer/bir/alkohol/minuman beralkohol/miras,6,Es krim/sundae,0,Es krim batangan/popsicle/icepop,0,Frozen Yoghurt/Froyo/yoghurt beku/yoghurt/yogurt,0,Buah beku,0,Smoothie/jus,0,Es kopi,0,Corong salju/corong es krim,0,Es teh,0,Hujan/air hujan,0,,,,,,,,,,,,,,
Sebutkan jenis-jenis Piza,0268,Piza keju/pizza keju/keju,21,Pizza sayur/piza sayur/pizza sayuran/piza sayuran/pizza vegetarian/piza vegetarian/vegetarian,17,Pizza pepperoni/piza pepperoni/pizza peperoni/piza peperoni/pepperoni/peperoni,16,Pizza daging/piza daging/Meat-Lover/Meat Lover/daging,16,Pizza Margherita/neapolitan/piza Margherita,16,Pizza Bbq ayam/piza bbq ayam/bbq ayam,14,Pizza hawaiian/piza hawaiian/nanas/pizza nanas/piza nanas,0,Pizza Supreme/Supreme/piza supreme,0,Jamur dan bawang bombay/jamur dan bombay/jamur dan bawang bombai/jamur dan bombai,0,,,,,,,,,,,,,,,,,,,,,,,,,,
Kamu tidak akan pernah berkencan dengan seseorang yang punya ____ yang buruk,0017,Nafas/napas/bau mulut,32,Rupa/tampang/penampilan/gaya/tubuh/badan//sepatu,21,Sikap/tata krama/kebiasaan/perilaku,13,Kebersihan/bau/aroma tubuh/aroma,12,Rambut,11,Gigi,11,Reputasi/pamor,0,Kepribadian/sifat,0,Mobil,0,Uang,0,Selera,0,Rumah/tempat tinggal,0,Pekerjaan/profesi,0,Keluarga/anak-anak/orang tua/orangtua,0,Mata,0,Teman/kawan,0,,,,,,,,,,,,
Apa yang membuat seseorang bahagia?,0241,Dicintai/cinta/jatuh cinta,34,Lelucon lucu/sesuatu yang lucu/gurauan yang lucu/guyonan lucu/gurauan lucu,17,Naik jabatan/kenaikan jabatan,16,Dipekerjakan/mendapat pekerjaan/mendapat kerja/dapat kerja/dapat pekerjaan,13,Merasa puas/kepuasan/kesenangan/merasa senang,12,Mendapat hadiah/mendapat kado/uang/pujian,8,Kabar baik/kabar bagus,0,Mendapat kenaikan gaji/kenaikan gaji/naik gaji/gaji naik,0,Ingatan bahagia/kenangan bahagia/kenangan/ingatan,0,Dilamar/mendapat lamaran/diajak menikah/menikah,0,Bermain/main,0,,,,,,,,,,,,,,,,,,,,,,
Sebutkan sesuatu yang panas,0229,Api,38,Oven/oven listrik,25,Setrika/seterika,22,Perapian,7,Minuman panas/air panas/teh panas/kopi,5,Pemanggang roti/pemanggang,3,Kompor/kompor listrik,0,Arang/arang panas,0,Tungku api/tungku,0,Hotpot/hot pot/panci panas,0,Ketel/ceret,0,Pemanggang/panggangan,0,Microwave/micro wave,0,Lilin,0,,,,,,,,,,,,,,,,
Benda-benda yang kamu temukan di lapangan golf,0256,Tongkat golf/tongkat,32,Pemain golf/orang/manusia,21,Bola golf/bola,13,Lapangan/rumput/tanaman/tumbuhan,12,Tee/tempat bola/dudukan bola,11,Jalur pemain/jalur/jalan setapak/jalan,11,Bendera,0,Minuman/bir/beer,0,Gundukan tanah/gundukan,0,Air/kolam/danau/sungai,0,Caddy/kadi/pendamping,0,Penanda bola/penanda,0,Handuk,0,Tas golf/tas/ransel golf/ransel,0,Penutup kepala,0,,,,,,,,,,,,,,
Sebutkan nama olahraga,0055,Futbol/NFL/Rugbi,27,Basket/bola basket/NBA,25,Sepak Bola/PSSI/asosiasi sepak bola,20,Tenis,12,Baseball/bisbol,10,Hockey/Hoki,6,Golf,0,Voli,0,Lari/olahraga lari/lari jarak jauh/lari jarak jauh,0,Renang/berenang,0,Cheer/cheerleading/cheerleader/pemandu sorak,0,Rugby,0,Lacrosse/lacross/lakros,0,Bowlingboling,0,Boxing/tinju,0,Softball/sofbol/kasti,0,,,,,,,,,,,,
Sebutkan merk makanan siap saji,0001,McDonald's/McDonald/McD,34,Burger King,19,Wendy's,18,Taco Bell,17,KFC/Kentaki/Kentucky,6,Subway,6,Pizza Hut/PH,0,Arbys,0,Dominos/Domino Pizza/Domino,0,Popeyes,0,Sonic,0,Chick Fil A,0,Jack In the Box,0,Dairy Queen,0,In N Out,0,Papa Johns,0,,,,,,,,,,,,
Sebutkan merek perlengkapan olahraga,0072,Nike,39,Adidas,21,Jordan/air jordan,14,Puma/puna,12,Under Armour/armour/armor,9,Reebok/Rebok/Rebook,5,New Balance/NB,0,Columbia,0,Asics/asic,0,Champion,0,Dick's,0,Fila/filla,0,Vans,0,Converse,0,Sketchers/Sketcher,0,Polo,0,,,,,,,,,,,,
Sebutkan nama pemain NBA,0013,Lebron James/Le Bron James/lebron/james,30,Stephen Curry/Stephen/Curry/Chef Curry,21,Michael Jordan/jordan/air jordan/mj/Michael,20,Kobe Bryant/Kobe/Bryant,20,Kevin Durant/durant/kevin,5,Shaquille O'Neal/Shaquille/O'Neal/shaq,4,Larry Bird/Bird/Larry,0,Dwyane Wade/Wade/Dwyane,0,James Harden/Harden,0,Magic/Magic Johnson/Johnson,0,Kyrie Irving/Kyrie/Irving,0,Chris Paul/paul,0,Allen Iverson/Allen/Iverson,0,Anthony Davis,0,Kareem Abdul-Jabbar/Kareem/Abdul-Jabbar,0,,,,,,,,,,,,,,
Sebutkan hari libur nasional Amerika,0085,Natal,27,Thanksgiving,23,Tahun Baru,22,Hari Kemerdekaan/Empat Juli/4 Juli/hari nasional,15,Hari Buruh/buruh,7,Hari Peringatan/Peringatan Nasional/Hari Nasional,6,Hari Martin Luther King/hari Martin Luther King Jr./Martin Luther King/Luther King/Luther/Martin Luther King Jr.,0,Hari Veteran/Veteran,0,Hari Presiden/Presiden,0,Hari Colombus/Colombus,0,Malam Natal,0,Malam Tahun Baru,0,,,,,,,,,,,,,,,,,,,,
Sebutkan makanan yang bisa kamu makan dengan tangan untuk makan malam,0077,Kentang/kentang goreng/keripik kentang,35,Ayam Goreng/sayap ayam/nugget/nugget ayam/ayam panggang/ayam,30,Pizza/piza,11,Burger/Hamburger,11,Sandwich/roti lapis,9,Taco/burrito/enchilada,4,Sushi/Maki,0,Hot Dog,0,Iga,0,Keripik/kerupuk,0,Roti,0,Buah,0,Ikan,0,Nachos,0,Jagung,0,Permen,0,Bacon/bakon,0,Udang,0,,,,,,,,
Sebutkan layanan streaming video,0080,Netflix,30,YouTube/yutub/YouTube TV/yutub TV,25,Hulu,15,Twitch,12,Disney+/disney/disney plus,10,Tubi,8,Showtime,0,HBO Max/HBO/HBO Now,0,Peacock,0,CBS/CBS All Access/all access,0,Sling TV/sling,0,ESPN+/espn,0,Apple TV+/apple/apple tv,0,Fubo TV/fubo,0,Amazon Prime/amazon/prime,0,Vudu,0,,,,,,,,,,,,
Sebutkan merk smartphone,0081,iPhone/Apple,41,Samsung/galaxy,28,LG,11,Nokia,10,Google,6,Blackberry/BB,4,Huawei,0,Xiaomi,0,ZTE,0,TCL,0,Lenovo/Motorola,0,OnePlus,0,HTC,0,Oppo,0,,,,,,,,,,,,,,,,
Apa yang mungkin kamu masukkan ke dalam kopimu?,0078,Krim/latte/whip cream/krim kocok,32,Gula,27,Susu,18,Air,9,Es/Es Batu,9,Karamel,5,Tidak Ada,0,Kayu Manis,0,Sirup,0,Vanila,0,Cokelat/cocoa/kakao,0,Madu,0,Sedotan,0,Garam,0,Teh,0,Sendok,0,Pemanis/pemanis buatan,0,Perisa/penambah rasa,0,Mentega,0,,,,,,
Sebutkan sesuatu yang tidak seharusnya dikenakan sebagai tamu pernikahan,0025,Gaun Putih/pakaian serba putih/gaun pernikahan,27,Celana Jin,20,Celana Pendek,14,Topi/topi bisbol,14,Kaos/kaus,14,Sepatu Kets/sepatu tenis,11,Pakaian Serba Hitam/pakaian hitam/hitam,0,Rok,0,Tidak Ada/telanjang,0,Tank Top,0,Sweater/baju hangat,0,Sandal/sandal jepit/sepatu sandal,0,Kacamata Hitam,0,Sepatu Bot,0,Piyama,0,,,,,,,,,,,,,,
Sebutkan salah satu kota tercantik di dunia,0006,Paris/prancis,23,New York/NY/NYC,21,Los Angeles/la/california,17,Las Vegas/vegas,14,Roma/Itali,13,Miami/florida,12,San Francisco/SF,0,Barcelona/spanyol,0,Venice,0,London,0,Athens/yunani,0,Cancun,0,Tokyo/japan,0,,,,,,,,,,,,,,,,,,
Sebutkan nama anggota keluarga Kardashian,0099,Kim/kim kardashian,37,Kylie Jenner/kylie,19,Kendal Jenner/kendal,14,Kris Jenner/kris/chris,11,Kourtney/kourtney kardashian,10,Khloe/Khloe Kardashian,9,Caitlyn Jenner/caitlyn/bruce,0,Rob/rob kardashian,0,Kanye West/kanye/west,0,Brandon Jenner/brandon,0,Brody Jenner/brody,0,Robert/robert Kardashian,0,Scott Disick/scott/disick,0,North,0,Stormi,0,,,,,,,,,,,,,,
Sebutkan merk soda,0011,Coca Cola/Cola,30,Pepsi,24,Sprite,21,Fanta,11,Mountain Dew/dew,9,Root Beer,5,Dr Pepper,0,Crush,0,7Up/Seven Up,0,Ginger Ale,0,Sunkist,0,Sierra Mist,0,Faygo,0,Big Red,0,RC/Rc cola,0,Canada Dry,0,,,,,,,,,,,,
Sebutkan sesuatu yang dilakukan tamu di resepsi pernikahan,0079,Menari/dansa/berdansa,24,Makan/makanan/kue,24,Minum/minum-minum/mabuk,17,Bicara/mengobrol/berbincang/memperkenalkan diri/berkomunikasi/pidato,15,Bernyanyi/karaoke/nyanyi,12,Tertawa/tersenyum,8,Menangis/terisak,0,Tos/minum bersama,0,Bermain Game/main/permainan/game,0,Tepuk Tangan/bertepuk tangan/bersorak,0,Menggoda/Berkencan/pdkt/merayu/menarik perhatian,0,Foto/memfoto/mengambil gambar/mengambil foto/selfie/kamera/ambil gambar/ambil foto,0,Pesta/berpesta/merayakan,0,Duduk,0,Bersulangpenghormatan,0,Jalan/berjalan,0,Pelukan/peluk/memeluk,0,Jam/jam tangan,0,Hadiah/kado,0,Senang-senang/bersenang-senang,0,Mendengarkan Musik/Musik/Lagu,0,,
Sebutkan tempat yang sebagian besar orang Amerika datangi setidaknya satu kali saat liburan,0022,Florida/miami/orlando,29,New York/NY/NYC,18,California/LA/los angeles/san francisco/cali/san fran,17,Prancis/paris/perancis,15,Mexico/Meksiko/Cancun,11,Las Vegas/vegas,10,Disneyworld/disney/disneyland,0,Hawaii/hawai,0,Grand Canyon,0,Pantai,0,London,0,Texas,0,Bahama,0,Cina/Tiongkok,0,Itali/roma/venice,0,,,,,,,,,,,,,,
Sebutkan klub yang mungkin cocok untuk siswa SMA,0028,Olahraga/sepak bola/basket/gym,24,Catur,20,Drama/teater/akting,17,Matematika,14,Musik/band/marching band,14,Glee/paduan suara,11,Bahasa Asing/spanyol/asing,0,Debat,0,Baca/membaca,0,Seni,0,Sainsilmu pengetahuanIPA,0,Tarimenaridansa,0,Komputer,0,Masak/memasak,0,Cheercheerleadingcheerleaderpemandu sorak,0,,,,,,,,,,,,,,
Sebutkan makanan yang tidak akan pernah disajikan di pesta mewah,0029,Pizza/piza,28,Hamburger/burger,24,Hot Dog,21,Pasta/Spageti/spaghetti,10,Kentang/kentang goreng/keripik kentang/keripik,9,Steak/stik/stek/steik,8,Daging Cincang/rolade daging,0,Sloppy Joe,0,Ayam Goreng/sayap ayam/nugget/nugget ayam,0,Taco,0,Mac and Cheese/Mac n Cheese/makaroni skotel/makaroni schotel,0,Iga,0,Bakso,0,Nachos,0,Sandwich/roti lapis,0,,,,,,,,,,,,,,
Sebutkan tempat yang akan lebih sering kamu kunjungi kalau tidak begitu ramai,0030,Mall/toko/pusat perbelanjaan,35,Taman/Disneyworld/kebun binatang/taman ria,32,New York/NY/NYC,10,Pantai,9,Klub/diskotik,8,Bioskop/teater,6,Bar,0,Pesta,0,Sekolah,0,Konser,0,Kolam/kolam renang,0,Restoran,0,Paris,0,Las Vegas/vegas,0,Gereja,0,,,,,,,,,,,,,,
Apa bagian terbaik parade 4 Juli?,0043,Makanan/permen/bbq/hot dog/barbekyu,42,Kembang Api/Petasan,26,Orang/kerumunan,19,Keluarga/anak-anak,7,Tarian/dansa,3,Musik/mendengarkan musik/marching band/lagu/nyanyian,3,Kostum,0,Float/mobil,0,Parade,0,Minuman/minum,0,Bendera,0,Pesta,0,Temankawan,0,,,,,,,,,,,,,,,,,,
Sebutkan sesuatu yang mungkin dioleskan ke roti,0185,Mentega/butter/buter/margarin,38,Selai/selei,16,Alpukat/apukat/apokat/alpokat,15,Selai kacang/kacang/selei kacang,12,Keju/cheddar,11,Telur/telor,8,Nutella/cokelat/coklat,0,Krim keju,0,Salmon/ikan/daging/daging asap,0,Madu/sirup/sirup maple,0,Strawberry/stroberi/straberi,0,,,,,,,,,,,,,,,,,,,,,,
Sebutkan kota yang dikunjungi karena suasana pestanya,0015,Miami/florida,29,Las Vegas/vegas/nevada,23,New York/NY/NYC,18,Los Angeles/LA/california,16,Paris/prancis,8,Meksiko/Mexico,6,Cancun,0,Honolulu/hawai,0,New Orleans,0,Cali,0,Atlanta,0,Nassau/Bahamas,0,Chicago,0,Amsterdam,0,Orlando,0,Seattle,0,,,,,,,,,,,,
Sebutkan sesuatu yang memenuhi rumahmu setelah Natal,0036,Hadiah/kado/kotak kado,28,Makanan/permen/biskuit,20,Keluarga/tamu/anak-anak,18,Pohon/pinus/pohon pinus/duri pinus/daun pinus,13,Mainan,11,Kertas Kado/kertas,10,Dekorasi/hiasan,0,Kotak/kardus,0,Lampu,0,Kebahagiaan/cinta/suka cita,0,Minuman,0,,,,,,,,,,,,,,,,,,,,,,
Sebutkan sesuatu yang bisa kamu pinjam dari tetanggamu,0154,Gula,21,Garam,17,Merica/lada,16,Tepung,16,Perkakas/obeng,16,Charger/pengisi daya/cas/cas-casan,14,Baterai/baterei/batrei,0,Mangkuk/mangkok,0,Tangga,0,Pemotong rumput/pemangkas rumput,0,Ponsel/handphone/hape/HP/smartphone,0,Palu,0,,,,,,,,,,,,,,,,,,,,
Sebutkan minuman-minuman dingin,0164,Air,26,Coke/cola/coca cola/pepsi,24,Jus Lemon/air lemon/limun,15,Beer/bir,15,Es teh,14,Jus jeruk/jeruk,6,Orangina,0,,,,,,,,,,,,,,,,,,,,,,,,,,,,,,
Sebutkan tempat romantis yang dikunjungi seseorang saat bulan madu,0168,Bali,25,Lombok,18,Jogja/Yogyakarta/DIY,17,Puncak Bogor/Bogor,16,Bandung,13,Raja Ampat,11,Maluku,0,Labuan Bajo,0,Bunaken/Manado,0,Flores,0,,,,,,,,,,,,,,,,,,,,,,,,
Sebutkan jenis tempat yang terkadang terlalu ramai,0173,Mall/mal/toko/pusat perbelanjaan/pusat belanja/tempat belanja,38,Restoran/tempat makan/rumah makan,16,Klub malam/klub/disko/diskotik,15,Tempat wisata/taman bermain/taman ria/taman,12,Konser/acara musik/pertunjukan musik,11,Bandara/stasiun/stasiun kereta/aula bandara/terminal/terminal bus,8,Stadion/arena/gelanggang olahraga/stadion sepak bola,0,Bioskop/bioskop film/teater film/teater,0,,,,,,,,,,,,,,,,,,,,,,,,,,,,
Sebutkan nama olahraga yang tidak mengandung kata 'bola',0189,Tennis/tenis,35,Takraw/sepak takraw,22,Hoki/hockey,13,Golf,11,Boxing/tinju,10,Atletik/lari,9,Rugby/rugbi,0,Cricket/kriket,0,Sepeda/bersepeda,0,Renang/berenang,0,Gulat,0,,,,,,,,,,,,,,,,,,,,,,
Sebutkan nama permainan papan klasik,0202,Monopoli,32,Catur,21,Halma,20,Scrabble,10,Battleship,9,Backgammon,8,Ular Tangga,0,Yahtzee,0,Life,0,Ludo,0,,,,,,,,,,,,,,,,,,,,,,,,
Sebutkan merk air mineral,0211,Ades,29,Aqua,18,Cleo,15,Le Minerale,14,Evian,14,Pristine,10,Total 8+,0,Super O2,0,Nestle/Pure Life/Nestle Pure Life,0,E+/Eternalplus,0,,,,,,,,,,,,,,,,,,,,,,,,
Sebutkan sesuatu yang kamu lihat saat Halloween,0216,Hantu/roh/arwah,31,Labu/Jack-o-lantern/hiasan labu,25,Trick or treater/peminta permen,16,Permen/manisan,10,Penyihir,10,Tengkorak,8,Laba-laba,0,Kucing/kucing hitam,0,Bajak laut/perompak,0,Mayat hidup/ghoul,0,Mumi,0,Zombi/zombie,0,Frankenstein,0,Jaring Laba-laba/sarang laba-laba/jaring,0,Kelelawar,0,Darah,0,Peti/peti mati,0,Kostum,0,Vampir/drakula,0,Topeng,0,Anak-anak/anak kecil,0,,
Sebutkan makanan untuk sarapan,0244,Sereal,38,Telur/telor,16,Oatmeal/oat meal/oat,15,Roti/roti panggang,12,Pancake/panekuk,11,Bacon/bakon,8,Hotdog/hot dog,0,Hashbrown/hash brown,0,Ham/daging ham/daging,0,Mie/mi,0,Buah dan kacang/buah/kacang,0,,,,,,,,,,,,,,,,,,,,,,
Band rock paling populer sepanjang masa,0249,The Beatles/Beatles,30,Led Zeppelin,18,Queen,16,Pink Floyd,13,The Rolling Stones/Rolling Stones,13,ACDC,10,Eagles,0,Metallica,0,Guns N' Roses/Guns N Roses,0,Aerosmith,0,Linkin Park/LP,0,Red Hot Chili Peppers/RHCP,0,Maroon 5,0,Bon Jovi,0,U2,0,Van Halen,0,Santana,0,,,,,,,,,,
Sebutkan daging merah,0251,Daging sapi/daging,43,Daging domba/domba,18,Daging babi/babi,14,Daging rusa/rusa,9,Kambing,9,Kelinci,7,Daging kerbau/kerbau,0,Daging babi liar/daging babi hutan/babi liar/babi hutan,0,Daging kelinci/kelinci,0,Daging sapi muda/sapi muda,0,Kuda,0,Daging bebek/bebek,0,,,,,,,,,,,,,,,,,,,,
Apa yang kamu masukkan ke dalam freezer?,0282,Es,27,Es Krim,20,Daging,18,Sayur/sayuran,13,Makanan sisa/sisa makanan,13,Lolipop,9,Kantong es,0,Buah/buah-buahan,0,Roti,0,Bagel,0,Kaldu ayam/kaldu sapi/kaldu,0,Barang bukti/mayat,0,Pesto,0,Telur/telor,0,Cokelat/coklat,0,,,,,,,,,,,,,,
Sebutkan nama olahraga yang dimainkan dengan bola,0252,Futbol/NFL,23,Basket/bola basket,21,Bisbol,16,Sepak bola,14,Tenis,14,Golf,12,Voli,0,Ping Pong,0,Hoki lapangan/hoki,0,Bola jaring/netball,0,Bola tangan,0,Polo,0,Polo Air/polo,0,Squash/bola raket,0,Bowling/boling,0,Sepak takraw/takraw,0,Lempar tangkap/lempar tangkap bola,0,Rugbi/rugby,0,,,,,,,,
Sebutkan nama maskapai penerbangan,0254,Lion Air/Lion,24,American/American Airlines,19,United/United Airlines,18,Garuda/Garuda Indonesia,16,Qantas,13,Batik Air,10,Air Asia/Indonesia Air Asia,0,Wings Air/Wings,0,Sriwijaya Air/Sriwijaya,0,Citilink,0,Air New Zealand,0,NAM Air/NAM,0,TransNusa,0,Solomon Airlines/Solomon,0,Trigana Air/Trigana,0,Xpress/XpressAir,0,,,,,,,,,,,,
Sebutkan nama-nama penyedap tambahan,0270,Saus tomat/saos tomat,28,Mustard/mustar,18,Mayonnaise/mayones/mayo,16,Bumbu/penyedap rasa,14,BBQ/barbeque/baberque/barberque/barbekyu/baberkyu/barberkyu,13,Kecap,11,Teriyaki,0,Cuka/cuka putih/cuka apel/balsamik,0,Wasabi,0,Saus salad/saos salad/bumbu salad/saus/saos,0,Saus tartar/saos tartar/tartar,0,Saus koktail/saos koktail/koktail,0,Sriracha/sriraca/siracha/siraca,0,Vegemite/vegemit,0,Saus hoisin/saos hoisin/hoisin,0,Salsa/Pico de gallo/Pico,0,,,,,,,,,,,,
Sebutkan sesuatu yang kamu bawa saat kencan,0279,Uang/dompet,31,Makeup/make up/riasan/lipstik/lip gloss,24,Mint/permen karet/permen,13,Kondom,13,Bunga,12,Wine/anggur/alkohol,7,Kunci,0,Ponsel/HP/hape/smartphone/handphone/iphone,0,Dompet uang/dompet koin/dompet kecil,0,Alasan,0,Candaan/joke/jokes/guyonan/lelucon,0,Harga diri/kewibawaan/wibawa,0,,,,,,,,,,,,,,,,,,,,
Sebutkan sesuatu yang kamu tukarkan dengan teman,0281,Nomor/nomor telepon/nomor telpon/nomor ponsel,38,Sosial media/media sosial/sosmed/medsos/email/e-mail/surel,16,Baju/pakaian/sepatu,15,Game/video game,12,Resep,11,Kartu/kartu pokemon/pokemon/kartu permainan,8,Candaan/joke/jokes/guyonan/lelucon,0,Pasangan/istri/suami/pacar,0,Bantuan/balas budi,0,Perhiasan,0,Koleksi/barang koleksi,0,Uang/koin,0,Mainan,0,Saran/pendapat,0,,,,,,,,,,,,,,,,
Sebutkan negara bagian Amerika Serikat yang penduduknya mengatakan 'y'all',0037,Texas,33,Florida/miami,16,Alabama,16,North CarolinaCarolina Utara,14,Kentucky,11,Georgia,10,New York,0,Oklahoma,0,Ohio,0,California,0,Tennessee,0,Mississippi,0,South CarolinaCarolina Selatan,0,Arizona,0,Louisiana,0,,,,,,,,,,,,,,
Sebutkan hidangan-hidangan penutup manis setelah makan malam,0203,Kue/keik,39,Cheesecake/keik keju/kue keju,21,Es krim,14,Pie/pai/kue pai,12,Tiramisu,9,Meringue,5,Strudel/strudle/streudel/streudle,0,Cokelat/coklat,0,Manisan,0,Cookie/biskuit/kukis,0,Permen,0,Buah/buah-buahan,0,Milkshake/susu kocok,0,Cannoli/canoli/canolli/cannolli,0,Sundae,0,,,,,,,,,,,,,,
Sebutkan merk es krim,0084,Ben & Jerry's/ben and jerry/ben jerry,48,Hagen-Dazs,16,Blue Bell,13,Breyers,12,Turkey Hill,6,Talenti,5,Drewyer's/edy's grand,0,Magnum,0,Rebel,0,The Skinny Cow/Skinny Cow,0,Halo Top,0,Blue Bunny,0,Baskin Robbins,0,,,,,,,,,,,,,,,,,,
Sebutkan jenis-jenis sepatu,0204,Sneaker/sniker/kets/sepatu kets,29,Heel/sepatu heel/sepatu heels/heels/sepatu hak/sepatu hak tinggi,28,Sepatu bot/bot/sepatu boot/boot,16,Sandal,12,Sepatu flat/flat,8,Sepatu bot kedap air/sepatu bot anti air,7,Selop/sepatu selop/slop/loafer,0,Sandal selop/sandal slop,0,Sandal jepit,0,Sepatu hiking/sepatu mendaki/hiking,0,Sepatu tennis/sepatu tenis,0,Mokasin,0,Oxford,0,Sepatu derby/derby,0,,,,,,,,,,,,,,,,
Sebutkan nama penyanyi terkenal Amerika,0196,Beyonce,33,Taylor Swift/Taylor,22,Rihanna/Rihana,17,J Lo/Jennifer Lopez/Jenifer Lopez,10,Justin Bieber/JB,10,Kanye West/Kanye,8,Jay Z,0,Mariah Carey,0,Lady Gaga,0,Michael Jackson/Jackon/MJ,0,Eminem,0,Travis Scoot,0,Bruno Mars,0,Elvis/Elvis Presley/Presley,0,Ariana Grande/Ariana,0,Post Malone,0,Bob Dylan,0,,,,,,,,,,
Sebutkan merk-merk TV,0226,Samsung,19,LG,19,Sony,19,TCL,17,Panasonic,16,Vizio,10,Philips/phillips/philip,0,Sharp,0,Toshiba,0,Hitachi,0,Haier,0,Huawei,0,Hisense,0,,,,,,,,,,,,,,,,,,
Sebutkan jenis-jenis keju,0219,Cheddar/Chedar,30,Mozarella/mozarela/moza/mozza,25,Swiss,15,Amerika,12,Brie,10,Camembert,8,Gouda,0,Feta,0,Queso,0,Provalone,0,Emmental,0,Parmesan/parmigiano/parmegiano/parmagiano,0,Peccorino/picorino,0,Manchego,0,Roquefort,0,Monterey Jack/monterey,0,Bleu/blue/blue cheese/bleu cheese,0,Ricota/ricotta/riccota/riccotta,0,Edam,0,,,,,,
Sebutkan nama aktor/aktris terkenal Hollywood,0146,Di Caprio/Leonardo Di Caprio,30,Brad Pitt/Pitt,25,Angelina Jolie,17,Robert Downey Jr/Robert Downey/RDJ,11,Robert Pattinson/Pattinson,9,Scarlett Johanson/Scarlet/Scarletjo/Scarlett Jo,8,Zendaya,0,Tom Holland,0,Anthony Hopkins,0,Chris Evans,0,Denzel Washington,0,Ryan Reynolds,0,Dwayne Johnson/The Rock,0,Julia Roberts,0,Emma Watson,0,Daniel Radcliffe,0,,,,,,,,,,,,
Jenis-jenis minuman kopi,0261,Americano,43,Caffe Latte/latte/cafe latte,28,Caffe Mocha/cafe mocha/mocha/moka,10,Cappuccino/Capuccino/cappucino/capucino,8,Espresso/espreso,6,Cold Brew/coldbrew/cold-brew,5,Cafe Au Lait,0,Double Espresso/double espreso/double shot/double-shot,0,Flat White/flat-white/flatwhite,0,Irish Coffee/Irish/kopi Irish,0,Latte Macchiato/late macchiato/macchiato/machiato,0,Ristretto/ristreto,0,,,,,,,,,,,,,,,,,,,,
Benda-benda terkenal yang dikoleksi seseorang,0263,Kartu permainan/kartu/kartu pertukaran,35,Koin/mata uang,32,Perangko/prangko,10,Mobil/mobil mewah,9,Sepatu/alas kaki/sepatu kets,8,Perabotan antik/furnitur antik/barang antik,6,Boneka/mainan,0,Anggur/wine,0,Buku/novel/buku novel,0,Jam/jam tangan/jam tangan mewah,0,Topi,0,,,,,,,,,,,,,,,,,,,,,,
Sebutkan merk-merk kopi,0276,Starbucks/Starbuck,25,Dunkin donuts/Dunkin Donut,18,Kopiko,17,Top/Top Coffee,16,Torabika/tora bika,13,Illy,11,Nescafe,0,Kapal Api,0,Indocafe,0,Good day/goodday,0,ABC/Kopi ABC,0,Luwak/Luwak white coffee,0,Neo Coffee/Neo,0,Kopi Ya!/Ya!/Ya/Kopi Ya,0,,,,,,,,,,,,,,,,
Sebutkan nama-nama presiden Amerika,0058,Joe Biden/Joe/Biden,30,Donald Trump/Trump/donald,28,Barack Obama/obama/barack/bama,17,George Washington/Washington/george,10,George Bush/George Bush Senior/bush/bush senior/Busch,8,Abraham Lincoln/Lincoln/Abraham/abe,7,Ronald Reagan/Reagan/ronald,0,Richard Nixon/Nixon/richard,0,Bill Clinton/bill/Clinton,0,John F. Kennedy/Kennedy/JFK/JF Kennedy/John Fitzgerald Kennedy/john,0,Thomas Jefferson/Thomas/Jefferson,0,Franklin Delano Roosevelt/Roosevelt/Franklin D Roosevelt/Franklin/Rosevelt,0,John Adams/adams,0,Andrew Jackson/jackson,0,George W Bush/W Bush,0,Madison/James Madison,0,,,,,,,,,,,,