Namakan buah berwarna kuning,0003,Pisang/Pishang/Pisanggg,34,Lemon,24,Nenas,12,Mangga,11,Epal/epal kuning,11,Pear/pir,8,Pic,0,Labu,0,Belimbing,0,Jagung,0,Limau gedang,0,Anggur,0,,,,,,,,,,,,,,,,,,,,
Namakan adiwira,0002,Batman/Dark Knight/dark knight,25,Superman/Man of Steel/the man of steel,25,Spider-Man/spiderman/spidey,19,Iron Man,13,Hulk,13,Thor,5,Wonder Woman,0,Flash,0,Captain America,0,Robin,0,Black Panther,0,Green Lantern,0,Super Girl,0,Aquaman,0,Joker,0,Black Widow,0,,,,,,,,,,,,
Namakan minuman waktu sarapan,0070,Jus Oren/jus/oren,28,Kopi/ngopi,19,Susu/,18,Air masak,15,Jus Epal/epal,14,Teh,6,Jus Limau Gedang/Limau Gedang,0,Soda/Coke,0,Smoothie,0,Susu Coklat/Coklat/Coklat panas/koko,0,Air lemon,0,Jus Kranberi/Kranberi,0,Latte,0,Susu kocak,0,,,,,,,,,,,,,,,,
Namakan sejenis pengangkutan,0049,Kereta/trak/limusin,32,Kapal terbang/pesawat/jet/jet peribadi,21,Bas/bas sekolah/Bas kilang,20,Motor/basikal,10,Kereta api,9,Jalan/lari/kaki/berjalan/mendaki/berlari,8,Bot/kapal,0,Teksi/Uber/cab,0,Skuter/,0,Komuter/LRT/MRT/monorel,0,Trak/van,0,Motosikal/Motor,0,Papan selaju,0,Helikopter/heli,0,Kuda,0,Kasut roda,0,,,,,,,,,,,,
Nama sesuatu yang sentiasa anda bawa,0071,Telefon bimbit/telefon/telefon pintar/iphone,29,Kunci/kunci kereta/kunci rumah,28,Dompet,16,Wang/kad/wang/syiling,12,Baju/jaket/seluar/Pakaian/topi/kot/kemeja/stoking,8,Beg/Beg duit/kantung/beg tangan/beg sandang,7,Kereta/trak/limusin,0,Makanan/snek,0,Topeng,0,Pengecas/pengecas telefon,0,Cermin mata/cermin mata hitam,0,Jam tangan,0,Haiwan/anjing/kucing,0,Fon kepala/set kepala/putik telinga,0,Senapang/senjata,0,Kasut,0,ID/kad id/kad pengenalan/pasport,0,Lesen/lesen memandu/lesen kereta,0,Anak/Bayi/anak-anak,0,Ibu - Ayah/ibu bapa/emak/abah,0,Isteri - Suami/pasangan/isteri/suami,0,Minum/air/kopi,0
Nama tempat anda boleh berenang,0056,Kolam renang/kolam,28,Lautan/Laut/pantai,27,Tasik,20,Sungai,9,Kolam,8,Tab mandi/tab/mandi/Bilik mandi,8,Tab Panas/Jakuzi,0,Hotel/YMCA,0,Taman Air/taman,0,Anak sungai,0,,,,,,,,,,,,,,,,,,,,,,,,
Apakah yang ada dalam kotak pensel?,0054,Pensel,45,Pen/mata lakan/pen mata lakan/mata bulat/pen mata bulat,20,Pemadam/getah,13,Marker/Highlighter/maker,9,Krayon/Pensel warna/Pensel berwarna/Warna,8,Pengasah/Pengasah Pensel/,5,Gunting/,0,Pembaris,0,Gam/pelekat/tampal/Glue Stick/,0,Kertas/Nota,0,Ubat Pensel,0,Pengokot/Kokot,0,Nota Lekat,0,Pita Scotch/pita/scotch,0,,,,,,,,,,,,,,,,
Namakan kawan Mickey Mouse,0073,Goofy/goody/Goofie,27,Minnie Mouse/Minnie/Minny/mini/innie,24,Donald Duck/Donald/itik,22,Pluto/anjing/plodo,16,Daisy Duck/Daisy,8,Pete/peter/peet,3,Clarabelle Cow/Clarabelle/cow,0,Toodles,0,Chip and Dale/ chip n dale,0,,,,,,,,,,,,,,,,,,,,,,,,,,
Apakah yang boleh anda lakukan pada telefon pintar?,0045,Telefon/jawab panggilan/menjawab panggilan/telefon/berdering/telefon/bercakap/cakap/panggil/hubungi orang,26,Main/permainan/permainan/permainan video/permainan mudah alih/main permainan/bermain permainan,22,Mesej/Mesej Teks/teks/sms/txt/e-mel/ext/mel/mesej orang,18,Gambar/foto/gambar/ambil gambar/tangkap gambar/ambil foto/tangkap foto/tangkap/ambil fotograf/tangkap gambar/ambil foto/mengambil foto/menangkap gambar/kamera/swafoto,14,Sembang Video /facetime/Skype/panggilan/hubungi orang/panggilan video/zoom,10,Media Sosial/Facebook/Instagram/snap/snapchat/twitter/rangkaian sosial/sosial/insta/tik tok/siar/tweet,10,Muzik/Dengar muzik/main muzik,0,Baca/berita/Baca Berita/baca berita/baca buku/buku,0,Internet/Carian/google/web/safari/chrome/kajian/layari web,0,Muat turun/aplikasi,0,Rakam,0,Kerja,0,Nota/tulis/taip,0,Peta/GPS,0,Masa/jam/penggera,0,Kalkulator,0,Video/tonton/tonton filem/tonton siri/netflix/YouTube/Tonton YouTube/tv/porno/tonton tv,0,Cuaca/ramalan cuaca,0,Kedai/beli-belah,0,,,,,,
Namakan platform media sosial,0087,Instagram/insta,32,Facebook/Facebook messenger/messenger/face,25,Snapchat/snap,18,Twitter,12,TikTok/Muzik/Tick-tock/Tictok,8,YouTube,5,Reddit,0,Tumblr,0,Discord,0,Houseparty,0,Itsme,0,Bigo,0,Telgram,0,Yolo,0,Yubo,0,LinkedIn,0,WhatsApp,0,Pinterest/pint,0,Kik,0,MySpace,0,Tinder,0,,
Namakan puteri Disney,0004,Cinderella/cindy,24,Elsa/frozen,21,Ariel/little mermaid/the little mermaid/aerial,15,Snow White/snow,14,Tiana/Tina/Puteri dan katak/tianna,14,Belle/cantik/beauty and the beast/beauty & the beast/bella,12,Anna/ana,0,Jasmine,0,Sleeping Beauty/Aurora/Auroa/aroura/arora,0,Mulan,0,Rapunzel/Repunzel/Terbelit,0,Moana/mona,0,Pocahontas,0,Merida,0,,,,,,,,,,,,,,,,
Namakan alat muzik,0060,Dram/,29,Piano/Organ,18,Gitar/Gitar elektrik/bes/,15,Trompet,14,Seruling/serunai,14,Biola,10,Klarinet/,0,Tuba,0,Trombon/,0,Seksofon/sax/saksofon,0,Kerincing,0,Hap,0,Celo/selo,0,Horn,0,Banjo,0,Harmonika,0,,,,,,,,,,,,
Namakan suatu benda yang jutawan beli untuk suka-suka,0000,Kereta/trak/limusin,31,Rumah/apartment/kediaman/bangunan,28,Kasut,16,Bot/kapal/perahu layar/kapal layar,10,Pakaian/gaun/jubah/almari pakaian/peralatan/kostum/suit/gucci,8,Telefon/telefon pintar/iphone,7,Beg/beg duit,0,Kapal terbang/pesawat/jet/jet peribadi,0,Barang kemas/permata/berlian/cincin,0,TV,0,Rambut,0,Haiwan peliharaan/Haiwan/anjing/kucing,0,Jam tangan/jam,0,Permainan/mainan/permainan video,0,Melancong/Percutian/Berjalan,0,Barang elektronik/komputer/komputer riba,0,Helikopter/heli,0,,,,,,,,,,
Namakan sesuatu yang anda rasa mengantuk bila melakukannya,0024,Tonton TV/Menonton TV/TV/video/netflix/youtube,48,Baca/Membaca/buku,27,Sekolah/kerja sekolah,10,Kerja/bekerja/bertugas,6,Pandu/memandu/kereta/menunggang,5,Makan/Makanan/hidangan/restoran/makan di luar,4,Berlari - Berjalan/lari/jalan/berlari/berjalan,0,Main/permainan/permainan video,0,Minum/air/alkohol,0,Telefon/jawab panggilan/menjawab panggilan/berdering/telefon/panggil/hubungi orang,0,Baring/Berbaring,0,Bersihkan/membersihkan,0,Cakap/bercakap,0,Wayang/panggung wayang/tonton filem/menonton filem,0,Masak/memasak,0,Tidur/,0,,,,,,,,,,,,
Namakan sesuatu yang ahli silap mata hilangkan,0016,Arnab/,31,Orang/manusia/badan/penonton/peminat/,25,Kad/ace,16,Topi,10,Wang/tunai/syiling/bil/duit kertas/duit gulung/cip/duit/emas,10,Burung/ayam/burung merpati/merpati/kakak tua,8,Pembantu,0,Bunga/ros,0,Diri sendiri/mereka,0,Makanan,0,Kertas,0,Tongkat,0,Kucing,0,Kotak,0,Anjing,0,,,,,,,,,,,,,,
Namakan benda yang boleh anda jumpa di pantai,0076,Pasir/tanah,32,Orang/kanak-kanak,26,Lautan/laut/air,17,Ikan/jerung,10,Cangkerang/kerang,8,Burung camar/camar/burung,7,Ketam,0,Payung/Parasol/pelindung matahari,0,Tuala,0,Penapis matahari/pelindung,0,Penyelamat,0,Pokok Palma/pokok kelapa,0,Ombak,0,Kerusi Dek/Kerusi santai/kerusi,0,Istana pasir/istana,0,Makanan/Aiskrim,0,Rumpai laut,0,Bola/bola pantai,0,Matahari,0,Batu,0,Sampah,0,Obor-obor,0
Apakah yang boleh anda gantung di dinding?,0044,Gambar/poster/foto/imej/fotografi,33,TV/televisyen,29,Cermin/,12,Jam,11,Lampu Dinding/Lampu/,8,Lukisan/karya seni/seni/mural/bingkai/,7,Pinggan,0,Kalendar,0,Papan putih/Papan hitam/papan,0,Radiator/pemanas,0,Rak Kot/penyangkut kot/penyangkut topi/cangkuk/pakaian/kot,0,Kertas dinding,0,Tumbuhan/taman/bunga,0,Peta,0,Rak,0,Kunci,0,Langsir,0,Kertas,0,,,,,,,,
Apakah yang ada dalam beg tangan wanita?,0089,Mekap/gincu/lip balm/gloss/maskara/alit mata/lipgloss/chapstick,25,Wang/duit/syiling/tunai/duit kertas/Kad Kredit/Kad,20,Telefon bimbit/telefon/telefon pintar/iphone,17,Dompet/tas tangan/beg duit,16,Kunci/kunci kereta/kunci rumah,12,Tuala Wanita - Pad/Tisu Wanita/Tuala Wanita/Pad Wanita/napkin/tuala/pad/tampon,10,Berus/sikat rambut/sikat,0,Tisu/sapu tangan/tisu kertas/kleenex/hanky/hankie,0,Cermin,0,Pen,0,ID/kad id/kad pengenalan/pasport/dokumen,0,Lesen/lesen memandu/lesen kereta,0,Topeng,0,Pensanitasi Tangan/gel alkohol/gel hydroalcoholic,0,Pudina/gula-gula/gula-gula getah,0,Cermin mata/cermin mata hitam,0,Minyak wangi/wangian,0,Gula-gula,0,Losyen,0,Pengecas/pengecas telefon,0,Makanan,0,Tisu basah,0
Namakan sayur berwarna hijau,0051,Lettuce/Salad,19,Brokoli,19,Kacang pis,19,Timun/mentimun,17,Kacang Hijau/kacang,16,Kubis,10,Bayam/Sayur Bayam,0,Lada/Cili Kembung/Cili,0,Asparagus,0,Kubis Daun,0,Jeruk,0,Kubis Brussel,0,Zukini,0,Avokado,0,,,,,,,,,,,,,,,,
Namakan ahli sihir yang terkenal,0067,Harry Potter/Harry/potter,42,The Wizard of Oz/oz wizard/oz,17,Dumbledore/Professor Albus Dumbledore/Albus Dumbledore/albus,14,Merlin/merlin the magician/merlin the wizard,13,Gandalf/gandalf the white,8,Voldemort/lord voldemort/lord,6,Dr. Strange/doctor strange/strange/doc strange,0,Ron/ron weasley/weasley/rin,0,Alex Russo/Alex,0,Saruman,0,Hagrid/Rubeus Hagrid/Rubeus,0,Hermione/hermione granger/granger/Herminy,0,Yoda,0,Snape/snake/Professor Severus Snape/Severus Snape/snap,0,Houdini,0,,,,,,,,,,,,,,
Namakan sesuatu yang peminat kumpulkan daripada penyanyi kegemaran mereka,0033,Muzik/album/lagu/CD/rakaman,48,Pakaian/kemeja/kemeja-t/seluar/seluar dalam/stoking,15,Autograf/tandatangan,11,Gambar/foto,10,Poster,10,Rambut,6,Barangan,0,Kasut,0,Tiket,0,Peluk,0,Pen,0,,,,,,,,,,,,,,,,,,,,,,
Namakan sesuatu yang terbang,0095,Pepijat/lebah/Rama-rama/lalat/serangga/penyengat/nyamuk/langau,38,Kapal terbang/pesawat/jet/jet peribadi,25,Burung/helang/burung hantu/itik,22,Helikopter/heli,7,Belon Udara/blim/belon udara panas,5,Layang-layang,3,Payung terjun/Penerjun Udara/ahli payung terjun,0,Masa,0,Kelawar,0,Peluncur,0,Dron,0,Kapal angkasa/Roket/pesawat ulang alik/pesawat ulang alik angkasa,0,Kapal Terbang Kertas,0,Belon/belon helium,0,Adi Wira/wira/superman,0,Zeppelin,0,Kertas,0,Orang,0,,,,,,,,
Namakan haiwan dalam cerita The Lion King,0086,Singa/singa betina,35,Burung/Enggang/toucan/Enggang Yellow-billed,19,Monyet/Babun Mandril/babun,15,Gajah,11,Dubuk,10,Harimau,10,Badak Sumbu/badak sumbu hitam/badak,0,Badak air,0,Kuda belang,0,Gazel/Gazel Thompson,0,Zirafah,0,Kerbau Cape/Kerbau,0,Gnu/,0,Buaya,0,Burung Unta,0,Meerkat,0,Babi hutan,0,Khinzir/babi hutan,0,Cheetah,0,Puma,0,Ular,0,Pepijat/serangga,0
Namakan sesuatu yang tajam,0052,Pisau/mata pisau,42,Pensel/pen,26,Gunting/sepasang gunting,9,Kuku,9,Kaca,8,Pedang/pedang lengkung/Pisau Belati,6,Duri,0,Skru,0,Jarum,0,Anak panah,0,Pin/pin tekan/pin keselamatan,0,Gergaji rantai,0,Gergaji/gergaji jig,0,Pengasah/Pengasah Pensel/,0,Garpu,0,Pencukur/Pisau cukur/pencukur elektrik,0,Kapak,0,Pemotong Kotak/pisau utiliti/Pisau stanley/pemotong,0,Gigi/,0,Besi,0,Tukul,0,Minda,0
Namakan sesuatu yang pasangan anda akan marah jika anda melakukannya terlalu kerap,0021,Tidur/membuta/rehat,30,Makan/makanan,21,Berbelanja/beli-belah/kedai/habiskan duit/membeli/wang,18,Bercakap/cakap/sembang/berbual,16,Minum/,9,Tonton TV/tonton tv/tv,6,Bekerja/kerja,0,Menipu/tipu,0,Telefon,0,Menjerit/jerit,0,Merokok/rokok,0,Keluar/bersiar-siar,0,Bermain/main/permainan/permainan video,0,Berbohong/bohong,0,Seks,0,Bergaduh/gaduh,0,,,,,,,,,,,,
Namakan watak daripada saga Harry Potter,0007,Harry Potter/Harry/potter,50,Ron/ron weasley/weasley/rin,15,Draco Malfoy/Draco/malfoy,14,Hermione/hermione granger/granger/Herminy,8,Voldemort/lord voldemort/lord,7,Snape/snake/Professor Severus Snape/Severus Snape/snap,6,Dumbledore/Professor Albus Dumbledore/Albus Dumbledore/albus,0,Hagrid/Rubeus Hagrid/Rubeus,0,Luna,0,Ginny,0,Dobby,0,Hedwig/Owl,0,Neville/Neville Longbottom/Longbottom,0,Sirius Black/Sirius/Black,0,Fred Weasley/fred,0,,,,,,,,,,,,,,
Namakan sesuatu yang anda boleh duduk,0092,Kerusi/tempat duduk/kerusi pejabat/kerusi meja,31,Kerusi rehat/Sofa/kerusi panjang,18,Katil,18,Lantai/tanah,15,Kereta/kerusi kereta,9,Meja,9,Bangku,0,Kerusi Gerai/bangku panjang,0,Punggung/buntut/pinggul,0,Beg Kekacang/Puf/otoman/bangku kaki,0,Riba/orang/,0,Meja,0,Bantal,0,Tandas,0,Buaian,0,Kerusi boleh laras,0,Rumput,0,Kaunter,0,Tangga/,0,Bas,0,Bangku,0,Kerusi tangan/kerusi malas,0
Namakan sesuatu yang tidak nampak tulen dalam filem yang berkualiti rendah,0019,Cinta/ses/romantis,45,Berlakon/pelakon/artis/pelawak/bintang/orang/bercakap/watak/emosi/komedi/menangis/nangis/air mata/ketawa/,16,Darah/berdarah/hemoglobin/adegan berdarah,15,Raksasa/makhluk/binatang/makhluk asing/syaitan/iblis/hantu/naga/ahli sihir/bomoh,11,Makanan,7,Pergaduhan/bergaduh/aksi/perang/bertumbuk/kombat/parang,6,Adegan/seting/landskap/hiasan/latar/rumah,0,Wang,0,Kereta,0,Kematian/membunuh/pembunuhan/bunuh/nazak,0,Senapang/senjata/pisau,0,Haiwan,0,Peralatan,0,Rambut,0,Kuasa/magik,0,Penyangak/pembunuh/orang jahat,0,,,,,,,,,,,,
Namakan haiwan kesayangan,0061,Kucing/anak kucing/anak bulus,35,Anjing/anak anjing/,31,Ikan/Ikan emas/,11,Hamster,9,Ular/,8,Burung/kakak tua/,6,Arnab/,0,Biawak/Sumpah-sumpah/Iguana,0,Penyu/,0,Kuda,0,Khinzir,0,Mencit/,0,Tikus,0,Monyet,0,Tikus Belanda/Guinea Pig/,0,Labah-labah,0,,,,,,,,,,,,
Namakan sesuatu yang menjadi sebab pahlawan berlawan dalam kisah dongeng,0012,Naga,33,Lelaki - Wanita/lelaki/wanita/perempuan/gadis/orang,26,Raksasa/makhluk/binatang/raksasa besar,17,Ahli Sihir - Bomoh/ahli sihir/bomoh/dukun/ahli silap mata,10,Pahlawan,8,Haiwan/serigala/beruang,6,Gergasi,0,Raja,0,Raksasa hodoh,0,Gergasi/titan,0,Cinta,0,Kejahatan,0,Puteri,0,Hantu,0,Orang Jahat/Penyangak,0,Zombi,0,Syaitan/iblis,0,,,,,,,,,,
Apakah yang anda akan jumpa dalam rumah berhantu?,0074,Hantu/puaka/bayang mengerikan/roh,34,Raksasa/makhluk/binatang/raksasa besar,17,Labah-labah - Sarang labah-labah/Sarang labah-labah/Sawang/labah-labah/,16,Darah/adegan berdarah,13,Orang,12,Badut,8,Mumia,0,Habuk/debu,0,Lampu,0,Pengantin Dipenggal/pengantin/pengantin putih/pengantin hantu,0,Tikus/mencit,0,Cermin,0,Zombi,0,Pembunuh Bersiri/pembunuh/pembunuh upahan/,0,Tengkoran/Rangka/tulang,0,Puntianak/drakula,0,Syaitan/iblis,0,Bangkai/orang mati/mayat/badan/mati/,0,Ahli sihir/bomoh,0,Pepijat,0,Pisau,0,Kelawar,0
Namakan benda yang berpasangan,0075,Kasut/sneaker/but,31,Stoking,24,Tangan,13,Kaki/,13,Telinga,12,Sarung tangan,7,Lengan,0,Mata,0,Kaki,0,Dada,0,Gunting,0,Punggung/buntut/pinggul,0,Cermin mata/cermin mata hitam,0,Seluar/Seluar panjang/Jeans/seluar slek,0,Pakaian,0,Kembar,0,Subang,0,Orang/pasangan,0,Makanan,0,,,,,,
Namakan pengeluar kereta A.S.,0083,Ford,38,Jeep,16,Chevrolet/chevy,15,Tesla,12,Dodge,11,GMC,8,Buick,0,Cadillac,0,Lincoln,0,Ram,0,Chrysler,0,Pontiac,0,Mustang,0,,,,,,,,,,,,,,,,,,
Namakan sesuatu yang naik dan turun,0093,Tangga,27,Kapal Terbang/pesawat,20,Lif,18,Buaian/Jongkang-jongket/teeter totter,13,Bola,13,Eskalator,9,Merry-go-round/Kuda Merry-go-round/karusel/bulatan,0,Zip/tarik zip/,0,Roller Coaster/tunggang,0,Tongkat Pogo,0,Yo-yo,0,Mood/mood saya/moral/perasaan/semangat/kegembiraan,0,Termometer/suhu/cuaca,0,Helikopter,0,Belon Udara/blim/belon udara panas/belon,0,Luncur,0,Tangga,0,Burung,0,Berat,0,Kereta,0,Masa,0,Bukit,0
Namakan sesuatu yang bergerak sangat perlahan,0094,Siput,35,Orang Tua/tua/orang berumur/,30,Penyu/kura-kura,17,Sloth,8,Cacing,5,Bayi/kanak-kanak/budak-budak/anak kecil/budak kecil/,5,Orang Mabuk/mabuk/lelaki mabuk,0,JPJ/JPJ Jabatan Pengangkutan Jalan,0,Tumbuhan/tumbuhan bercambah,0,Glasier,0,Kelahiran/bersalin/melahirkan/kelahiran bayi/beranak,0,Mel,0,Masa,0,Koala,0,Berbaris,0,Gajah,0,Lintah Bulan,0,,,,,,,,,,
Namakan sesuatu yang diberikan dalam penerbangan,0096,Snek/makanan/hidangan/dulang makanan/dulang hidangan,30,Alkohol/champagne/vodka/wiski/wiski/bir/wain/rum/koktel,23,Minuman Ringan/air/soda/pop,19,Majalah/surat khabar/akhbar,10,Filem/skrin/rancangan tv/kartun,10,Fon kepala/putik telinga/set kepala,8,Kerusi Yang Tidak Selesa/kerusi,0,Tempat Simpan Barang Atas Kepala/tempat simpan barang,0,Bantal,0,Selimut,0,Bilik mandi/tandas/Bilik air,0,Beg Muntah,0,Tuala/tuala basah menyegarkan/tuala/tuala basah,0,,,,,,,,,,,,,,,,,,
Namakan sesuatu yang anda kaitkan dengan Superman,0097,Mantel,35,Kuasa/Kuasa super/Kekuatan/Otot besar/otot/kuat,22,Adi Wira/wira,13,Clark Kent/clark/kent,11,Lois Lane/lois/lane,10,Kostum/pakaian/ketat/sarung kaki/eluar pendek/seluar/seluar dalam,9,Kryptonite/Krypton,0,Terbang/,0,Huruf S/Huruf S/S,0,Lex Luthor/Lex/Luthor,0,Smallville,0,Cermin mata,0,The Daily Planet/Daily Planet,0,Wartawan,0,Metropolis,0,DC Comics/DC,0,,,,,,,,,,,,
Namakan hobi ulat buku,0005,Baca/membaca/buku/novel fiksyen,30,Permainan video/permainan/main,18,Belajar/kerja/kerja sekolah/sekolah/belajar,16,Sains/matematik,13,Catur,13,Dam,10,Tonton filem & rancangan tv/menonton tv/tonton tv/TV/netflix/video/youtube/filem/pawagam/tonton filem/rancangan tv/siri tv/anime,0,Komputer/kod/pengekodan,0,Telefon,0,Komik/Buku komik,0,Permainan Papan/permainan berperanan/kad/permainan kad/kad/Dungeons and dragons,0,Kumpulan/muzik/pancaragam,0,Sukan/tnnis/bola sepak/golf/hoki/bola keranjang,0,Peragaan busana,0,Teknologi/tech,0,,,,,,,,,,,,,,
Di lokasi manakah kanak-kanak biasanya meluangkan paling banyak masa mereka?,0064,Di luar/taman/Taman Permainan/luar/belakang rumah,31,Rumah/rumah/di dalam/di rumah,24,Bilik tidur/Bilik/Katil/tidur/di atas katil,17,Sekolah/kerja/bekerja/perpustakaan/kelas,16,Mall/beli-belah/pusat beli-belah/kedai/mainan,7,Rumah kawan/kawan/rumah rakan/dengan kawan,5,Padang Sukan/Padang Permainan/stadium/tempat sukan/gelanggang/Gim,0,Filem/wayang/pawagam/panggung wayang,0,Dapur/makan,0,Kereta,0,Bilik mandi/mandi,0,Ruang Tamu/tv/tonton tv/kerusi panjang/sofa,0,Kolam renang,0,Rumah Keluarga/Atuk Nenek/keluarga/ibu bapa,0,Parti,0,Gereja,0,,,,,,,,,,,,
Namakan sesuatu yang anda kaitkan dengan ahli sihir,0098,Penyapu/kayu penyapu,43,Topi/topi hitam,18,Kawah,14,Pakaian Hitam/pakaian/jubah/jubah hitam,9,Kucing Hitam/kucing,9,Kutil,7,Posyen,0,Jampi/magik,0,Halloween,0,Labu,0,Hidung Cangkuk/hidung,0,Hodoh,0,Sarang labah-labah/Sawang/labah-labah/,0,,,,,,,,,,,,,,,,,,
Namakan sesuatu yang anda lakukan di hujung minggu,0014,Tidur/membuta/rehat,23,Parti,21,Makan Di Luar/Restoran/makan/makanan/Makan Malam/berkelah,16,Beli-belah/kedai/mall,14,Main/Permainan video/permainan/mainan,14,Kawan & keluarga/Berjumpa Kawan/jumpa kawan/bertemu rakan/keluar/jumpa keluarga/bertemu keluarga/keluarga/Lepak dengan kawan,12,Sukan/senaman/bola sepak/bola keranjang/gim/berenang/berjalan/mendaki/bersenam,0,Tonton TV/menonton tv/TV/netflix/video/youtube/siri/tonton rancangan/tonton rancangan tv/rancangan tv,0,Berjalan/melancong/bercuti,0,Berehat/santai/lepak/tidak buat apa-apa,0,Bersihkan Rumah/bersihkan/membersihkan/kerja rumah/tugasan,0,Kerja/Kerja sekolah/belajar,0,Baca,0,Gereja,0,Keluar/luar/taman/Pantai/berkhemah/Main dil luar/luar/ke luar,0,Kelab/Menari,0,Minum,0,Filem/wayang/tonton filem,0,,,,,,,,
Namakan sesuatu yang berbunyi bising,0008,Kereta/kereta/motor/trak/limusin,37,Muzik/Dram/trompet/gitar,19,Kapal terbang/pesawat/jet/jet peribadi,14,Budak-budak/Bayi/anak/kanak-kanak/budak kecil/,13,Haiwan/anjing,9,TV/televisyen,8,Mercun,0,Kereta api,0,Horn,0,Bas,0,Orang/sesak/bergerak,0,Pistol/senjata/raifal,0,Telefon,0,Trak,0,Radio,0,Bom,0,Helikopter/heli,0,,,,,,,,,,
Di parti yang anda tidak mengenali sesiapa$ bagaimana anda menghabiskan masa?,0018,Minum/mabuk/alkohol,24,Bual/berbual/Bercakap/cakap/memperkenalkan/memperkenalkan diri/bertemu/berjumpa/sembang,19,Tarian/menari,18,Makan/makanan/bufet,16,Telefon/telefon pintar/telefon bimbit/menelefon/mesej,13,Tidur/,10,Main/Permainan video/permainan/bermain permainan/bermain,0,Tonton TV/menonton tv/tv,0,Dengar Muzik/muzik/mendengar muzik/mendengar lagu,0,Pergi/balik,0,Nyanyi/menyanyi,0,Baca/membaca,0,Bilik mandi,0,Jalan/berjalan,0,Merokok,0,Parti/berpesta,0,,,,,,,,,,,,
Namakan hadiah yang sesuai untuk kanak-kanak jika anda tidak tinggal bersama mereka,0038,Mainan/anak patung,33,Haiwan/anjing/kucing,22,Dram,17,Kereta Mainan/kereta,10,Gula-gula,10,Pakaian,8,Gitar,0,Horn,0,Pistol Mainan/pistol,0,Telefon/tablet,0,Piano,0,Makanan,0,Patung Beruang,0,Basikal,0,TV,0,Permainan Video/permainan,0,,,,,,,,,,,,
Namakan pekerjaan yang membolehkan anda menjerit di tempat kerja,0027,Sukan/jurulatih/gim,30,Guru/sekolah/guru besar,25,Polis/,17,Pembinaan/pembina/pekerja binaan,11,Bomba/ahli bomba,9,Peguam/hakim,8,Broker Saham/broker/pedagang,0,Jurulelong,0,Pelakon/berlakon,0,Bos/pengurus,0,Tentera/askar,0,Penyanyi,0,Doktor,0,,,,,,,,,,,,,,,,,,
Namakan sesuatu yang orang ramai bangga untuk berkongsi di Facebook,0035,Keluarga - Anak/Keluarga/anak/kanak-kanak/isteri/pasangan/ibu bapa,43,Gambar/foto/,28,Pekerjaan/kerja,10,Umur,8,Kawan,6,Makanan,5,Status Hubungan/hubungan,0,Kehidupan,0,Video,0,Haiwan kesayangan/anjing/kucing/haiwan,0,Hari lahir,0,Meme,0,Kereta,0,Perkahwinan,0,Nama/nama sebenar,0,,,,,,,,,,,,,,
Selain daripada pisau$ namakan sesuatu yang akan anda jumpa pada pisau Swiss army,0031,Pemutar Skru/skru,36,Skru gabus,16,Gunting,14,Pemegang,12,Pembuka Botol/Pembuka,12,Kikir Kuku/kikir,10,Pembuka Tin,0,Tukul,0,Pencungkil gigi,0,Penyepit kecil,0,Garpu,0,Playar,0,,,,,,,,,,,,,,,,,,,,
Nama siapakah yang dibuat tatu pada lelaki?,0068,Emak/ibu/mami/mak/mama,33,Isteri/pasangan,22,Anak-anak/anak/anak lelaki/anak perempuan/,21,Ayah/abah/orang tua/daddy/papa,10,Kakak,7,Teman wanita/wanita/perempuan,7,Atuk nenek/atuk/nenek/tok/datuk,0,Haiwan/anjing/kucing,0,Kawan,0,Abang,0,Tuhan/nabi,0,,,,,,,,,,,,,,,,,,,,,,
Namakan sesuatu yang kanak-kanak bawa ke mana sahaja,0034,Mainan,33,Selimut,19,Patung Beruang/teddy/beruang/patung haiwan,13,Makanan/gula-gula/snek,13,Telefon/tablet,12,Botol/susu,10,Ibu bapa/Emak/ayah,0,Buku,0,Rattle,0,Patung/anak patung/bayi,0,,,,,,,,,,,,,,,,,,,,,,,,
Namakan sesuatu yang dilarang di kebanyakan kolam renang,0041,Kencing/buang air/urin,27,Terjun/lompat/melompat,20,Makanan/makan/snek,16,Berlari/lari,14,Minum/,14,Berak/najis,9,Kasut,0,Bogel,0,Pakaian/pakaian biasa,0,Mainan,0,Seks,0,Rakit,0,Haiwan kesayangan/anjing/kucing,0,Lemas,0,Menjerit/jerit,0,Simbahan/simbah,0,Puting susu,0,,,,,,,,,,
Namakan sejenis tarian yang orang ramai lakukan dalam pertandingan menari,0042,Balet/tarian klasik,21,Tap/menari tap,17,Hip Hop/breakdance/robot/gaya bebas/jalanan/tarian jalanan,16,Salsa,16,Tango,16,Jazz/tarian jazz,14,Swing/tarian swing,0,Waltz/dewan tarian,0,Pop,0,Kontemporari/Tarian Kontemporari,0,Square/tarian square,0,Samba,0,Polka,0,,,,,,,,,,,,,,,,,,
Beritahu saya sesuatu yang orang ramai lakukan sekali seminggu,0065,Beli-belah/kedai/mall/barang runcit,28,Bersihkan Rumah/bersihkan/membersihkan/kerja rumah/tugasan/membasuh,18,Sukan/senaman/bola sepak/bola keranjang/gim/berenang/berjalan/mendaki/bersenam,16,Makan di luar/Restoran/makan/makanan/Makan Malam/berkelah/bbq,14,Gereja/berkhidmat/pergi gereja,13,Kerja/Kerja sekolah/belajar,11,Membasuh baju,0,Tidur/membuta/rehat,0,Parti,0,Main/Permainan video/permainan/mainan,0,Berehat/santai/lepak/tidak buat apa-apa,0,Tonton filem & rancangan tv/menonton tv/tonton tv/TV/netflix/video/youtube/filem/pawagam/tonton filem/siri tv,0,Berjalan/melancong/bercuti,0,Kawan & keluarga/Berjumpa Kawan/jumpa kawan/bertemu rakan/keluar/jumpa keluarga/bertemu keluarga/keluarga/Lepak dengan kawan,0,Basuh Kereta,0,Kelab/Menari,0,Minum,0,,,,,,,,,,
Mengapa orang boleh bangun pada pukul 2 pagi?,0066,Lapar - Haus/lapar/haus/makanan/dapur/makan/minum/air/snek/susu,26,Bilik air/kencing/tandas/buang air kecil/berak/buang air besar/,24,Kerja/tugas,15,Telefon/panggilan/panggilan telefon/jawab panggilan/menjawab panggilan/berdering/telefon/hubungi orang/panggilan video/mesej,15,Kanak-kanak/Anak/bayi/anak-anak,14,Mimpi buruk/mimpi/mimpi ngeri/takut,6,Tidak dapat tidur/Tidak penat/Tidak mengantuk/Insomnia,0,Penggera,0,Dengar bunyi bising/bising/bunyi kuat,0,Panas - Sejuk/hangat/panas/sejuk/kesejukan,0,TV/tonton tv/menonton tv,0,Tidak sihat/sakit,0,Anjing/haiwan kesayangan/kucing/haiwan,0,Sekolah,0,Kecemasan/Kebakaran,0,Pasangan - Suami/Pasangan/suami,0,Seks,0,,,,,,,,,,
Namakan watak Star Wars,0009,Darth Vader/Lord Vader/Anakin skywalker/anakin/vader/darth/dark,35,Luke Skywalker/Luke/Skywalker/luck/like,28,Yoda,15,Leia/princess leia/leia skywalker/Princess/Laya/lea,8,Han Solo/solo/han/yan solo,8,R2D2/D2R2/D2/R2,6,Chewbaca/chewie/chewy/chewee/wookiee/chubaca,0,Rey,0,Obi-Wan Kenobi/Obi-Wan/kenobi/ben/obi,0,Darth Maul/Maul,0,C3PO,0,BB8,0,Kylo Ren/Kylo/ren,0,Boba Fett/boba/fett,0,Baby Yoda,0,,,,,,,,,,,,,,
Namakan sesuatu yang paling kerap orang lelaki tipu,0023,Wang/Pendapatan,25,Menipu/tipu,18,Tugas/kerja/jawatan,17,Wanita/cinta/seks/gadis/teman wanita,16,Umur,13,Tinggi,11,Keluarga/anak/isteri/pasangan,0,Status hubungan/hubungan/Menjadi Bujang/bujang,0,Berat,0,Kereta,0,Rumah,0,Mabuk,0,Saiz,0,Kawan,0,Telefon,0,,,,,,,,,,,,,,
Namakan sesuatu yang pandai dilakukan oleh orang yang mempunyai lengan panjang,0020,Sukan/bola keranjang/bola sepak/berenang/besbol,40,Mencapai/capai,27,Memanjat/memanjat batu,13,Merebut/rebut/menangkap/tangkap/merampas,8,Peluk/dakap,6,Memandu,6,Mengecat Siling/cat/mengecat/cat siling,0,Menukar Mentol/tukar mentol,0,Bergaduh/gaduh,0,Meregang/regangan,0,Mengangkat/angkat,0,Membersihkan/bersihkan,0,Memasak/masak,0,Membaiki/baiki,0,Makan/,0,,,,,,,,,,,,,,
Namakan watak daripada Game of Thrones,0069,Jon Snow/Snow/Jon/john,39,Sansa Stark/sansa,19,Arya Stark/arya,19,Eddard Stark/eddard/ned/ned stark,9,Tyrion Lannister/The Dwarf/dwarf/Tyrion,7,Cersei Lannister/Cersei/queen/lannister,7,Daenerys Targaryen/Khaleesi/Daenerys/Mother of Dragons,0,Jaime Lannister/Jaime/kingslayer,0,The Mountain/Thor,0,Khal Drogo/drogo,0,Naga,0,Robert Baratheon/king,0,Shae,0,Joffrey Baratheon/joffrey,0,Bran Stark/bran,0,,,,,,,,,,,,,,
Anda tidak akan keluar dengan seseorang yang ada ____ yang teruk,0017,Nafas,32,Rupa/penampilan/gaya/pakaian/bada/muka//kasut,21,Perangai/Adab/tabiat,13,Kebersihan/bau/bauan,12,Rambut,11,Gigi,11,Kredit,0,Keperibadian,0,Kereta,0,Wang,0,Cita Rasa,0,Rumah,0,Kerja,0,Keluarga/budak-budak/anak/anak-anak/ibu bapa,0,Mata,0,Kawan,0,,,,,,,,,,,,
Namakan sukan,0055,Bola Sepak Amerika/NFL,27,Bola Keranjang/NBA,25,Bola Sepak/MLS/persatuan bola sepak,20,Tenis,12,Besbol/MLB,10,Hoki/NHL,6,Golf,0,Bola tampar,0,Balapan/balapan dan padang/berlari,0,Berenang/renang,0,Sorak/Pasukan sorak,0,Ragbi,0,Lacrosse/lacross/crosse,0,Boling,0,Tinju,0,Sofbal,0,,,,,,,,,,,,
Namakan jenama makanan segera,0001,McDonald's/McD/macdonald,34,Burger King,19,Wendy's,18,Taco Bell,17,KFC,6,Subway,6,Pizza Hut,0,Arbys,0,Dominos,0,Popeyes,0,Sonic,0,Chick Fil A,0,Jack In the Box,0,Dairy Queen,0,In N Out,0,Papa Johns,0,,,,,,,,,,,,
Namakan jenama pakaian sukan,0072,Nike/niki,39,Adidas,21,Jordan/air jordan,14,Puma/uma,12,Under Armour/under,9,Reebok/Rebok/Rebook/Rebox,5,New Balance,0,Columbia,0,Asics,0,Champion,0,Dick's,0,Fila,0,Vans,0,Converse,0,Sketchers,0,Polo,0,,,,,,,,,,,,
Namakan pemain NBA,0013,Lebron James/lebron/james/The King/LBJ/king james/l-train,30,Stephen Curry/Chef Curry/curry/Stephen/Steph,21,Michael Jordan/jordan/air jordan/mj/Michael,20,Kobe Bryant/kobe/bryant,20,Kevin Durant/durant/kevin,5,Shaquille O'Neal/Shaquille/O'Neal/shaq,4,Larry Bird/Bird/Larry,0,Dwyane Wade/Wade/Dwyane,0,James Harden/Harden,0,Magic/Magic Johnson/Johnson,0,Kyrie Irving/Kyrie/irving,0,Chris Paul/paul,0,Allen Iverson/Allen/Iverson,0,Anthony Davis,0,Kareem Abdul-Jabbar/Kareem/Abdul-Jabbar,0,,,,,,,,,,,,,,
Namakan cuti umum di A.S.,0085,Hari Krismas/hari xmas/krismas/xmas,27,Thanksgiving/hari Thanksgiving/t-day/kesyukuran,23,Hari Tahun Baru/tahun baru,22,Independence Day/hari kebangsaan/merdeka/Empat Julai/4 julai/Julai 4/julai ke-4/julai/4hb julai,15,Hari Buruh/buruh,7,Memorial Day/peringatan,6,Hari Martin Luther King/Hari Martin Luther King Jr./Martin Luther King/ Luther King/Luther/Martin Luther King Jr/mlk/hari mlk/martin,0,Veterans Day/Veteran,0,Hari Presiden/Presiden,0,Hari Colombus/Colombus,0,Malam Christmas/malam xmas,0,Malam Tahun Baru,0,,,,,,,,,,,,,,,,,,,,
Namakan makanan yang boleh anda makan menggunakan jari untuk makan malam,0077,Kentang goreng/Kentang Jejari/kerepek panas,35,Ayam goreng/Kepak/ayam/tender/nuget/ayam panggang/nuget ayam,30,Piza,11,Burger/Hamburger,11,Sandwic/sub,9,Tacos/burritos/enchiladas,4,Sushi/Maki,0,Hot Dog,0,Rusuk,0,Cip,0,Roti,0,Buah,0,Ikan,0,Nachos,0,Jagung,0,Gula-gula,0,Bakon,0,Udang,0,,,,,,,,
Namakan perkhidmatan penstriman video,0080,Netflix,30,YouTube/YouTube TV,25,Hulu,15,Twitch,12,Disney+/disney/disney plus,10,Tubi,8,Showtime,0,HBO Max/HBO/HBO Now,0,Peacock,0,CBS/CBS All Access/semua akses,0,Sling TV/sling,0,ESPN+/espn,0,Apple TV+/apple/apple tv,0,Fubo TV/fubo,0,Amazon Prime/amazon/prime,0,Vudu,0,,,,,,,,,,,,
Namakan jenama telefon pintar,0081,iPhone/Apple,41,Samsung/galaxy,28,LG,11,Nokia,10,Google,6,Blackberry,4,Huawei,0,Xiaomi,0,ZTE,0,TCL,0,Lenovo/Motorola,0,OnePlus,0,HTC,0,Oppo,0,,,,,,,,,,,,,,,,
Apakah yang anda letakkan ke dalam kopi?,0078,Krim/latte/krim putar/,32,Gula,27,Susu,18,Air masak,9,Ais,9,Karamel/toffee/karmel,5,Tiada apa-apa,0,Kayu manis,0,Sirap,0,Vanila,0,Coklat/moka/Koko,0,Madu,0,Straw,0,Garam,0,Teh,0,Sudu,0,Pemanis,0,Perasa,0,Mentega,0,,,,,,
Namakan sesuatu yang anda tidak akan pakai sebagai tetamu di majlis perkahwinan,0025,Putih/gaun putih/semua putih/pakaian pengantin,27,Jeans/seluar,20,Seluar pendek,14,Topi/cap,14,Kemeja-T,14,Sneaker/kasut tenis,11,Hitam/semua hitam,0,Skirt,0,Tiada pakaian/bogel,0,Singlet,0,Baju Sejuk,0,Sandal/selipar,0,Kaca mata hitam,0,But,0,Baju tidur,0,,,,,,,,,,,,,,
Namakan salah satu bandar tercantik di dunia,0006,Paris/perancis,23,New York/NY/NYC,21,Los Angeles/la/california,17,Las Vegas/vegas,14,Rom/Itali,13,Miami/florida,12,San Francisco/SF/San fransico,0,Barcelona/sepanyol,0,Venice,0,London,0,Athens/greece,0,Cancun,0,Tokyo/jepun,0,,,,,,,,,,,,,,,,,,
Namakan seorang ahli keluarga Kardashian,0099,Kim/kim kardashian/kin,37,Kylie Jenner/kylie,19,Kendal Jenner/kendal,14,Kris Jenner/kris/chris,11,Kourtney/kourtney kardashian,10,Khloe/Khloe Kardashian,9,Caitlyn Jenner/caitlyn/bruce,0,Rob/rob kardashian,0,Kanye West/kanye/west,0,Brandon Jenner/brandon,0,Brody Jenner/brody,0,Robert/robert Kardashian,0,Scott Disick/scott/disick,0,North,0,Stormi,0,,,,,,,,,,,,,,
Namakan jenama minuman ringan,0011,Coca Cola/coke/cola/coca/coc/cok/cole/Diet Coke/oke/Coke cola,30,Pepsi/pepsi co/pepsi soda/Pepis/diet pepsi/pepsi diet/psi,24,Sprite,21,Fanta,11,Mountain Dew/mnt dew/mtn dew/dew,9,Root Beer,5,Dr Pepper,0,Crush,0,7up/Seven up,0,Ginger Ale,0,Sunkist,0,Sierra Mist,0,Faygo,0,Big Red,0,RC/Rc cola,0,Canada Dry,0,,,,,,,,,,,,
Namakan sesuatu yang dilakukan oleh tetamu di majlis perkahwinan,0079,Tarian/menari,24,Makan/makanan/kek,24,Minum/mabuk/minum hingga mabuk,17,Bual/berbual/Bercakap/cakap/memperkenalkan/memperkenalkan diri/bertemu/berjumpa/sembang/bersembang,15,Menyanyi/karaoke,12,Ketawa/senyum,8,Nangis/menangis,0,Ucap selamat,0,Main permainan/main/permainan,0,Tepuk tangan/bersorak,0,Goda/Dating/memikat/ayuh/bertindak/tarik/tarik perhatian/menarik/cinta/kucupan,0,Ambil Gambar/foto/gambar/gambar/tangkap gambar/ambil foto/tangkap foto/tangkap/ambil fotograf/tangkap gambar/ambil foto/mengambil foto/menangkap gambar/kamera/swafoto,0,Parti/meraikan,0,Duduk,0,Ucap selamat,0,Jalan,0,Peluk,0,Jam tangan,0,Hadiah,0,Berseronok,0,Dengar Muzik/Muzik,0,,
Namakan tempat yang ramai orang Amerika pergi bercuti sekurang-kurangnya sekali,0022,Florida/miami/orlando,29,New York/NY/NYC,18,California/LA/los angeles/san francisco/cali/san fran,17,Perancis/paris,15,Mexico/Cancun,11,Las Vegas/Vegas,10,Disneyworld/disney/disneyland,0,Hawaii,0,Grand Canyon,0,Pantai,0,London,0,Texas,0,Bahamas,0,China,0,Itali/roma/venice,0,,,,,,,,,,,,,,
Namakan kelab yang mungkin disertai oleh pelajar sekolah,0028,Sukan/bola sepak/bola keranjang/gim/,24,Catur,20,Drama/teater/berlakon,17,Matematik,14,Muzik/kumpulan/pancaragam,14,Glee/koir,11,Bahasa asing/sepanyol/asing,0,Debat,0,Buku/membaca,0,Seni,0,Sains,0,Tarian,0,Komputer,0,Memasak,0,Sorak,0,,,,,,,,,,,,,,
Namakan hidangan yang anda tidak akan hidangkan di parti beragam,0029,Piza,28,Hamburger/burger,24,Hot Dog,21,Pasta/Spageti,10,Kentang Goreng/Kentang Jejari/kerepek/kerepek panas,9,Stik,8,Lof daging,0,Sandwic daging,0,Ayam/kepak/nuget ayam/nuget,0,Taco,0,Burger Keju/Beger Keju,0,Rusuk,0,Bebola daging,0,Nachos,0,Sandwic,0,,,,,,,,,,,,,,
Namakan tempat yang anda akan kerap kunjungi jika tidak terlalu sesak,0030,Mall/kedai/gedung/beli-belah,35,Taman/Disneyworld/zoo/Disneyland/Taman hiburan/taman air/taman tema,32,New York/NY/NYC,10,Pantai,9,Kelab,8,Filem/panggung wayang/teater,6,Bar,0,Parti,0,Sekolah,0,Konsert,0,Kolam renang,0,Restoran,0,Paris,0,Las Vegas/vegas,0,Gereja,0,,,,,,,,,,,,,,
Apakah perkara yang terbaik dalam perarakan 4 Julai?,0043,Makanan/gula-gula/bbq/hot dog/barbeku,42,Mercun,26,Orang/bersesak-sesak,19,Keluarga/kanak-kanak,7,Menari/tarian,3,Muzik/mendengar muzik/dengar muzik/pancaragam/lagu/menyanyi,3,Kostum,0,Kereta/terapung,0,Perarakan,0,Minuman/minum,0,Bendera,0,Parti,0,Kawan,0,,,,,,,,,,,,,,,,,,
Namakan bandar yang orang ramai pergi kerana suasana pestanya,0015,Miami/florida,29,Las Vegas/vegas/nevada,23,New York/NY/NYC,18,Los Angeles/LA/california,16,Paris/perancis,8,Mexico,6,Cancun,0,Honolulu/hawai,0,New Orleans,0,Cali,0,Atlanta,0,Nassau/Bahamas,0,Chicago,0,Amsterdam,0,Orlando,0,Seattle,0,,,,,,,,,,,,
Namakan sesuatu yang memenuhkan rumah anda selepas Krismas,0036,Hadiah/pemberian,28,Makanan/gula-gula/kandi/biskut,20,Keluarga/orang/kanak-kanak,18,Pokok/pain/daun pain,13,Mainan,11,Kertas Pembalut/kertas,10,Hiasan/perhiasan,0,Kotak/,0,Lampu,0,Keseronokan/kasih sayang,0,Minuman,0,,,,,,,,,,,,,,,,,,,,,,
Namakan negeri di A.S. yang mana penduduknya menyebut 'y'all',0037,Texas,33,Florida/miami,16,Alabama,16,Carolina Utara,14,Kentucky,11,Georgia,10,New York,0,Oklahoma,0,Ohio,0,California,0,Tennessee,0,Mississippi,0,Carolina Selatan,0,Arizona,0,Louisiana,0,,,,,,,,,,,,,,
Namakan jenama aiskrim,0084,Ben & Jerry’s/ben and jerry/ben jerry,48,Häagen-Dazs,16,Blue Bell,13,Breyers,12,Turkey Hill,6,Talenti,5,Drewyer's/edy's grand,0,Magnum,0,Rebel,0,The Skinny Cow/Skinny Cow,0,Halo Top,0,Blue Bunny,0,Baskin Robbins,0,,,,,,,,,,,,,,,,,,
Namakan presiden A.S.,0058,Joe Biden/Joe/Biden,30,Donald Trump/Trump/donald,28,Barack Obama/obama/barack/bama,17,George Washington/Washington/george,10,George Bush/George Bush Senior/bush/bush senior/Busch,8,Abraham Lincoln/Lincoln/Abraham/abe,7,Ronald Reagan/Reagan/ronald,0,Richard Nixon/Nixon/richard,0,Bill Clinton/bill/Clinton,0,John F. Kennedy/Kennedy/JFK/JF Kennedy/John Fitzgerald Kennedy/john,0,Thomas Jefferson/Thomas/Jefferson,0,Franklin Delano Roosevelt/Roosevelt/Franklin D Roosevelt/Franklin/Rosevelt,0,John Adams/adams,0,Andrew Jackson/jackson,0,George W Bush/W Bush,0,Madison/James Madison,0,,,,,,,,,,,,