Diga o nome de uma fruta amarela,0003,Banana/banna/bannana/bnana/bnaana,34,Limão/limao,24,Abacaxi,12,Manga,11,Maçã/maçã amarela,11,Pera/pêra,8,Pêssego/pessego/pesego,0,Abóbora/abobora,0,Carambola,0,Milho,0,Toranja/toronja/turanja/grapefruit/pomelo,0,Uva,0,,,,,,,,,,,,,,,,,,,,
Diga o nome de um super-herói,0002,Batman/homem-morcego/cavaleiro das trevas,25,Superman/super man/super-homem/super homem/homem de aço,25,Homem-Aranha/homem aranha/aranhinha,19,Homem de Ferro,13,Hulk,13,Thor/tor,5,Mulher-Maravilha/mulher maravilha,0,Flash,0,Capitão América/capitao america,0,Robin,0,Pantera Negra/black panther,0,Lanterna Verde,0,Super Girl/supergirl/supermoça/super-moça/super moça,0,Aquaman,0,Coringa/joker,0,Viúva Negra/viuva negra,0,,,,,,,,,,,,
Diga o nome de uma bebida do café da manhã,0070,Suco De Laranja/laranja/suco,28,Café/cafe/café preto,19,Leite/leiti,18,Água/agua,15,Suco De Maçã/maçã,14,Chá/cha,6,Suco De Maracujá/suco de maracuja/maracujá,0,Refrigerante/refri/guaraná/guarana/coca,0,Vitamina/smoothie,0,Chocolate/achocolatado/chocolate quente/leite com chocolate,0,Limonada,0,Suco De Cranberry/suco de oxicoco/cranberry,0,Café Com Leite/latte,0,Shake/milkshake/milk shake,0,,,,,,,,,,,,,,,,
Diga o nome de um meio de transporte,0049,Carro/automóvel/automovel/limusine/ar,32,Avião/aviao/aeronave/jato/jatinho,21,Ônibus/onibus/bus,20,Bicicleta/bici/bike,10,Trem,9,Caminhar/andar/correr/a pé,8,Barco/navio,0,Táxi/uber/99,0,Scooter/patinete,0,Metrô/metro,0,Caminhonete/picape,0,Moto/motocicleta,0,Skate,0,Helicóptero,0,Cavalo,0,Lambreta/vespa,0,,,,,,,,,,,,
Diga algo que você sempre leva ao sair de casa,0071,Telefone Celular/celular/telefone/iphone/smartphone,29,Chaves/chave/chave do carro/chave de casa/,28,Carteira/cartera,16,Dinheiro/cartão de crédito/cartão/cartao/grana/trocado/moedas,12,Roupas/jaqueta/calça/chapéu/boné/casaco/camisa/meias/camiseta,8,Sacola/bolsa/mochila,7,Carro/carros/automóvel/automovel/limusine,0,Comida/lanche,0,Máscara,0,Carregador/carregador do telefone/carregador do celular,0,Óculos/oculos/óculos de sol/óculos escuros,0,Relógio/relogio,0,Pet/animal de estimação/cachorro/gato/bicho de estimação,0,Fones/fones de ouvido/fone de ouvido,0,Arma/pistola/fuzil/revólver,0,Sapatos/calçados/sapato/calçado/tênis,0,RG/carteira de identidade/identidade/passaporte/documento,0,Habilitação/carteira de habilitação/CNH/carteira de motorista,0,Criança/bebê/filho/filha/filhos,0,Mãe$ Pai/pais/mãe/pai,0,Esposa$ Marido/esposa/mulher/marido/esposo,0,Bebida/água/café,0
Diga um lugar em que você pode nadar,0056,Piscina/picina,28,Mar/oceano/praia,27,Lagoa/laguna/lago,20,Rio,9,Açude,8,Banheira/banheiro,8,Jacuzzi/banheira de hidromassagem/hidromassagem/hidro massagem,0,Hotel/academia,0,Parque Aquático/parque,0,Riacho/arroio/enseada,0,,,,,,,,,,,,,,,,,,,,,,,,
O que você pode encontrar num estojo de lápis?,0054,Lápis/lapis,45,Caneta/esferográfica/caneta esferográfica/caneta bic,20,Borracha/apagador,13,Marca-texto/marca texto/marcador de texto,9,Lápis de cor/lápis de cera/giz de cera/pastel,8,Apontador/apontador de lápis,5,Tesoura,0,Régua/regua,0,Cola/adesivo,0,Papel/bloco de notas,0,Grafite,0,Grampeador,0,Notas Adesivas/post-it/postite,0,Fita Adesiva/durex,0,,,,,,,,,,,,,,,,
Diga o nome de um amigo do Mickey Mouse,0073,Pateta/petata,27,Minnie Mouse/minnie/minny/mini/innie,24,Pato Donald/donald/pato,22,Pluto/cachorro/cão,16,Margarida,8,João Bafo De Onça/bafo de onça,3,Clarabela/vaca clarabela,0,Toodles,0,Tico E Teco/tico e teco,0,,,,,,,,,,,,,,,,,,,,,,,,,,
O que se pode fazer com um smartphone?,0045,Ligar/fazer ligações/receber ligações/telefonar/falar/conversar/ligar para as pessoas/ligar para alguém/ligar pra alguém,26,Jogar/jogo/jogar videogame/videogame/video game/jogo de celular/jogar jogos,22,Mensagens/enviar mensagens/texto/sms/mensagens de texto/e-mail/email/enviar e-mail/enviar mensagem,18,Retratos/fotos/foto/tirar foto/tirar fotos/fotografar/tirar uma foto/fazer fotos/fazer uma foto/câmera/camera/usar a câmera/selfie,14,Videochamada/fazer videochamada/facetime/Skype/ligar/videoconferência/fazer videoconferência/zoom,10,Redes Sociais/Facebook/Instagram/snap/snapchat/twitter/rede social/social/insta/tik tok/postar/tweetar/whatsapp/zap/whats app/whats,10,Música/ouvir música/escutar música/tocar música,0,Ler/notícias/ler as notícias/ler notícias/ler um livro/ler livros/livro,0,Internet/bucar/google/web/safari/chrome/pesquisar/pesquisar/navegar na internet/navegar,0,Apps/aplicativos/baixar/download/fazer download,0,Gravar/fazer gravações,0,Trabalhar,0,Anotar/fazer anotações/escrever/digitar,0,GPS/mapa/usar mapas/mapas/usar gps,0,Hora/relógio/alarme/ver as horas,0,Calculadora/calcular,0,Vídeos/assistir/assistir a filmes/assistir filmes/assistir a séries/assistir series/netflix/YouTube/ver vídeos no youtube/assistir ao YouTube/tv/pornô/assistir à tv/assistir tv/ver tv/ver filmes,0,Clima/previsão do tempo/ver a previsão do tempo,0,Comprar/fazer compras,0,,,,,,
Diga o nome de uma plataforma de rede social,0087,Instagram/insta,32,Facebook/messenger do Facebook/messenger/face,25,Snapchat/snap,18,Twitter/twiter,12,TikTok/tik tok/Musically/Tick-tock/Tictok/tic toc,8,YouTube/you tube,5,Reddit,0,Tumblr,0,Discord,0,Houseparty,0,Itsme,0,Bigo,0,Telegram/telgram,0,Yolo,0,Yubo,0,LinkedIn/linked in,0,WhatsApp/whats/wahts,0,Pinterest/pint,0,Kik,0,MySpace,0,Tinder,0,,
Diga o nome de uma princesa Disney,0004,Cinderela/cinderella,24,Elsa/frozen,21,Ariel/pequena sereia/a pequena sereia/aerial,15,Branca De Neve/branca/neve,14,Tiana/Tina/a princesa e o sapo/princesa e o sapo/tianna,14,Bela/a bela e a fera/bela e a fera/bella,12,Anna/ana,0,Jasmine/jasmin,0,Bela Adormecida/a bela adormecida/Aurora/Auroa/aroura/arora,0,Mulan,0,Rapunzel/repunzel,0,Moana/mona,0,Pocahontas,0,Merida,0,,,,,,,,,,,,,,,,
Diga o nome de um instrumento musical,0060,Bateria/tambor/surdo/bumbo/percussão/pandeiro,29,Piano/teclado,18,Guitarra/guitarra elétrica/violão/viola/violao/baixo/contrabaixo,15,Trompete,14,Flauta/flauta transversa,14,Violino,10,Clarinete,0,Tuba,0,Trombone,0,Saxofone/sax,0,Triângulo,0,Harpa,0,Cello/chello/violoncelo,0,Corneta/trompa,0,Banjo,0,Gaita/gaita de boca/harmônica/harmonica,0,,,,,,,,,,,,
Diga algo que os milionários compram só por diversão,0000,Carro/carros/automóvel/automovel/limusine,31,Casas/casa/apartamento/apartamentos/residência/mansões/mansão/mansao/prédio/edifício,28,Sapatos/calçados/sapato/calçado/tênis,16,Barco/navio/barco a vela/veleiro/iate,10,Roupas/vestidos/vestido/vestuário/vestimenta/traje/roupa/terno/gucci,8,Telefone/smartphone/iphone/celular,7,Bolsas/bolsa,0,Avião/aviao/jato/jatinho/jato particular/avião particular,0,Joias/joia/gemas/anel/colar,0,TV/televisão,0,Cabelo,0,Pets/animal de estimação/cachorro/gato,0,Relógios/relógio,0,Jogos/brinquedos/videogames/video games/games,0,Viagens/férias/turismo,0,Eletrônicos/computador/laptop,0,Helicóptero,0,,,,,,,,,,
Diga o nome de uma atividade que costuma deixar você com sono,0024,Assistir À TV/assistir tv/ver tv/TV/televisão/vídeo/netflix/youtube/ver vídeos no youtube,48,Ler/leitura/livro,27,Escola/dever de casa/estudar,10,Trabalhar/trabalho,6,Dirigir/carro/veículo/carona,5,Comer/comida/culinária/refeição/restaurante/sair para jantar,4,Correr$ Caminhar/correr/caminhar/corrida/caminhada,0,Jogar/jogo/videogame/video game,0,Beber/bebida/álcool,0,Ligar/fazer ligações/receber ligações/telefonar/ligar para as pessoas/falar no telefone,0,Deitar/me deitar,0,Limpar/limpeza/faxina,0,Falar/conversar,0,Cinema/filme/filmes/assistir um filme/assistir a filmes/assistir filmes/ir ao cinema/ver filmes/ver um filme,0,Cozinhar,0,Dormir/cochilar,0,,,,,,,,,,,,
Diga algo que um mágico faz desaparecer,0016,Coelho/lebre/coelhinho,31,Pessoas/pessoa/gente/humano/ser humano/plateia/espectador/corpo,25,Cartas/ás,16,Chapéu,10,Dinheiro/grana/moeda/moedas/cédula/nota/ouro,10,Pássaro/ave/pombo/pomba/papagaio,8,Assistente,0,Flores/rosas,0,A Si Mesmo/si sesmo/a si próprio/si próprio/ele mesmo,0,Comida,0,Papel,0,Varinha,0,Gato,0,Caixa,0,Cachorro/cão,0,,,,,,,,,,,,,,
Diga o nome de algo que você encontra na praia,0076,Areia/area,32,Pessoas/gente/criança/crianças,26,Oceano/mar/água,17,Peixe/peixes/tubarão,10,Conchas/concha/conchinhas,8,Gaivotas/pássaros/gaivota/pássaro,7,Caranguejos/siris/caranguejo/siri,0,Guarda-Sol/guarda sol,0,Toalha/toalhas,0,Protetor Solar/filtro solar,0,Salva-Vidas/salva vidas,0,Palmeiras/palmeira/coqueiro/coco-verde/coco verde/coco,0,Ondas,0,Cadeira De Praia/cadeira/cadeiras,0,Castelo De Areia/castelo,0,Comida/sorvete/milho/picolé,0,Algas Marinhas,0,Bola/bola de praia,0,Sol,0,Pedras,0,Lixo,0,Água-Viva/água viva/agua-viva/agua viva,0
O que você pode pendurar numa parede?,0044,Foto/pôster/poster/imagem/cartaz/fotografia/contas,33,TV/televisão,29,Espelho,12,Relógio/relogio,11,Lâmpada/lampada/luz de parede,8,Pintura/obra de arte/arte/desenho/mural/quadro/moldura,7,Prato,0,Calendário/calendario,0,Quadro-Branco/quadro branco/quadro-negro/quadro negro,0,Aquecedor,0,Cabideiro/cabidero/porta-chapéus/porta chapéus/porta-chapéu,0,Papel De Parede,0,Plantas/jardim/flor,0,Mapa,0,Prateleiras/prateleira,0,Chaves/chaveiro,0,Cortinas,0,Papel,0,,,,,,,,
O que você pode encontrar numa bolsa de mulher?,0089,Maquiagem/batom/maquilagem/protetor labial/gloss/rímel/sombra/gloss labial,25,Dinheiro/moedas/grana/notas/cédulas/cartão de crédito/cartão/cartao/reais/trocado,20,Telefone Celular/celular/telefone/iphone/smartphone,17,Carteira/porta-moedas/moedeiro,16,Chaves/chave/chave do carro/chave de casa/,12,Absorvente Higiênico/absorvente/absorvente íntimo/tampão/absorvente interno/modess/modes,10,Escova/escova de cabelo/pente,0,Lenço/lenço de papel/lenços/lenços de papel/kleenex,0,Espelho,0,Caneta,0,RG/carteira de identidade/identidade/passaporte/papéis,0,Habilitação/carteira de habilitação/CNH/carteira de motorista,0,Máscara,0,Álcool Em Gel/desinfetante para as mãos/desinfetante/álcool/alcool/álcool gel,0,Chiclete/goma de mascar,0,Óculos/oculos/óculos de sol/óculos escuros,0,Perfume,0,Doces/guloseimas,0,Loção/hidratante/creme,0,Carregador/carregador do telefone/carregador do celular,0,Comida,0,Lenço Umedecido/lenços umedecidos/lenço umidecido,0
Diga o nome de um gênero e filme,0184,Ação,24,Comédia,24,Horror/terror,17,Romance,15,Thriller/suspense,12,Sci-fi/ficção científica,8,Crime/gângster,0,Aventura,0,Drama,0,Musical/música,0,Político/política,0,Fantasia/fantasia heroica,0,Guerra,0,Cartoon/animação,0,Western/faroeste/bang bang,0,Biografia,0,Mistério,0,,,,,,,,,,
Diga o nome de um vegetal verde,0051,Alface/Salada,19,Brócolis/brócoli/brocolis/brócolos,19,Ervilha/ervilhas,19,Pepino/pipino,17,Feijões-Verdes/feijão-verde/feijão verde/feijões verdes/feijão/feijões/vagem,16,Repolho,10,Espinafre,0,Pimenta/pimenta-verde,0,Aspargo,0,Couve,0,Picles,0,Couve-De-Bruxelas,0,Abobrinha,0,Abacate,0,,,,,,,,,,,,,,,,
Diga o nome de um mago famoso,0067,Harry Potter/Harry/potter,42,O Mágico De Oz/mágico de oz/oz,17,Dumbledore/Professor Alvo Dumbledore/Alvo Dumbledore/alvo,14,Merlin/merlin$ o mago/mago merlin/merlim,13,Gandalf/gandalf$ o branco,8,Voldemort/lorde voldemort/lorde,6,Dr. Estranho/doutor estranho/estranho/dr estranho,0,Ron/ron weasley/weasley/rony weasley,0,Alex Russo/Alex,0,Saruman,0,Hagrid/Rúbeo Hagrid/Rúbeo/Rubeo Hagrid/Rubeo,0,Hermione/hermione granger/granger/,0,Yoda/Ioda,0,Snape/snake/Professor Severo Snape/Severo Snape/snap,0,Houdini,0,,,,,,,,,,,,,,
Diga algo que os fãs colecionam de seus cantores favoritos,0033,Música/álbum/canção/CD/disco,48,Roupas/camisa/camiseta/calça/calças/roupas íntimas/meias,15,Autógrafos/assinatura,11,Imagens/fotos,10,Pôsteres/pôster/posters/posteres/poster,10,Cabelo,6,Merchandising,0,Sapatos/calçados/sapato/calçado/tênis,0,Tíquetes/tickets/ingressos,0,Abraço,0,Caneta,0,,,,,,,,,,,,,,,,,,,,,,
Diga o nome de algo que voa,0095,Inseto/abelha/borboleta/mosca/vespa/moscas,38,Avião/aviao/aeronave/jato/jatinho,25,Pássaro/águia/coruja/pato/passarinho/pardal/pomba,22,Helicóptero,7,Balão/dirigível/balão de ar quente,5,Papagaio/pipa,3,Paraquedas/paraquedista,0,Tempo,0,Morcego,0,Planador,0,Drone,0,Espaçonave/nave espacial/foguete/ônibus espacial,0,Avião de papel/aviãozinho de papel,0,Balão De Hélio,0,Super-Herói/herói/superman/super-homem,0,Zepelim,0,Papel,0,Pessoas/gente,0,,,,,,,,
Diga o nome de um animal que aparece em O Rei Leão,0086,Leão/leoa,35,Pássaro/calau/tucano/calau-de-bico-amarelo,19,Macaco/mandril/babuíno,15,Elefante,11,Hiena,10,Tigre,10,Rinoceronte/rinoceronte-negro,0,Hipopótamos,0,Zebras,0,Gazela/gazela-de-thomson,0,Girafa,0,Búfalo-Africano/búfalo,0,Gnus/gnu,0,Crocodilos,0,Avestruzes,0,Suricata/suricato,0,Facocero/facocero-comum,0,Porco/javali,0,Guepardo,0,Puma,0,Cobra,0,Insetos,0
Diga o nome de algo afiado,0052,Faca/lâmina,42,Lápis/lapis/caneta,26,Tesoura,9,Pregos,9,Vidro,8,Espada/sabre/adaga,6,Espinho,0,Parafuso,0,Agulha,0,Flecha,0,Alfinete/percevejo/tachinha,0,Motosserra,0,Serra/serra tico-tico,0,Apontador/apontador de lápis,0,Garfo,0,Lâmina/lâmina de barbear/lamina/barbeador,0,Machado,0,Estilete/facão/canivete,0,Dentes/dente,0,Metal,0,Martelo,0,Mente,0
Diga algo que pode deixar seu marido/sua esposa zangado(a) se você fizer demais,0021,Dormir/descansar/cochilar,30,Comer/comida,21,Gastar Dinheiro/fazer compras/gastar/torrar dinheiro/comprar demais/dinheiro,18,Falar/conversar,16,Beber/bebida,9,Assistir À TV/assistir tv/televisão/tv/assistir à televisão/ver tv,6,Trabalhar/trabalho,0,Traição/trair,0,Telefonar,0,Gritar/berrar,0,Fumar,0,Sair/passear,0,Jogar/jogo/videogame/video game,0,Deitar/ficar deitado/ficar deitada,0,Sexo/transar,0,Lutar/brigar,0,,,,,,,,,,,,
Diga o nome de um personagem da saga Harry Potter,0007,Harry Potter/Harry/potter,50,Ron/ron weasley/weasley/rony weasley,15,Draco Malfoy/Draco/malfoy,14,Hermione/hermione granger/granger/,8,Voldemort/lorde voldemort/lorde,7,Snape/snake/Professor Severo Snape/Severo Snape/snap,6,Dumbledore/Professor Alvo Dumbledore/Alvo Dumbledore/alvo,0,Hagrid/Rúbeo Hagrid/Rúbeo/Rubeo Hagrid/Rubeo,0,Luna,0,Gina,0,Dobby,0,Edwiges/coruja,0,Neville/Neville Longbottom/Longbottom,0,Sirius Black/Sirius/Black,0,Fred Weasley/fred,0,,,,,,,,,,,,,,
Diga o nome de algo em que você pode se sentar,0092,Cadeira/cadeira de escritório/assento,31,Sofá/canapé,18,Cama,18,Piso/chão,15,Carro/assento do carro,9,Mesa,9,Banco,0,Banqueta/banco de igreja,0,Bunda/bumbum/traseiro/nádegas,0,Pufe/otomana/banquinho/escabelo,0,Colo/pessoa/gente,0,Escrivaninha,0,Travesseiro,0,Vaso Sanitário/privada,0,Balanço,0,Espreguiçadeira/poltrona reclinável,0,Grama,0,Balcão,0,Escada/degrau/degraus,0,Ônibus/onibus/bus,0,Tamborete/mocho,0,Poltrona,0
Diga algo que dá para ver que é falso num filme piegas,0019,Amor/sexo/romance,45,Atuação/ator/artista/comediante/estrela/pessoas/conversa/personagens/emoção/comédia/choro/lágrima/risada/riso,16,Sangue/hemorragia/sangramento/hemoglobina,15,Monstros/criaturas/fera/alienígena/alien/demônio/diabo/fantasma/dragão/bruxa/bruxas,11,Comida,7,Lutas/brigas/ação/batalha/pancadaria/combate,6,Cenário/ambientação/paisagem/decoração/casa,0,Dinheiro,0,Carro,0,Morte/assassinato/homicídio,0,Arma/faca,0,Animais,0,Objetos De Cena,0,Cabelo,0,Poderes/magia,0,Vilão/assassino/bandido,0,,,,,,,,,,,,
Diga um animal de estimação,0061,Gato/gatinho/gat/ato/gatinhos,35,Cachorro/cachorrinho/cão/cachoro,31,Peixe/pexe/peixinho dourado/peixinho,11,Hamster,9,Cobra/serpente/corba,8,Pássaro/papagaio/passaro/pásaro,6,Coelho/coelhinho,0,Lagarto/iguana,0,Tartaruga/tataruga,0,Cavalo,0,Porco,0,Camundongo/camundongos,0,Rato/ratos,0,Macaco,0,Porquinho-Da-Índia/porquinho da índia,0,Aranha,0,,,,,,,,,,,,
Diga o nome de algo que os cavaleiros dos contos de fada combatem,0012,Dragão,33,Homens$ Mulheres/homens/homem/mulher/mulheres/garota/pessoas/gente,26,Monstros/criaturas/fera,17,Bruxa$ Bruxo/bruxa/bruxo/mago/conjurador/feiticeiro,10,Cavaleiros,8,Animais/lobo/urso,6,Ogro,0,Rei,0,Troll/trol,0,Gigante/titã,0,Amor,0,Mal,0,Princesa,0,Fantasma,0,Bandidos/vilão,0,Zumbis,0,Demônio/diabo,0,,,,,,,,,,
O que se pode encontrar numa casa mal-assombrada?,0074,Fantasmas/alma penada/espectro/espíritos,34,Monstros/criaturas/fera,17,Aranhas/teias de aranha/teia/teia de aranha/aranha,16,Sangue,13,Pessoas/gente,12,Palhaços,8,Múmia,0,Pó/sujeira/poeira,0,Luzes,0,Noiva Decapitada/noiva/fantasma de noiva,0,Camundongos/ratos,0,Espelho,0,Zumbis,0,Serial Killer/assassino/homicida/matador,0,Esqueleto/crânios/ossos/caveiras,0,Vampiro/drácula/dracula,0,Demônio/diabo,0,Cadáver/corpo/defunto/morto/gente morta/mortos,0,Bruxa/bruxo,0,Insetos,0,Faca,0,Morcego,0
Diga o nome de coisas que vêm aos pares,0075,Sapatos/calçados/tênis/botas,31,Meias,24,Mãos,13,Pés/pé,13,Orelhas/ouvidos,12,Luvas,7,Braços,0,Olhos,0,Pernas,0,Seios,0,Dupla Sertaneja,0,Bunda/bumbum/traseiro/nádegas,0,Óculos/oculos/óculos de sol/óculos escuros,0,Calças/jeans,0,Roupas,0,Gêmeos,0,Brincos,0,Pessoas/casais,0,Comida,0,,,,,,
Diga o nome de um fabricante de carros dos EUA,0083,Ford,38,Jeep,16,Chevrolet/chevy,15,Tesla,12,Dodge,11,GMC,8,Buick,0,Cadillac,0,Lincoln,0,Ram,0,Chrysler,0,Pontiac,0,Mustang,0,,,,,,,,,,,,,,,,,,
Diga o nome de algo que sobe e desce,0093,Escada,27,Avião/aeronave,20,Elevador,18,Balanço/gangorra,13,Bola,13,Escada Rolante,9,Carrossel/carrosel,0,Zíper/fecho-relâmpago/zipper,0,Montanha-Russa,0,Pula-Pula,0,Ioiô,0,Humor/meu humor/sentimentos/animação/motivação/felicidade,0,Termômetro/temperatura/clima,0,Helicóptero,0,Balão/dirigível/balão de ar quente,0,Escorregador,0,Escadaria,0,Pássaro/passaro/passarinho,0,Peso,0,Carros,0,Tempo,0,Colinas/morros,0
Diga o nome de algo que anda muito devagar,0094,Caracol/caramujo,35,Pessoas Idosas/idosos/pessoas de idade/pessoas velhas/velhos/velho/velha/pessoa velha/pessoa idosa,30,Tartaruga/jabuti/cágado,17,Preguiça/bicho-preguiça,8,Vermes/minhocas,5,Bebê/criança/crianças/criancinha/criancinhas/bebês,5,Pessoas Bêbadas/bêbado/gente bêbada,0,O Detran/detran,0,Plantas/crescimento das plantas,0,Geleiras/glaciares,0,Nascimento/dar à luz/dar a luz/parto,0,Correios,0,Tempo,0,Coala,0,Fila,0,Elefante,0,Lesma,0,,,,,,,,,,
Diga o nome de algo oferecido durante os voos comerciais,0096,Lanches/comida/refeição/bandeja de comida/bandeja de refeição,30,Álcool/champanhe/vodca/uísque/cerveja/vinho/rum/coquetel,23,Refrigerantes/água/refri,19,Revistas/jornais/notícias,10,Filme/tela/séries/desenho animado,10,Fones/fones de ouvido/fone,8,Assentos Desconfortáveis/assentos,0,Bagageiro Do Avião/bagageiro,0,Travesseiro,0,Cobertor,0,Banheiro/vaso sanitário/lavabo,0,Saco De Vômito/saco de enjoo,0,Tolha Umedecida/toalha,0,,,,,,,,,,,,,,,,,,
Diga o nome de algo que você associa ao Superman,0097,Capa,35,Poder/superpoder/força/músculos grandes/músculo/forte,22,Super-Herói/herói,13,Clark Kent/clark/kent,11,Lois Lane/lois/lane,10,Uniforme/traje/malha/collant/cueca/calção,9,Kryptonita/Krypton,0,Voar/voo,0,A Letra S/letra s/s,0,Lex Luthor/Lex/Luthor,0,Smallville,0,Óculos,0,O Planeta Diário/planeta diário,0,Jornalista,0,Metrópolis/metropolis,0,DC Comics/DC,0,,,,,,,,,,,,
Diga o nome de um hobby de geeks,0005,Ler/leitura/livro/romances de ficção,30,Videogames/games/video games,18,Estudar/trabalhar/dever de casa/escola/estudo,16,Ciência/matemática,13,Xadrez,13,Damas,10,TV/assistir a filmes e séries/assistir à TV/assistir tv/televisão/ver tv/assistir à televisão/ver televisão/netflix/vídeo/youtube/filme/cinema/assistir a filmes/série/programas de tv/anime,0,Computador/código/programação,0,Telefonar,0,Quadrinhos/revistas em quadrinhos/HQ,0,Jogos De Tabuleiro/RPG/cartas/jogos de cartas/dungeons and dragons,0,Banda/música/banda marcial,0,Esportes/tênis/futebol/golfe/hóquei/basquete,0,Cosplay,0,Tecnologia,0,,,,,,,,,,,,,,
Em que lugar as crianças passam a maior parte do tempo delas?,0064,Fora/na rua/ao ar livre/jardim/parque/playground/quintal,31,Casa/dentro de casa/em casa,24,Quarto/cama/dormindo/na cama,17,Escola/dever de casa/fazendo trabalho/biblioteca/aula,16,Shopping/shopping center/loja/brinquedos,7,Casa Do Amigo/amigos/casa de amigos/com amigos,5,Campo De Esportes/quadra/estádio/ginásio/área de esportes/campo,0,Filmes/cinema/cinemas,0,Cozinha/comer/comendo,0,Carro,0,Banheiro/chuveiro,0,Sala/sala de estar/tv/vendo tv/assistindo à tv/sofá/assistindo tv,0,Piscina,0,Casa De Parentes/nos avós/família/pais/parentes,0,Festa,0,Igreja,0,,,,,,,,,,,,
Diga o nome de algo que você associa às bruxas,0098,Vassoura/vassouras,43,Chapéu/chapéu preto,18,Caldeirão,14,Roupas Pretas/roupas/vestido/vestido preto,9,Gato Preto/gato,9,Verruga,7,Poção,0,Feitiços/magia,0,Halloween/dia das bruxas,0,Abóbora,0,Nariz Adunco/nariz curvado,0,Feiura,0,Teias De Aranha/teia/teia de aranha/aranha,0,,,,,,,,,,,,,,,,,,
Diga algo que você faz nos fins de semana,0014,Dormir/descansar/cochilar,23,Festa,21,Como Fora/Restaurante/comer/comida/saio para jantar/jantar/piquenique,16,Compras/faço compras/vou ao shopping,14,Jogo/videogame/games/jogos,14,Amigos E Família/visito os amigos/vejo os amigos/encontro os amigos/amigos/saio/visito a família/vejo a família/família/saio com os amigos,12,Esporte/exercícios/futebol/basquete/academia/natação/caminhada/caminho/musculação,0,TV/assisto à tv/assisto tv/netflix/vídeo/youtube/séries/assisto a programas/assisto programas/programa de tv,0,Viagem/férias/turismo,0,Relaxo/esfrio a cabeça/nada,0,Faxina/limpo a casa/limpeza/tarefas de casa/tarefas domésticas,0,Trabalho/faço dever de casa/estudo,0,Leio/leitura,0,Igreja,0,Saio/vou pra rua/parque/praia/acampo/acampamento/me divirto ao ar livre/,0,Danço/boate/casa noturna,0,Bebo,0,Filmes/cinema/assisto a filmes,0,,,,,,,,
Diga o nome de algo que faz muito barulho,0008,Carro/carros/automóvel/automovel/caminhão,37,Música/bateria/trompete/violão,19,Avião/aviao/jato/jatinho/jato particular/avião particular,14,Bebê/criança/crianças/criancinha/criancinhas/bebês,13,Animal/cachorro,9,TV/televisão,8,Fogos De Artifício/rojão,0,Trem,0,Corneta/trompa,0,Ônibus/onibus/bus,0,Pessoas/multidão/gente,0,Arma/fuzil,0,Telefone,0,Caminhão/picape/caminhonete,0,Rádio,0,Bomba,0,Helicóptero,0,,,,,,,,,,
O que você faz para passar o tempo numa festa em que não conhece ninguém?,0018,Bebo/bebida/beber/álcool,24,Converso/conversar/falo/falar/me apresento/conheço pessoas novas/bato papo,19,Danço/dançar,18,Como/comida/buffet,16,Telefone/smartphone/celular/mensagem de texto,13,Durmo/cochilo,10,Jogo/videogames/games/jogos/jogar,0,Assisto À TV/assisto tv/tv,0,Ouço Música/música/escuto música,0,Vou Embora/caio fora,0,Canto,0,Leio/leitura,0,Banheiro,0,Caminho/ando,0,Fumo,0,Faço Festa/festejo,0,,,,,,,,,,,,
Diga o nome de algo que todo pirata precisa,0188,Navio/barco/Pérola Negra/Holandês Voador,30,Tesouro/ouro,23,Tripulação/imediato,19,Chapéu/bandana,10,Mapa/mapa do tesouro,10,Espada/bainha,8,Papagaio/pássaro/animal,0,Tapa-olho/pala,0,Bússola,0,Bandeira/estandarte/flâmula,0,Prancha/andar na prancha,0,,,,,,,,,,,,,,,,,,,,,,
O que você pode ver nos céus?,0230,Sol,35,Nuvens/nuvem,19,Pássaros/pássaro/pombo/pombos,15,Avião/aviões,11,Lua,10,Estrelas/estrela/estrela cadente/estrelas cadentes,10,Pipa,0,Chuva/tempestade/raios/relâmpagos,0,Helicóptero/helicópteros,0,Balão/balão de ar quente/balões,0,Neve/flocos de neve/flocos,0,Planetas/constelação/constelações,0,Cometa/cometas/meteoro/meteoritos/meteoros,0,Satélite/satélites,0,,,,,,,,,,,,,,,,
Diga o nome de um ótimo presente para crianças caso elas não morem com você,0038,Brinquedos/boneco/boneca,33,Pet/animal de estimação/cachorro/gato/bicho de estimação,22,Tambores,17,Carro De Brinquedo/carrinho/carro,10,Doces/guloseimas,10,Roupas,8,Violão,0,Corneta/trompa,0,Arma De Brinquedo/arma/arminha,0,Telefone/tablet,0,Piano,0,Comida,0,Ursinho De Pelúcia,0,Bicicleta,0,TV/televisão,0,Videogames/video games,0,,,,,,,,,,,,
Diga o nome de um trabalho em que se pode gritar sem problemas,0027,Esportes/técnico/treinador,30,Professor/escola/diretor,25,Polícia/policial,17,Construtor/empreiteiro/operário da construção civil,11,Bombeiro,9,Advogado/juiz,8,Corretor Da Bolsa/corretor,0,Leiloeiro,0,Ator/atriz,0,Chefe/gerente,0,Exército/soldado,0,Cantor,0,Doutor,0,,,,,,,,,,,,,,,,,,
Diga o nome de algo que as pessoas compartilham com orgulho no Facebook,0035,Família$ Filhos/família/filhos/pais/esposa/marido,43,Imagens/fotos/fotografias,28,Emprego/trabalho,10,Idade,8,Grupo De Amigos,6,Comida,5,Estado Civil/relacionamento,0,Vida,0,Vídeos,0,Pet/animal de estimação/cachorro/gato/bicho de estimação,0,Aniversário,0,Memes,0,Carro,0,Casamento,0,Nome/nome real,0,,,,,,,,,,,,,,
Além da navalha$ diga o que mais você encontra num canivete suíço,0031,Chave De Fenda/parafuso,36,Saca-Rolhas,16,Dupla Sertaneja,14,Punho,12,Abridor De Garrafa/abridor,12,Lixa De Unhas/lixa,10,Abridor De Lata,0,Martelo,0,Palito De Dente,0,Pinça,0,Garfo,0,Alicate,0,,,,,,,,,,,,,,,,,,,,
Homens costumam tatuar o nome de quem?,0068,Mãe/mamãe/mae/mama,33,Esposa/mulher,22,Filhos/filho/filha,21,Pai/papai/coroa/velho,10,Irmã,7,Namorada/mulher/mulheres,7,Avô/vô/avó/vó/vovô/vovó,0,Pet/animal de estimação/cachorro/gato/bicho de estimação,0,Amigo/amiga,0,Irmão,0,Deus/jesus,0,,,,,,,,,,,,,,,,,,,,,,
Diga o nome de algo que uma criança carrega para todos os lugares,0034,Brinquedo,33,Cobertor,19,Ursinho De Pelúcia/ursinho/urso/bicho de pelúcia,13,Comida/doce/lanche,13,Telefone/tablet,12,Garrafa/leite,10,Pai/mãe/pai,0,Livro,0,Chocalho,0,Boneca/bonequinha,0,,,,,,,,,,,,,,,,,,,,,,,,
Diga o nome de algo que seja proibido na maioria das piscinas,0041,Fazer Xixi/xixi/urinar/mijar,27,Mergulhar/mergulho/pular/saltar,20,Comida/comer/lanche,16,Correr/corrida,14,Beber/bebida,14,Fazer Cocô/cocô/cagar,9,Sapatos/calçados/sapato/calçado/tênis,0,Nudez/tirar a roupa de banho/ficar pelado/ficar pelada/nudismo,0,Roupas De Rua,0,Brinquedos,0,Sexo/transar,0,Balsas/botes,0,Pets/animal de estimação/cachorro/gato,0,Afogar/caldinho,0,Gritar/berrar,0,Espirrar Água,0,Chupeta/bico,0,,,,,,,,,,
Diga o nome de uma modalidade que as pessoas dançam numa competição de dança,0042,Balé/dança clássica,21,Sapateado,17,Hip Hop/breakdance/robô/freestyle/estilo livre/street dance/dança de rua/break,16,Salsa,16,Tango,16,Jazz,14,Swing,0,Valsa/dança de salão,0,Pop,0,Contemporânea/dança contemporânea,0,Quadrilha/dança de quadrilha,0,Samba,0,Polca,0,,,,,,,,,,,,,,,,,,
Diga algo que muitas pessoas só fazem uma vez por semana,0065,Compras/fazer compras/ir ao shopping,28,Faxina/limpar a casa/limpeza/tarefas de casa/tarefas domésticas,18,Esporte/exercícios/futebol/basquete/academia/natação/caminhada/caminho/musculação,16,Comer Fora/Restaurante/comer/comida/sair para jantar/piquenique/churrasco,14,Igreja/missa/culto/ir à igreja,13,Trabalho/dever de casa/estudo,11,Lavanderia,0,Dormir/descansar/cochilar,0,Festa,0,Jogo/videogame/games/jogos,0,Relaxar/esfriar a cabeça/nada,0,TV/assistir a filmes e séries/assistir à TV/assistir tv/televisão/assistir à televisão/ver tv/ver televisão/netflix/vídeo/youtube/filme/cinema/assistir a filmes/séries/ver filmes/ver séries,0,Viagem/férias/turismo,0,Amigos E Família/visitar os amigos/ver os amigos/encontrar os amigos/amigos/sair/visitar a família/ver a família/família/sair com os amigos,0,Lavar O Carro,0,Dançar/boate/casa noturna,0,Beber,0,,,,,,,,,,
Por que uma pessoa acordaria às 2h da madrugada?,0066,Fome$ Sede/fome/sede/comida/cozinha/comer/beber/água/lanche/leite,26,Banheiro/fazer xixi/vaso sanitário/urinar/fazer cocô/mijar/cagar,24,Trabalhar/trabalho,15,Ligar/fazer ligações/receber ligações/telefonar/ligar para as pessoas/fazer videoconferência/mensagem de texto,15,Criança/bebê/filho/filha/filhos,14,Sonho Ruim/sonho/pesadelo/medo,6,Porque Não Consegue Dormir/não está cansada/não está com sono/insônia,0,Alarme/despertador,0,Ouviu Um Barulho/som alto/barulho,0,Quente$ Frio/calor/frio/quente/congelando,0,TV/assistir à TV/assistir tv/ver tv,0,Doença/dor/gripe/resfriado/nariz entupido,0,Pet/animal de estimação/cachorro/gato,0,Escola,0,Emergência/incêndio,0,Esposa$ Marido/esposa/marido,0,Sexo/transar,0,,,,,,,,,,
Diga o nome de um personagem de Star Wars,0009,Darth Vader/Lorde Vader/anakin skywalker/anakin/vader/darth/sombrio,35,Luke Skywalker/Luke/Skywalker/luck/like,28,Yoda/Ioda,15,Leia/princesa leia/leia skywalker/princesa/laya/lea,8,Han Solo/solo/han/yan solo,8,R2D2/D2R2/D2/R2,6,Chewbaca/chewie/chewy/chewee/wookiee/chubaca,0,Rey,0,Obi-Wan Kenobi/Obi-Wan/kenobi/ben/obi,0,Darth Maul/Maul,0,C3PO,0,BB8,0,Kylo Ren/Kylo/ren,0,Boba Fett/boba/fett,0,Bebê Yoda/Grogu,0,,,,,,,,,,,,,,
Diga algo sobre o qual os homens mentem com mais frequência,0023,Dinheiro/renda,25,Traição/trair,18,Emprego/trabalho/cargo,17,Mulheres/amor/sexo/garota/namorada,16,Idade,13,Altura,11,Família/crianças/esposa/mulher,0,Estado Civil/relacionamento/solteiro/ser solteiro,0,Peso,0,Carro,0,Casa,0,Bebida/hábito de beber,0,Tamanho/altura/estatura,0,Grupo De Amigos,0,Telefone,0,,,,,,,,,,,,,,
Diga o nome de algo que vai no hambúrguer,0201,Bife/hambúrguer/carne,34,Pão,19,Queijo,18,Tomate,17,Cebola,6,Bacon,6,Ketchup,0,Mostarda,0,Maionese,0,Alface,0,,,,,,,,,,,,,,,,,,,,,,,,
Diga o nome de um animal de fazenda,0217,Vaca,35,Cavalo,30,Porco,11,Ovelha,11,Galinha/galo,9,Coelho/coelhinho,4,Cabra,0,Touro,0,Burro,0,Cabra,0,Carneiro,0,Gato,0,Cachorro/cão,0,Peru,0,,,,,,,,,,,,,,,,
Diga o nome de uma resolução de ano novo,0107,Academia/ficar em formo/exercício/exercitar-se,31,Aprender algo/estudar,24,Parar de fumar/largar o cigarro,13,Ficar mais saudável/ter mais saúde,13,Conseguir um emprego/achar trabalho,12,Parar de falar palavrão/parar de xingar,7,Melhorar no trabalho/melhorar,0,Ter filhos,0,Casar,0,Criar algo/criar,0,Aprender a tocar/estudar música/aprender música,0,Economizar/guardar dinheiro,0,,,,,,,,,,,,,,,,,,,,
Diga o nome de um ingrediente de pizza,0100,Queijo,24,Tomate/molho de tomate,24,Azeitona,17,Galinha/frango,15,Bacon,12,Pepperoni/peperoni,8,Pimenta,0,Carne,0,Abacaxi,0,Molho barbecue,0,Mozarella/mussarela/muçarela,0,Camarão,0,Salmão,0,Almôndegas,0,,,,,,,,,,,,,,,,
Diga o nome de uma catástrofe,0111,Corona/Pandemia/covid,38,Aquecimento global,16,Tsunami/onda gigante,15,Tornado,12,Terremoto,11,Furacão,8,Inundação,0,Avalanche/desabamento,0,Erupção vulcânica/erupção,0,,,,,,,,,,,,,,,,,,,,,,,,,,
Diga o nome de atividades de inverno,0113,Esqui/esquiar,27,Snowboard,20,Trenó/andar de trenó,18,Patinação/patinar/patinar no gelo,13,Fazer bonecos de novo/boneco de neve,13,Igule/fazer um iglu/montar um iglu,9,Comer queijo,0,Guerra de bolas de novo/bolas de neve,0,Caminhar/passear,0,Anjo/fazer anjos na neve,0,,,,,,,,,,,,,,,,,,,,,,,,
Diga o nome de atividades de verão,0114,Praia/ir à paraia/ao mar,35,Bar/ir ao bar,30,Festa/fazer festa,17,Caminhar,8,Piscina/nadar,5,Correr,5,Rio/mergulhar,0,Bronzeado/pegar um bronze,0,Parque/ir ao parque,0,Esportes ao ar livre,0,Passear com o cachorro,0,Comer sorvete/tomar sorvete/sorvete,0,Surfar,0,Wake board/fazer wake board,0,Barco/sair de barco/passear de barco,0,,,,,,,,,,,,,,
Diga o nome de uma matéria da escola,0115,Matemática,30,Português/inglês/francês/espanhol/alemão,23,Biologia/ciência,19,Física,10,História,10,Geografia,8,Economia,0,Arte/artes plásticas,0,Música,0,Tecnologia,0,Educação física/esportes,0,,,,,,,,,,,,,,,,,,,,,,
Diga o nome de um sabor de rosquinha,0118,Chocolate/achocolatado,35,Morango,22,Amendoim/nozes,13,Baunilha,11,Café,10,Limão,9,Mirtilo,0,Framboesa,0,Pistache,0,Amêndoas,0,Nozes,0,Laranja,0,Coco,0,Pera/pêra,0,,,,,,,,,,,,,,,,
O que você pode carregar?,0128,Laptop/computador,30,Telefone/Iphone/smartphone/celular/telefone móvel,18,Bateria/baterias,16,Carro/carro elétrico,13,Fones de ouvido/airpods,13,Tablet/iPad,10,Alto-falante,0,Luz,0,Gerador,0,Console/Switch,0,Aspirador/aspirador de pó,0,Controle/controle de videogame,0,,,,,,,,,,,,,,,,,,,,
O que você faz antes de deitar?,0129,Coloco o pijama/visto pijama,31,Cuido da pele/passo creme,24,Escovo os dentes,17,Tiro a maquiagem/passo o demaquilante,16,Uso banheira,7,Tomo banho,5,Como,0,Bebo,0,Vejo TV/Netflix/assisto TV,0,Uso o telefone/mexo no telefone,0,Jogo videogame,0,Leio/leitura,0,Abraço,0,,,,,,,,,,,,,,,,,,
O que você veria no Polo Norte?,0223,Neve,32,Urso polar/urso,27,Papai Noel,18,Iglu,9,Gelo,9,Estrelas,5,Elfos/gnomos,0,Raposa-do-ártico/raposa,0,Frio,0,Flocos de neve,0,Aurora/aurora boreal,0,Rena,0,Narval,0,Morsa,0,Foca,0,Lebre-ártica/lebre,0,Lobo/lobo-do-ártico,0,Inuíte,0,,,,,,,,
Diga o nome de um animal grande,0145,Baleia,23,Elefante,21,Rinoceronte,16,Hipopótamo,14,Orca/baleia assassina,14,Girafa,12,Mamute,0,Crocodilo,0,Jacaré/aligátor,0,Anaconda,0,Jiboia,0,Alce,0,Tubarão,0,,,,,,,,,,,,,,,,,,
Diga o nome de um país europeu,0139,Alemanha,37,França,19,Espanha,14,Inglaterra/Reino Unido/UK,13,Países Baixos,9,Itália,8,Suíça,0,Polônia,0,Bélgica,0,Letônia,0,Bulgária,0,Lituânia,0,Croácia,0,Luxemburgo,0,Chipre,0,Malta,0,República Tcheca/República Checa/Chéquia/Tchéquia,0,Dinamarca,0,Grécia,0,Estônia,0,Portugal,0,Finlândia,0
Diga o nome de coisas feitas de vidro,0140,Janela,24,Copo/taça,19,Tela,18,Espelho,16,Vaso,13,Aquário,10,Óculos,0,Bolas de gude,0,Garrafa,0,Jarra,0,Escultura,0,,,,,,,,,,,,,,,,,,,,,,
Diga o nome de um laticínio,0218,Leite,32,Queijo,26,Iogurte/iorgute,17,Cream cheese,10,Sour cream/creme azedo,8,Creme,7,Manteiga,0,Sorvete,0,Chantili/chantilly,0,Coalho/coalhada,0,Queijo cottage,0,,,,,,,,,,,,,,,,,,,,,,
Diga o nome de uma cor do arco-íris,0142,Vermelho/vermelha,32,Laranja,21,Amarelo/amarela,13,Verde,12,Azul,11,Índigo/anil,11,Roxo/púrpura,0,,,,,,,,,,,,,,,,,,,,,,,,,,,,,,
Diga o nome de uma forma,0143,Círculo,24,Quadrado,20,Triângulo,17,Retângulo,14,Oval,14,Pentágono,11,Hexágono,0,Heptágono,0,Octógono,0,Diamante,0,Losango,0,Paralelogramo,0,Trapézio,0,,,,,,,,,,,,,,,,,,
Diga o nome de uma marca de luxo,0144,Gucci/Guci,33,Louis Vuitton,16,Chanel/Channel,16,Guess,14,Dior,11,Burberry/burbery,10,Fendi,0,Dolce and Gabanna/DG/D&G,0,YSL/Yves Saint Laurent,0,Rolex,0,Prada,0,Givenchy,0,Balmain,0,Cartier,0,Versace,0,,,,,,,,,,,,,,
Diga o um tipo de bebida alcoólica,0215,Cerveja,48,Vinho,27,Rum,10,Uísque/bourbon/scotch,6,Vodka,5,Tequila,4,Caipirinha/caipirosca,0,Schnapps/Shnaps/Shnapps/Schnaps,0,Hidromel,0,Brandy/brande,0,Cognac/conhaque,0,Vermute,0,Gin,0,Saquê/sakê,0,,,,,,,,,,,,,,,,
Diga uma joia,0209,Diamante,32,Rubi,25,Esmeralda,18,Safira,12,Peridoto,8,Jaspe,5,Citrino,0,Água-marinha,0,Ametista,0,Quartzo,0,Turmalina,0,Ônix,0,Opala,0,Pedra-da-lua,0,,,,,,,,,,,,,,,,
O que você faz depois do jantar?,0147,TV/assisto TV/Netflix/vejo TV,43,Durmo/dormir/vou para cama/cama/deito,28,Escovo os dentes,10,Jogo videogame,8,Lavo a louça/lavo os pratos,6,Limpo/limpeza/faxina,5,Sobremesa/como sobremesa,0,Bebo/bebo chá/tomo uma bebida,0,Esportes/exercício,0,Arroto,0,Faço cocô/cago,0,Faço xixi/urino/mijo,0,Ioga/faço ioga,0,Esportes/faço esporte,0,,,,,,,,,,,,,,,,
O que você pode encontrar na rua?,0148,Carro/carros?,28,Prédio/prédios,24,Lixo/lixeiras,21,Calçada/pavimentação,10,Sinaleira/sinaleiras,9,Postes/postes de luz/postes de iluminação,8,Ônibus,0,Pessoas/gente,0,Estacionamento,0,Anúncios/outdoors,0,Árvores,0,,,,,,,,,,,,,,,,,,,,,,
O que você faz a sós?,0149,Uso o telefone/mexo no telefone,35,Jogo videogames,32,Leio/leitura,10,Vejo TV/TV/Séries/Netflix/assisto TV,9,Tomo banho,8,Caminho/ando,6,Durmo/deito/vou para cama,0,Tédio/entediado/entediada,0,Banheiro/vou ao banheiro,0,Pinto/pintura,0,Desenho/arte,0,Canto/cantar,0,Danço/dançar,0,Cinema/vou ao cinema,0,Restaurante/vou ao restaurante,0,,,,,,,,,,,,,,
Diga um lugar onde você costuma sussurrar,0150,Biblioteca/bibliotecas,36,Quarto das crianças/quarto dos filhos/quarto,16,Igreja/igrejas,14,Sala de espera,12,Aula/sala de aula/classe,12,Teatro,10,Cinema,0,Hospital,0,Funeral/enterro/cemitério,0,Conferência,0,Espaço aberto,0,Trabalho/emprego/escritório,0,Museu,0,Prefeitura,0,,,,,,,,,,,,,,,,
Diga o nome de um animal que ama frio,0195,Pinguim/pinguim imperador,37,Urso polar/urso,19,Rena/renas,14,Foca,13,Lobo/lobo solitário,9,Cão/cachorro/husky,8,Leopardo-das-neves,0,Raposa-do-ártico/raposa,0,Morsa/morsas,0,Baleia/cachalote/caxalote,0,Lebre-ártica/lebre-do-ártico,0,Coruja/coruja-da-neve,0,Tordo,0,,,,,,,,,,,,,,,,,,
O que os bebês fazem?,0152,Choram/berram,33,Comem,19,Dormem/cochilam,13,Brincam/jogam,13,Vomitam,12,Sorriem,10,Riem/dão risadas,0,Seguram/pegam,0,Engatinham,0,Mordem,0,Puxam/arrancam/puxam o cabelo,0,Jogam brinquedos/arremessam brinquedos/arremessam coisas/jogam coisas,0,,,,,,,,,,,,,,,,,,,,
Diga algo que as pessoas podem marcar reserva,0153,Jantar/restaurante,27,Hotel,20,Airbnb,16,Avião/voo,14,Turismo/guia turístico/visita guiada,14,Férias,9,Aluguel de carros,0,Cruzeiro,0,Assento reservado,0,,,,,,,,,,,,,,,,,,,,,,,,,,
Diga algo que dificulta sair da cama,0155,Cansaço/sono,42,Chuva,26,Geada,19,Conforto,7,Frio,3,Escuridão/se está escuro,3,Cedo/muito cedo,0,Trabalho/emprego,0,Escola/estudos,0,,,,,,,,,,,,,,,,,,,,,,,,,,
Diga algo que as pessoas colocam embaixo da cama,0156,Dinheiro,28,Presente/presentes,18,Sapatos/calçados/sapato/calçado/tênis,16,Mala/bagagem,14,Cofre,13,Roupa/roupas,11,Objetos aleatórios/objetos,0,Mochila/bolsa,0,Ferramentas,0,,,,,,,,,,,,,,,,,,,,,,,,,,
Diga coisas que criancinhas odeiam,0157,Vegetais/verduras/comer verduras/comer vegetais,48,Banho/tomar banho,16,Escola,13,Compartilhar/dividir brinquedos/emprestaar brinquedos/compartilhar brinquedos,12,Dormir/ir para cama,6,Escovar os dentes,5,Ir à igreja/igreja,0,Ir ao médico/médico/hospital,0,Limpar o quarto/limpar/fazer faxina,0,Concentração/concentrar-se,0,Ficar em silêncio/silêncio/ficar quietas,0,,,,,,,,,,,,,,,,,,,,,,
Diga algo que as crianças levam para a praça,0158,Brinquedos,26,Bicicleta/bici/bike,24,Bola,15,Frisbee/frisbi,15,Papagaio/pipa,14,Cachorro/cão,6,Amigo/amiga,0,Irmão/irmã,0,Ursinho de pelúcia/ursinho,0,Patins,0,Skate,0,,,,,,,,,,,,,,,,,,,,,,
Diga algo sobre o que as pessoas costumam mentir,0159,Idade,29,Nome,23,Identidade,18,Doença/estar doente,16,Dor de cabeça,8,Sorrir,6,Amor,0,Raiva,0,Felicidade/estar feliz,0,Mochila/bolsa,0,sapatos/calçados/sapato/calçado/tênis,0,relógio,0,,,,,,,,,,,,,,,,,,,,
Diga uma pessoa que pode usar máscara,0160,Médico/cirurgião/dentista,35,Ladrão/assaltante,28,Bombeiro/bombeiros,15,Palhaço/palhaços,8,Ator/atriz,8,Todo mundo,6,Lutador,0,Pintor/pintora/artista,0,Doentes,0,Super-herói/herói,0,Mágico/ilusionista,0,,,,,,,,,,,,,,,,,,,,,,
Diga o nome de itens do fast food,0161,Fritas/batatas fritas/batatinhas,42,Hambúrguer,26,Coca/coca-cola/refri/refrigerante,19,Nuggets/chickenitos/empanado de frango,7,Sorvete/casquinha,3,Pizza,3,Cachorro-quente/hot dog,0,Shake/milkshake/milk shake/milk-shake,0,,,,,,,,,,,,,,,,,,,,,,,,,,,,
Diga o nome de carros alemães,0162,Mercedes,28,BMW,18,Porsche,16,Audi,14,Volkswagen,13,Opel,11,Daimler,0,Mini,0,,,,,,,,,,,,,,,,,,,,,,,,,,,,
Diga o nome de sabores de sorvete,0163,Baunilha/creme,48,Chocolate/achocolatado,16,Morango,13,Pistache,12,Limão/limao,6,Coco,5,Café,0,Manga,0,Menta,0,Cookie/biscoito,0,,,,,,,,,,,,,,,,,,,,,,,,
Diga o nome de uma marca de carros de luxo,0165,Ferrari,29,Lamborghini,23,Porsche,18,Aston Martin,16,McLaren,8,Bugatti,6,Mercedes,0,Jaguar,0,Mustang,0,Chevrolet/chevy,0,,,,,,,,,,,,,,,,,,,,,,,,
O que você pode oferecer a uma mulher?,0166,Flores/rosas/buquê,35,Joias/bracelete/brincos/colar/anel/aliança/anel de compromisso,28,Jantar/restaurante/comida/refeição,15,Bolsa,8,Sapatos/calçados/sapato/calçado/tênis,8,Chocolate,6,Roupas,0,,,,,,,,,,,,,,,,,,,,,,,,,,,,,,
Diga o nome de planetas no sistema solar,0167,Terra,28,Marte,20,Júpiter,18,Vênus,13,Saturno,11,Mercúrio,10,Urano,0,Plutão,0,Netuno,0,,,,,,,,,,,,,,,,,,,,,,,,,,
Diga o nome de algo na sua casa que começa com S,0169,Sacolas/sacola,39,Sofá,19,Sabonete/saboneteira,19,Saca-rolhas/sacarrolhas,9,Som,7,Sapatos/saia,7,Secadora/secador,0,Sombrinha,0,,,,,,,,,,,,,,,,,,,,,,,,,,,,
Diga o nome de um assunto considerado privado,0170,Vida amorosa/amor/relacionamento/romance,40,Finanças/dinheiro/riqueza,27,Religião/Deus/fé,13,Renda/salário/pagamento/soldo/salários/contracheque/contra-cheque,8,Peso/gordura/sobrepeso,6,Saúde/doença/mal-estar,6,Política,0,,,,,,,,,,,,,,,,,,,,,,,,,,,,,,
Diga um momento em que é necessário tirar uma foto,0171,Carteira de motorista/carta de motorista/tirar a carteira de motorista/tirar a carta de motorista/habilitação/carteira de habilitação/tirar a carteira de habilitação,31,Casamento/casar/cerimônia de casamento/festa de casamento/matrimônio,24,Formatura/dia da formatura/festa de formatura/gradução/diploma,13,Foto da escola/foto da turma/foto da classe,13,Aniversário,12,Passaporte/tirar o passaporte/carteira de identidade/tirar a carteira de identidade/identificação,7,Cartão de transporte,0,Arquivo administrativo/arquivo,0,,,,,,,,,,,,,,,,,,,,,,,,,,,,
Diga uma forma de acordar alguém,0172,Alarme,24,Telefone/telefonema/celular/ligação,24,Gritar/berrar/chamar,17,Sacudir/tocar/cutucar/balançar,15,Buzinar/buzina/barulho/ruído,12,Luzes/luz/acender a luz/acender as luzes,8,Copo de água/copo d'água/jogar água/com água,0,,,,,,,,,,,,,,,,,,,,,,,,,,,,,,
Diga algo que fica mais valioso conforme envelhece,0174,Vinho,27,Joias/diamantes,20,Moedas/dinheiro,18,Ações/títulos/bolsa/bolsa de ações,13,Arte/obras de arte/pinturas/obra de arte,13,Selos,9,,,,,,,,,,,,,,,,,,,,,,,,,,,,,,,,
Diga uma palavra que começa com 'Z',0175,Zoológico,35,Zebra,30,Zero,17,Zapear/zap,8,Zelo,5,Zigue-zague,5,,,,,,,,,,,,,,,,,,,,,,,,,,,,,,,,
Diga um motivo para ser chamado no escritório do chefe,0176,Atraso/chegar atrasado,30,Promoção/ser promovido/receber uma promoção/parabéns/parabenização/parabenizar,23,Demissão/ser demitido/perder o emprego/perder o trabalho,19,Aumento/ganhar aumento/ganhar um aumento,10,Problemas no trabalho/trabalho ruim,10,Grande projeto/projeto importante/projeto,8,Problemas de relacionamento/relacionamento com os colegas/brigas com os colegas,0,,,,,,,,,,,,,,,,,,,,,,,,,,,,,,
Diga o nome de uma fruta vermelha,0192,Maçãs/maçã,43,Cereja/cerejas,18,Morangos/morango,14,Framboesa,9,Tomates/tomate,9,Melancia,7,Ameixa/amexa/ameicha,0,Mirtilo/cranberry/cranberri,0,Romã,0,Grapefruit/grapefruits/toranja,0,Pitaia/Dragon fruit/dragonfruit,0,Uvas/uva,0,,,,,,,,,,,,,,,,,,,,
Diga o nome de um animal preto e branco,0197,Zebra/zebras,34,Panda/pandas,24,Dalmata/dálmata/cachorro/cão/pongo/perdita/dalmatas/dálmatas/cachorro dálmata,12,Pinguim/pinguins,11,Vaca/vacas,11,Tigre branco/tigres brancos/tigre/tigres,8,Texugo/texugos,0,,,,,,,,,,,,,,,,,,,,,,,,,,,,,,
Diga um motivo se tirar um empréstimo,0180,Comprar uma casa/casa nova/apartamento/comprar apartamento,31,Carro novo/comprar carro/comprar um carro,24,Precisar de dinheiro/precisa de dinheiro/sem dinheiro,17,Consolidação de débito/débito/dívidas/consolidação,16,Escola/faculdade/taxa escolcar/universidade,7,Férias,5,,,,,,,,,,,,,,,,,,,,,,,,,,,,,,,,
Diga o nome de um profissional que recebe por sessão,0181,Advogado,43,Médico/médica,18,Encanador,14,Professor,9,Eletricista,9,Psiquiatra/terapeuta,7,,,,,,,,,,,,,,,,,,,,,,,,,,,,,,,,
Diga um lugar onde se pode ver uma antena,0182,Teto/telhado,27,Casa,21,Carro/caminhão/veículo,16,Rádio/TV,14,Estação de rádio/estação de TV,14,Torre de rádio/torre,8,Estação meteorológica,0,,,,,,,,,,,,,,,,,,,,,,,,,,,,,,
Diga um lugar onde se pode ver alguém tocar pinao,0183,Concerto/orquestra/show,37,Igreja/templo,19,Produção teatral/teatro,14,Festa/boate/discoteca/balada/casa noturna,13,Restaurante/bar/pub,9,Casamento/cerimônia,8,Estação do trem/aeroporto,0,,,,,,,,,,,,,,,,,,,,,,,,,,,,,,
Diga o nome de um país que fala espanhol,0191,Espanha,31,México,24,Argentina,17,Colômbia,16,Venezuela,7,Cuba,5,Panamá,0,República Dominicana/Dominicana,0,Peru,0,Guatemala,0,Honduras,0,Chile,0,Uruguai,0,,,,,,,,,,,,,,,,,,
Diga o nome de um país na Ásia,0206,China,45,Japão,20,Coreia do Sul/Coreia/República da Coreia,13,Coreia do Norte,9,Tailândia,8,Vietnã,5,Filipinas,0,Indonésia,0,Malásia,0,Myanmar/Birmânia,0,Camboja,0,Cingapura,0,Taiwan,0,Hong Kong,0,Índia,0,,,,,,,,,,,,,,
Diga o nome de algo no seu quarto,0207,Cama,27,Armário,24,Cobertor/cobertas/coberta,22,Travesseiro/travesseiros,16,Cômoda,8,Penteadeira/toucador,3,Roupas,0,Janela,0,TV/televisão,0,Escrivaninha,0,Mesa,0,Joia/joias,0,Lâmpada,0,Alarme/despertador,0,Colchão,0,,,,,,,,,,,,,,
O que você pode encontrar numa sala de brinquedos?,0225,Brinquedos/bolas/quebra-cabeças,27,Crianças/bebês/criança/bebê,20,Babá/baby sitter/babysitter/cuidador/cuidadora,14,Escorrega/escorregador/escorregadores,14,Sapatos/calçados/sapato/calçado/tênis,14,Animais de pelúcia/ursinhos de pelúcia,11,Mesinhas/mesas/mesas pequenas,0,Piso emborrachado/piso infantil,0,Livros/livros infantis,0,Cadeirinhas/cadeiras/cadeiras pequenas,0,Desenhos/pinturas/figuras coloridas,0,Cozinha de brinquedo/panelinhas/fogãozinho,0,,,,,,,,,,,,,,,,,,,,
Diga o nome de algo que você sacode,0283,Molho,35,Mãos,30,Cabeça,17,Garrafa,8,Coquetel/Martini,5,Milkshake,5,Dados,0,Suco,0,Bombinha de ar,0,Spray de cabelo,0,Polaroid/Foto,0,Ketchup,0,Remédio,0,Chantili/chantilly/lata,0,Bumbum/bunda,0,Chocalho,0,,,,,,,,,,,,
Do que as pessoas reclamam?,0284,Trânsito,30,Trabalho/emprego,23,Esposa/marido/mulher/namorado/namorada,19,Sogros/sogro/sogra,10,Crianças/filhos,10,Política/políticos/congresso/senado/presidente,8,Dor de cabeça,0,Contas/dinheiro/finanças,0,Vizinho/vizinhos/vizinhança,0,Clima/tempo/chuva/vento/calor/frio,0,Notícias,0,Irmão/irmã/irmãos,0,Máscaras/COVID/coronavírus,0,Jovens,0,,,,,,,,,,,,,,,,
O que você pode ver em um cinema?,0224,Filme,30,Pessoas/cinéfilos/público,28,Cadeiras/poltronas,17,Telona/telão/tela,10,Pipoca,8,Refrigerante/refri,7,Projetor/projeção,0,Luzes/luz do cinema,0,Doces/balas/balinhas,0,Alto-falantes,0,Amantes/namorados/casais,0,Porta-copo/porta copo/porta-copos,0,Escada/escadas,0,Carpete/tapete,0,,,,,,,,,,,,,,,,
Diga o nome de uma grande cidade dos Estados Unidos,0221,New York/NY/New York City/NYC/Nova York/Nova Iorque,41,Los Angeles/LA,28,Chicago,11,Houston,10,Miami,6,Washington/DC/Washington DC,4,Dallas,0,Boston,0,Denver,0,St. Louis/Saint Louis/St Louis,0,San Diego,0,San Francisco,0,Portland,0,Seattle,0,Tampa,0,Buffalo,0,Detroit,0,Minneapolis,0,Austin,0,Baltimore,0,Phoenix,0,,
Diga o nome de uma grande cidade europeia,0222,Paris,25,Londres,20,Roma,17,Berlim/Berlin,16,Madrid/Madri,12,Atenas,10,Oslo,0,Helsinki/Helsinque,0,Belgrado,0,Budapest/Budapeste,0,Bucareste/Bucharest,0,Sarajevo,0,Vienna/Viena/Wien,0,Varsóvia,0,Sofia/Sófia,0,Ljubljana/Liubliana,0,Zagreb,0,Amsterdã/Amesterdã/Amsterdão,0,Bruxelas,0,Lisboa,0,,,,
O que você pode ver em um carro?,0227,Volante/Direção,42,Assentos/bancos/assento do carro,17,Painel de controle/botões/manches,14,Cinto/cintos,13,Estéreo/som/rádio,8,Ar-condicionado/ar condicionado/ar,6,Purificador/purificador de ar,0,Retrovisor/retrovisores/espelho/espelhos/espelhinho/espelhinhos,0,Carpete/carpetes/tapete/tapetes,0,Aquecedor/aquecedor do carro,0,Chave/chaves/chave do carro,0,Luz/luzes/farol/faróis,0,Janela/janelas,0,Celular/telefone/telefone celular,0,Marcha/alavanca,0,Para-brisa/para brisa/parabrisa/limpador de para-brisa,0,,,,,,,,,,,,
Diga algo que um bebê precisa,0234,Leite/leite em pó/mamadeira/mamá/mamar,50,Fralda/fraldas/fralda descartável,15,Roupa/roupas/roupinha/roupinhas,14,Chupeta/bico,8,Berço/bercinho/cama de bebê,7,Cadeira/cadeirinha/cadeira de bebê,6,Comida de bebê/comidinha/papinha/papa,0,Brinquedos/brinquedos de bebê,0,Chiqueirinho/cercadinho,0,Cadeira de balaço,0,Trocador,0,Lenço/lenços,0,Lenços descartáveis/lenços úmidos/lenços umedecidos/lencinhos,0,Babador/babadores/babete,0,Banheira/banheirinha/banheira de bebê,0,Saco de dormir,0,,,,,,,,,,,,
O que você pode ver em uma biblioteca?,0235,Livro/livros,31,Mesas/mesas de estudo,18,Cadeiras,18,Estudantes/alunos,15,Estantes/estantes para livros,9,Bibliotecária/bibliotecário,9,Luzes/lâmpadas,0,Lápis/caneta/canetas,0,Marca-páginas/marca páginas/marcadores de páginas,0,Mapas,0,Globos,0,Jornais/revistas/periódicos,0,Manuscritos/documentos/manuscrito/documento,0,Filmes/imagens/fotos,0,,,,,,,,,,,,,,,,
Diga o nome de algo que você cheira antes de comprar,0288,Perfume,43,Sabão,18,Xampu/Shampoo,14,Desodorante,9,Flores,9,Ervas,7,Loção/hidratante/creme,0,Incenso,0,Velas,0,Purificador/purificador de ar,0,Detergente,0,Chá/cha,0,Carro/veículo,0,,,,,,,,,,,,,,,,,,
Diga o nome de algo que as crianças comem,0289,Nuggets/empanado de frango/chickenitos,23,Doces/balas/chocolate/açúcar,21,Miojo/macarrão instantâneo,16,Pizza,14,Hambúrguer/x-burguer/cheeseburger,14,Sorvete/casquinha,12,Fritura,0,Picolé/picolés,0,Cachorro-quente/hot dog,0,Fast food,0,Fritas/batatas fritas/batatinhas,0,Geleia/chimia,0,Cookies/biscoitos/bolachas/bolachinhas,0,Canetas/lápis,0,Chaves,0,Massa,0,Salgadinhos,0,,,,,,,,,,
Diga algo que você encontra entre as almofadas,0290,Dinheiro/moedas/trocados/troco,37,Pó/poeira,19,Controle remoto/controle,14,Telefone/celular,13,Restos/comida,9,Chaves,8,Pelo/cabelo,0,Brinquedos,0,,,,,,,,,,,,,,,,,,,,,,,,,,,,
Que atividades divertidas as pessoas fazem na praia?,0236,Natação/nado,45,Esqui/esqui aquático,16,Surfe/surfar,15,Snorkel/esnórquel,11,Mergulho/mergulhar,7,Canoa/canoagem,6,Caiaque,0,Rafting/raft,0,Vôlei/vôlei de praia/futevôlei,0,Construir castelos de areia/castelos de areia/croquete,0,Taco,0,Usar boia/boia,0,Empinar pipa/empino de pipa/pipa,0,Bocha/jogar bocha,0,Cabo de guerra/cabo-de-guerra,0,Guerra de água,0,,,,,,,,,,,,
O que você pode encontrar num cemitério?,0237,Túmulo/cova/cripta/sepultura/mausoléu/jazigo,37,Flor/flores/buquê/buquê de flores,19,Estátuas/estátuas de anjos/esculturas/monumentos,14,Cruz/cruzes,11,Vela/velas/velas aromáticas,10,Fotos/foto,9,Urna/urnas,0,Árvore/árvores,0,Grama/relva,0,Banco/bancos/bancos de pedra,0,Capela/capelas,0,Buraco no chão/buracos/covas,0,,,,,,,,,,,,,,,,,,,,
Coisas de que um jardineiro precisa,0238,Luvas/luva,35,Mangueira/sprinkler/mangueira de jardinagem/regador,31,Sementes/mudas/plantas/plântulas/grãos,11,Solo/solo de jardim/terra/terra de jardim,9,Fertilizante/fertilizador/adubo,8,Pá/pás/pá de terra/pá de jardinagem,6,Potes/vasos/floreira/jarra/jarro,0,Podadeira/tesoura/tesouras/tesoura de jardim,0,Forcado/garfo/garfo de jardim,0,Ancinho/rodo,0,Carrinho de mão/carrinho-de-mão,0,Espátula/colher de pedreiro/colher-de-pedreiro/espátula de jardim,0,Rótulos/rótulos para plantas,0,Inseticidas/inseticida/pesticidas/pesticida,0,,,,,,,,,,,,,,,,
O que as pessoas fazem no parque?,0239,Caminham/passeiam/dão uma volta,33,Correm/fazem cooper,26,Jogam/brincam,17,Piquenique/comem/lancham,10,Ioga/meditação/pilates,8,Curtem/relaxam,6,Futevôlei/futevolei,0,Ginástica/ginástica ao ar livre,0,Pedalinho/andar de pedalinho,0,Tênis/pádel/paddle/espirobol,0,Futebol/jogam bola,0,Vôlei/voleibol/volei,0,Dormem/cochilam,0,Taco,0,Exercício/exercício ao ar livre,0,,,,,,,,,,,,,,
O que você pode fazer no seu computador?,0240,Mídias sociais/social media/ver suas mídias sociais,30,Jogar/games/videogames,24,Trabalhar/trabalho,21,Ver filmes/assistir vilmes/ver TV/assistir TV/séries/vídeos/filmes/youtube/netflix,11,Escrever e-mails/enviar e-mails/conversar/bater-papo/enviar uma mensagem,9,Ouvir música/criar música/escutar música/música,5,Salvar imagens/escanear imagens/editar imagens/imagens/fotos/salvar fotos/escanear fotos/editar fotos,0,Estudar/estudo/anotar/fazer anotações,0,Controlar aplicativos/controlar as luzes/acesso remoto,0,Escrever relatórios/escrever projetos/redigir relatórios/redigir projetos,0,,,,,,,,,,,,,,,,,,,,,,,,
O que você pode ver numa sala de aula?,0232,Professor/professora/instrutor/instrutora/educador/educadora,42,Estudantes/alunos/alunas,26,Mesas/classes/carteiras,9,Cadeiras/cadeira,9,Livro/livros,8,Papel/papéis,6,Caderno/cadernos,0,Estojos/estojo,0,Mochilas/mochila,0,Tesouras,0,Compasso,0,Régua/regua,0,Borracha/borrachas,0,Apontador/apontador de lápis/apontadores,0,Lápis/lapis/caneta/canetas,0,,,,,,,,,,,,,,
Diga o nome de um filme da Disney,0242,Cinderela/Cinderella/filme da cinderela,31,Branca de Neve e os 7 anõs/branca de neve/sete anões/filme da branca de neve,24,Bela Adormecida/filme da bela adormecida,13,A Bela e a Fera/bela e fera/fera e bela,13,Enrolados,12,A Pequena Sereia/pequena sereia/fila da pequena sereia,7,Aladdin/filme do alladin,0,O Rei Leão/rei leão,0,A princesa e o sapo/princesa e sapo,0,Pocahontas/filme da pocahontas,0,Frozen/aventura congelante,0,Mulan/filme da mulan,0,Moana/filme da moana,0,101 Dálmatas/dalmatas/filme dos dalmatas,0,Pinóquio/pinoquio/pinocchio,0,Peter Pan/filme do peter pan/o peter pan,0,,,,,,,,,,,,
O que você pode encontrar num banheiro?,0233,Chuveiro,30,Banheira,21,Escova de dentes/escova,18,Sabão/sabonete/xampu/shampoo,16,Pasta de dente/pasta,9,Espelho,6,Toalha de rosto/toalhinha,0,Água/agua,0,Tapete,0,Cortina/cortina de banheiro,0,Saboneteira,0,Pia/pia do banheiro,0,Toalhas de papel,0,Prateleiras/prateleira,0,Toalha/toalha de corpo,0,,,,,,,,,,,,,,
Coisas macias no seu quarto,0247,Cama/colchão,30,Lençóis/lençois/lençol,23,Travesseiro/travesseiros,19,Edredom/edredão,10,Carpete/carpetes/tapete/tapetes,10,Cortinas/cortina,8,Pantufa/pantufas/chinelo/chinelos,0,Animais de pelúcia/bichinhos de pelúcia,0,Tolhas de banheiro/toalhas de rosto,0,Roupa/roupas,0,Casacos/casaco,0,,,,,,,,,,,,,,,,,,,,,,
Lugar que você não pode perder em Nova York,0248,Estátua da Liberdade/Ilha Ellis/Ellis Island/a estátua da liberdade/estátua liberdade,35,Empire State/empire state building,22,Times Square/a time square,13,Central Park/o central park/parque central,11,Broadway/broad way/broad-way,10,Estações do metrô/metrô/trem/estações do trem,9,Little Italy,0,Chinatown/china town/a china town,0,Brooklyn Bridge/ponte do brooklyn,0,Metropolitan Museum of Art/museu de arte/museu metropolitano/Metropolitan,0,Grand Central Terminal/grand cenral/terminal grand central,0,Memorial do 11 de setembro/memorial do 9/11,0,Greenwich Village,0,SoHo/soho,0,West Village/a west village,0,High Line/highline,0,Financial District/o distrito financeiro,0,Brooklyn,0,,,,,,,,
Coisas que você pode fazer na sala de estar,0250,Ver filmes/assistir filmes/filmes/ver TV/assistir TV/tv,31,Comer/beber/lanchar,24,Jogar/jogos de tabuleiro/videogames/games,17,Estudar/fazer os temas/fazer o dever,16,Dormir/cochilar/tirar uma soneca,7,Trabalhar/trabalhar no computador/fazer a papelada,5,Ouvir música/escutar música/tocar música,0,Exercícios/ginástica/malhar,0,Dançar,0,Festa/fazer festa,0,Receber convidados,0,Ioga/meditar/meditação,0,,,,,,,,,,,,,,,,,,,,
Diga o nome de um Vingador dos filmes da Marvel,0253,Homem de Ferro,37,Thor/tor,19,Capitão América/capitao america,14,Hulk/Incrível Hulk/O Incrível Hulk,13,Capitã Marvel/capita marvel,9,Gavião Arqueiro/gavião/gaviao arqueiro,8,Homem-Formiga/homem formiga,0,Máquina de Combate/maquina combate/maquina de guerra,0,Viúva Negra/viuva negra,0,Homem-Aranha/homem aranha,0,Falcão/falcao,0,Visão/visao,0,Feiticeira Escarlate,0,Drax,0,Groot/grut,0,Rocket,0,Senhor das Estrelas/Star-Lord/Star Lord,0,,,,,,,,,,
O que você pode ver num parque?,0231,Árvores,23,Flores,21,Playground/play ground/parquinho,17,Verde/grama verde/relva,14,Fontes/fonte/bebedouro/bebedor,13,Viveiro/aquário,12,Mesa/mesas,0,Cadeira/cadeiras,0,Balanço/balanços,0,Gangorra/gangorras,0,Escorrega/escorregador/escorregadores,0,Pessoas/crianças,0,Pedras/rochas,0,Postes/postes de luz/lâmpadas,0,Monumento/monumentos,0,,,,,,,,,,,,,,
Diga o nome de um personagem de Friends,0255,Joey,29,Rachel,18,Chandler,17,Ross,15,Monica,11,Pheobe,10,Gunther,0,Marcel,0,Richard,0,Mike,0,Judy,0,Mr. Heckles/Sr. Heckles,0,Janice,0,Carol,0,Susan,0,Estelle,0,Ursula,0,,,,,,,,,,
Diga o nome de um filme da Pixar,0257,Toy Story,24,Walle-E/WallE/Wall E,20,Procurando Nemo/Nemo,17,Viva$ a vida é uma festa/Viva,14,Divertidamente/divertida mente,14,Ratatouille,11,Up$ Altas Aventuras/Up/Altas Aventuras,0,Encontrando Dory,0,Monsters S.A./monstros sa,0,Vida de Inseto,0,Os Incríveis/Incríveis,0,Carros,0,,,,,,,,,,,,,,,,,,,,
Diga o nome de algo que você encontraria numa escrivaninha,0259,Computador/laptop/notebook/desktop/monitor,33,Lápis/lapis,22,Caderno/caderneta/bloco de notas,17,Mouse/mouse pad,10,Cartas/corresponências/envelopes,10,Telefone/celular/telefone celular,8,Calendário/calendario,0,Livro/livros,0,Carteira/bolsa/dinheiro,0,Tesoura,0,Grampeador,0,Bola de estresse/bola antiestresse/bola anti-estresse,0,Selos,0,Talão de cheques/cheque,0,Diário/planejador,0,Bebida/café/chá/xícara/caneca,0,,,,,,,,,,,,
Ingredientes de uma sala de vegetais,0260,Alface,30,Tomates/tomate,25,Vinagrete/molho vinagrete,17,Pepino/pipino,11,Abacate,9,Cebola/cebolas,8,Espinafre,0,Rabanete,0,Couve/repolho,0,Suco de limão/limão/limao,0,Sal,0,Manjericão/manjericao,0,Azeitona,0,Pimenta,0,,,,,,,,,,,,,,,,
Diga o nome de comidas que podemos grelhar,0262,Carne de porco/porco/lombo/lombinho/costela/costelas,28,Carne bovina/carne de vaca/carne vermelha/bife,24,Frango/galinha/coxinhas de galinha/coxa,21,Peixe,10,Camarão,9,Lula,8,Mealncia,0,Cachorro-quente/salsicha,0,Batatas/batata,0,Abacaxi,0,,,,,,,,,,,,,,,,,,,,,,,,
Diga o nome de tarefas domésticas,0265,Limpeza/faxina/arrumação,33,Lavanderia/lavar roupa/lava-roupa,22,Cozinha/culinária/fazer comida,21,Aspirar/varrer/espanar/desempoeirar/passar o aspirador,10,Lavar os pratos/limpar a pia/lavar a pia/limpar os pratos,7,Esfregar o chão/esfregar o piso,7,Colocar a mesa/botar a mesa/arrumar a mesa,0,Dobrar roupas/organizar os armários,0,Tirar a mesa/limpar a mesa,0,Jardinagem/trabalhar no jardim/cuidar do jardim,0,Lavar o carro/limpar o carro,0,Guardar/arrumar,0,,,,,,,,,,,,,,,,,,,,
Ferramentas essenciais para artistas,0266,Tinta/acrílico/acrilico/tinta acrílica,33,Pincéis/pinceis/pincel,19,Tela/lona,13,Paleta/palheta,13,Cavalete/tripé/tripe,12,Lápis/lapis/canetas/caneta/giz/giz de cera/giz-de-cera,10,Papel/caderno de esboço/caderno de desenho,0,Borracha/borrachas,0,Régua/regua/vara de medida,0,Óleo/oleo/tinta a óleo/tinta a oleo,0,,,,,,,,,,,,,,,,,,,,,,,,
Coisas que estudantes universitários precisam,0267,Mochilas/mochila/bolsas/bolsa,27,Livros/livros didáticos,20,Lápis/caneta/canetas,16,Cadernos/cadernetas/blocos de anotações,14,Laptop/notebook,14,Papel/papéis/papeis,9,Corretivo,0,Borracha/borrachas,0,Clipes de papel,0,Fichário/fichario/pasta,0,Estojo,0,Tesouras/tesoura,0,Calculadoras/calculadora,0,Marca página/marca-página,0,Planejador/diário/diario/agenda,0,,,,,,,,,,,,,,
Diga uma fruta que você pode comer de manhã,0269,Banana,42,Mirtilo/blueberry,26,Toranja/toronja/turanja/grapefruit/pomelo,19,Morangos/morango,7,Maçã/maça,3,Laranja,3,Melão/melao,0,Quivi/kiwi,0,Melancia,0,,,,,,,,,,,,,,,,,,,,,,,,,,
Diga o nome de algo que você pode ler,0271,Livro/livros,48,Texto/mensagem/mensagem de texto/SMS,16,E-Reader/Kindle/Nook,13,Jornal/artigos/notícias,12,Correspondência/carta/cartas,6,E-mail/email,5,Placa/placas,0,Panfleto/panfletos,0,Publicação/publicações,0,História/histórias,0,Horóscopo/horoscopo,0,Paperback/brochura,0,Conto/contos,0,Rótulos,0,Romance/romances,0,Papel,0,Legendas,0,,,,,,,,,,
Para quem você enviaria selfies?,0272,Melhor amigo/melhor amiga,26,Namorada/namorado/amante,24,Esposa/marido/esposo/mulher,15,Pais/mãe/pai,15,Irmão/irmã/irmãos,14,Mídias sociais/Instagram/Facebook,6,Amigo/amiga,0,Vovô/vovó/avô/avó/vô/vó,0,Tio/tia,0,Primo/prima,0,Colega,0,Encontro/peguete/crush/ficante,0,Ex,0,,,,,,,,,,,,,,,,,,
Diga algo que vem em garrafa,0273,Água/agua,29,Cerveja,23,Refrigerante/refri/coca,18,Vinho,16,Leite,8,Suco,6,Xampu/Shampoo,0,Sabão,0,Óleo/azeite,0,Vinagre,0,Molho/molho para salada/tempero para salada,0,Gatorade,0,Gênio,0,Mensagem,0,Areia,0,Produtos de limpeza/detergente/desengordurante/amaciante,0,Molho,0,Álcool/vodca/vodka/uísque/whiskey/gin/gim/rum,0,,,,,,,,
Diga o nome de uma erva verde,0275,Coentro,28,Salsinha/salsa,20,Endro/aneto,18,Orégano,13,Menta,11,Manjericão/manjericao,10,Alecrim/rosmaninho,0,Cebolinha,0,Salva/sálvia,0,Estragão,0,Timo/tomilho,0,Manjerona,0,Segurelha/satureja,0,Rúcula/rucula,0,Louro,0,,,,,,,,,,,,,,
Diga algo que faz parte de eventos esportivos,0277,Bola,39,Jogo/partida,19,Uniforme/uniformes,19,Estádio/estadio,9,Arquibancada,7,Placar,7,Concessões/franquias,0,Comida/pipoca/cachorro quente/hot dog/hot-dog,0,Cerveja,0,Torcedores/torcida/fãs/pessoas,0,Comemoração/festa,0,Placas,0,Pintura facial/cara pintada/tinta,0,Gol/goleira,0,Loja de presentes/souvenir,0,,,,,,,,,,,,,,
Diga algo que você enche com ar,0278,Balão/balao,40,Pneu,27,Bote inflável/barco inflável,13,Colchão/colchão de ar/colchão a ar,8,Bola/bolas,6,Pulmão/pulmões,6,Saco de ar/airbag,0,Snorkel/esnórquel,0,Kit de mergulho/equipamento de mergulho,0,Tanque/tanque de oxigênio,0,Almofada de pum,0,Colete/colete salva-vidas,0,Câmara de ar,0,Cigarro/charuto/baseado,0,,,,,,,,,,,,,,,,
Diga algo que você bateria,0280,Oponente/inimigo/adversário,24,Ovos/ovos mexidos,24,Tapete/carpete,17,Tambores,15,Recorde/recordes,12,Probabilidades,8,Jogo,0,As botas/botas,0,Carne,0,Garrafa de ketchup/garrafa,0,Bandeja de gelo,0,It$ a coisa/It/a coisa,0,Você/eu,0,Cachorro morto,0,,,,,,,,,,,,,,,,
Diga o nome de algo com bolhas,0285,Chiclete,35,Refrigerante/refri/coca,22,Champanhe,13,Jacuzzi,11,Banheira,10,Sabão,9,Espuma,0,Peixe,0,As meninas superpoderosas/meninas superpoderosas,0,Mercado/mercado imobiliário,0,Diagrama/diagrama de Venn/Venn,0,,,,,,,,,,,,,,,,,,,,,,
Diga algo que você troca após um divórcio,0286,Esposa/esposo/mulher/marido,30,Casa/apartamento,18,Banco/conta/conta bancária/conta do banco,16,Roupas/estilo,13,Carro/veículo,13,Móveis,10,Amigos,0,Atitude,0,Restaurantes/bares,0,Trabalho/emprego,0,Advogado,0,,,,,,,,,,,,,,,,,,,,,,
Diga o nome de um produto de maquiagem,0186,Batom,27,Base,20,Corretivo,18,Sombra,13,Blush/rouge,13,Máscara,9,Delineador,0,Gloss/brilho labial,0,Bronzeador/contorno,0,Esponja,0,Cílios postiços/cílios falsos,0,,,,,,,,,,,,,,,,,,,,,,
Diga o nome de um personagem do Johnny Depp,0187,Capitão Jack Sparrow/Jack Sparrow/Jack/Capitão Sparrow,35,Willy Wonka/Wonka/Willy,30,Edward Mãos de Tesoura/Edward/mãos de tesoura/mãos-de-tesoura,17,Chapeleiro Louco/Chapeleiro,8,Sweeney Todd/Tod/Todd/Barbeiro/Sweeny Tod,5,Ichabod Crane/Ichabod/Ickabod/Crane,5,Gilbert Grape/Grape/Gilbert,0,Ed Wood/Ed/Mr. Wood/Sr. Wood,0,Grindelwald/Grindlewald,0,Tonto/Toto,0,Rango/Ringo,0,,,,,,,,,,,,,,,,,,,,,,
Diga um tipo de vinho,0274,Vermelho,35,Branco,28,Champanhe,15,Pinot grigio/Grigio/Pino grigio/pinot,8,Cabernet/Cabernê,8,Sauvignon blanc/Sauvinhon blanc,6,Porto,0,Chardonnay/Shardonay/Chardonay,0,Shiraz/Shraz,0,Pinot noir/Noir/Pino noir,0,Merlot/Merlo,0,Rosé,0,Moscatel/Moscato,0,Zinfandel/Zinfandel branco/Zin/Zin branco,0,Malbec/Malbek,0,Verde/Vinho Verde,0,,,,,,,,,,,,
Diga um exercício que não precisa de equipamento,0194,Apoio/apoios,27,Agachamento,21,Abdominal/abdominais/exercícios abdominais,16,Polichinelos,14,Prancha,14,Agachamentos,8,Burpees/burpee/burpy,0,Superman/super-homem,0,Wall sits/wall sit,0,Escalador,0,Agachamento na parede,0,Erguer perna,0,Hidrante,0,,,,,,,,,,,,,,,,,,
Diga o nome das montanhas mais famosas do mundo,0198,Everest/monte everest/Himalaia/evereste/mt everest/mt. everest,25,Monte Fuji/Fuji/Fujiyama/Fuji Yama/Mt. Fuji/mt. fuji,25,Kilimandjaro/monte kilimandjaro/kilimanjaro/mt. kilimandjaro/mt kilimandjaro,19,K2/Montanha K2/mt k2/mt. k2,13,Mont Blanc/Mt Blanc/mt. blanc/Alpes,13,Annapurna/Anapurna/Montanha annapurna/montanha anapurna/mt anapurna/mt. anapurna,5,,,,,,,,,,,,,,,,,,,,,,,,,,,,,,,,
Diga o nome de um país da América do Sul,0213,Brasil,30,Argentina,21,Colômbia,20,Chile,20,Peru,5,Uruguai,4,Bolívia,0,Paraguai,0,Venezuela,0,Equador,0,Guiana/Guianna/Guyana,0,Guiana Francesa/Guyana Francesa,0,Suriname,0,,,,,,,,,,,,,,,,,,
Diga o nome de um animal que vive no mar,0135,Peixe/peixes,43,Tubarão,18,Golfinho/golfinhos,14,Baleia/baleias,9,Molusco/marisco/crustáceo,9,estrela do mar/estrela-do-mar,7,Tartaruga,0,Polvo,0,foca/focas/leão marinho,0,Orca/orcas,0,Peixe-palhaço,0,camarão,0,Lagosta,0,água-viva,0,,,,,,,,,,,,,,,,
Diga uma forma de comer batatas,0199,Fritas/batatas fritas,27,Purê/purê de batata/amassadas,25,Assadas/batata assada,20,Crisp/crocante,12,Tortilla/tortilha,10,Poutine,6,Nhoque/inhoque,0,Papas bravas/batatas bravas/bravas,0,Esmigalhadas,0,Rústicas/batatas rústicas,0,,,,,,,,,,,,,,,,,,,,,,,,
Diga o nome de um país na Áfria,0214,Egito,27,África do Sul,23,Zimbábue,22,Nigéria,15,Gana,7,Quênia,6,Tanzânia,0,Moçambique,0,Etiópia,0,Marrocos,0,Angola,0,Zâmbia,0,Botsuana,0,Namíbia,0,Somália,0,Gabão,0,Líbia,0,Argélia,0,Tunísia,0,Sudão,0,,,,
Diga algo em que uma pessoa com braços muito longos se daria bem,0020,Esportes/basquete/natação/futebol americano/vôlei,40,Alcançar/atingir,27,Escalada/escalar rochas,13,Segurar/agarrar/pegar/capturar,8,Abraçar/dar abraços,6,Dirigir,6,Pintar Tetos/pintar/pintura,0,Trocar Lâmpadas,0,Lutar/brigar,0,Alongamento/alongar-se,0,Levantar/erguer,0,Limpeza/limpar,0,Culinária/cozinhar,0,Consertos/consertar,0,Comer/comida,0,,,,,,,,,,,,,,
Diga o nome de uma signo do zodíaco,0200,Áries,28,Touro,19,Gêmeos,18,Câncer,15,Leão,14,Virgem,6,Libra,0,Escorpião,0,Sagitário,0,Aquário,0,Capricórnio,0,Peixes,0,,,,,,,,,,,,,,,,,,,,
Diga o nome de um pássaro que não voa,0208,Galinha/galo/frango,26,Pinguim,22,Avestruz,18,Pavão,14,Peru,10,Emu,10,Kiwi/quivi,0,Dodô/dodo,0,Moa,0,,,,,,,,,,,,,,,,,,,,,,,,,,
Diga um tipo de móvel,0205,Cadeira,28,Divã,27,Sofá,20,Cama,9,Escrivaninha,8,Mesa,8,Banco,0,Futon,0,Banco,0,Prateleira,0,Estante,0,Gaveteiro,0,,,,,,,,,,,,,,,,,,,,
Diga o nome de um personagem de Game of Thrones,0069,Jon Snow/Snow/Jon/john,39,Sansa Stark/sansa,19,Arya Stark/arya,19,Eddard Stark/eddard/ned/ned stark,9,Tyrion Lannister/o anão/anão/Tyrion,7,Cersei Lannister/Cersei/rainha/lannister,7,Daenerys Targaryen/Khaleesi/Daenerys/Mãe de Dragões,0,Jaime Lannister/Jaime/Matador de Reis,0,O Montanha/Thor,0,Khal Drogo/drogo,0,Dragão,0,Robert Baratheon/rei,0,Shae,0,Joffrey Baratheon/joffrey,0,Bran Stark/bran,0,,,,,,,,,,,,,,
Diga o nome de algo verde,0212,Árvore,31,Grama,28,Plantas,16,Dólares/dinheiro,10,Folhas,8,Brócolis/brócoli,7,Esmeralda,0,Trevo,0,Alface,0,Couve,0,Espinafre,0,Sapo,0,Menta,0,Pistache,0,Uva,0,Abacate,0,Ervilha,0,,,,,,,,,,
Coisas circulares que você pode encontrar em casa,0243,Relógio/relogio,24,Prato/pratos/pratinho/pratinhos,24,Mesa/mesas/mesas circulares/mesa-redonda,17,Tigela/tigelas/cumbuca/cumbucas/bowl,15,Pizza/pizzas,12,Melancia/melão/melões,8,Laranja/laranjas,0,Espelho/espelho redondo,0,Vaso/vasos,0,,,,,,,,,,,,,,,,,,,,,,,,,,
Diga o nome de uma parte do corpo,0141,Cabeça,29,Braço/braços,18,Perna/pernas,17,Mão/mãos,15,Pé/pés,11,Peito/tórax,10,Pescoço,0,Dedos/dedo,0,Estômago,0,Joelho/joelhos,0,Bunda/bumbum/traseiro,0,Ombro/ombros,0,Costas,0,Tornozelo,0,Coxa,0,Língua/lingua,0,Nariz,0,Orelha/orelhas,0,Olho/olhos,0,Boca,0,,,,
Diga o nome de um filme do Tom Hanks,0258,Forrest Gump,33,O Resgate do Soldado Ryan/Soldado Ryan,16,Filadélfia/Philadelphia,16,Náufrago/Naufrago,14,Prenda-me se for capaz,11,Sintonia de Amor,10,Sully: O Herói do Rio Hudson/Sully/Herói do Rio Hudson,0,Apollo 13/Apolo 13,0,Splash,0,Uma Equipe Muito Especial,0,Toy Story,0,Jogos do Poder,0,Uma Dupla Quase Perfeita,0,Estrada para a Perdição,0,Mens@gem para Você/Mensagem para Você,0,O Expresso Polar/Expresso Polar,0,O Código Da Vinci/Código Da Vinci,0,Anjos e Demônios,0,Quero Ser Grande,0,,,,,,
Diga o nome de uma massa,0220,Espaguete/spaghetti/spageti/spagetti/spagheti,33,Macarrão,29,Lasanha,12,Penne/pene,11,Nhoque/inhoque,8,Fettucine/fetuccine/fettuccine,7,Ravioli/ravióli,0,Tortellini/tortelini,0,Tagliatelle/tagliatele/tagliatella/Taiadela,0,Rigatoni/rigatone,0,Bucatini/bucatine,0,Linguine/linguini,0,Rotini/rotine,0,Fusili/fusilli/fussili,0,Farfale/farfal/farfalle,0,Ziti,0,,,,,,,,,,,,
Diga algo que você costuma trocar,0151,Sacola de lixo/lixo/lixeira,33,Escova de dentes/escova,22,Meias,21,Calças/bermudas,10,Lençóis/lençois,7,Toalha/toalhas,7,Roupas,0,Cuecas/calcinhas,0,Pregos,0,Sabão,0,Lenço/lenços,0,Joia/joias,0,Maquiagem,0,Perfume,0,,,,,,,,,,,,,,,,
Diga o nome de músicas dos Beatles,0264,Here Comes the Sun,36,Come Together,16,Let it Be,14,Yesterday,12,Hey Jude,12,A Hard Day's Night,10,Yellow Submarine,0,All my Loving,0,Blackbird/black bird,0,Twist and Shout/twist & shout,0,Can't Buy Me Love,0,All Together Now,0,Strawberry Fields Forever,0,Ob-La-Di Ob-La-Da/obladi oblada,0,Do You Want To Know A Secret,0,In My Life,0,Something,0,Help!/help,0,Ticket To Ride,0,,,,,,
Diga algo que todos deveriam praticar,0179,Exercício/exercícios/academia/ir à academia/fazer exercícios,30,Bons modos/educação,18,Economizar/economia/moderação,16,Hábitos saudáveis/comer bem,13,Reciclar/reciclagem,13,Rezar/reza/religião/espiritualidade,10,Genteliza/ser gentil/bondade/ajudar/ajudar os outros/prestar socorro,0,,,,,,,,,,,,,,,,,,,,,,,,,,,,,,
Coisas que você pode fazer com a sua família,0245,Ver um filme/assistir filmes/ver TV/assistir filmes/cinema/ir ao cinema,27,Viajar/viagem/viagens,20,Jogar jogos de tabuleiro/jogos de tabuleiro/jogar jogos/jogar,18,Fazer um piquenique/piquenique,13,Ir à praia/praia,13,Caminhar/caminhada/passear/passeio/dar uma volta,9,Esportes/praticar esportes/jogar bola/bola/bater bola,0,Jantar em família/jantar/sair para jantar/restaurante/ir a um restaurante,0,,,,,,,,,,,,,,,,,,,,,,,,,,,,
Coisas que você precisa na praia,0246,Traje de banho/trajes de banho/sunga/calção de banho/maiô/biquini,35,Chinelo/chinelos,30,Toalha/toalhas/toalha de praia/toalhas de praia,17,Protetor solar/loção/bronzeador,8,Óculos/óculos de sol,5,Brinquedos/brinquedos de praia/balde/baldinho/pá/pazinha,5,Toalha de piquenique/lençol,0,Guarda-sol/guardassol/sombrinha,0,Comida/comidas/lanche/milho/bebida/cerveja/refrigerante/refri/água,0,Chapéu/chapéu de praia/boné,0,,,,,,,,,,,,,,,,,,,,,,,,
Diga um motivo para alguém largar os estudos,0178,Preguiça/não quer trabalhar/muito trabalho/muito difícil,35,Pressão/muita pressão,22,Rodar/reprovar/ser reprovado/não passar,13,Novo emprego/conseguiu um emprego/foi contratado,11,Não gosta/não curte/não tem vontade/odeia/nãi aguenta,10,Acidente/doença/saúde frágil/problemas de saúde,9,,,,,,,,,,,,,,,,,,,,,,,,,,,,,,,,
Diga algo frio,0228,Gelo/cubos de gelo,48,Neve/flocos de neve/flocos,15,Refrigerador/freezer,11,Shakes/shake/milkshakes/milk shakes,10,Refrigerante/refri,10,Cerveja/bebida/álcool,6,Sorvete/sorvetes/sundae,0,Picolé/picole/picolés/picoles,0,Iogurte/iorgute,0,Frutas/frutas congeladas,0,Vitamina/smoothie,0,Iced coffee/ice coffee/café gelado,0,Casquinha,0,Iced Tea/chá gelado,0,Água/agua,0,,,,,,,,,,,,,,
Diga tipos de pizza,0268,Pizza de queijo/queijo/mussarela/muçarela,21,Pizza vegetariana/vegetariana,17,Pizza de pepperoni/pepperoni/peperoni,16,Pizza de calabresa/calabresa,16,Pizza de margherita/napolitana/margherita/margarita,16,Pizza de frango/frango/frango com catupiry,14,Pizza havaiana/havaiana/abacaxi/de abacaxi/pizza de abacaxi,0,Pizza suprema/suprema,0,Pizza de champignon/champignon/de champignon,0,,,,,,,,,,,,,,,,,,,,,,,,,,
Você jamais namoraria alguém que tivesse um(a) péssimo(a) ____,0017,Hálito,32,Aparência/visual/estilo/gosto para roupas/rosto/sapato,21,Atitude/educação/hábito,13,Higiene/cheiro/odor,12,Cabelo,11,Dentição/dentes/dente/dentadura,11,Crédito,0,Personalidade,0,Carro,0,Situação Financeira,0,Gosto,0,Casa,0,Emprego,0,Família/filho/pai/mãe/filha,0,Par De Olhos,0,Grupo De Amigos,0,,,,,,,,,,,,
O que deixa as pessoas felizes?,0241,Amor/paixão/estar apaixonado/estar amando/sentir-se amado,34,Piada/piadas,17,Promoção/ser promovido,16,Emprego/conseguir um emprego/ser contratado/trabalho/ter um trabalho,13,Satisfação/estar satisfeito,12,Receber um presente/dinheiro/elogios,8,Boas notícias/boas novas,0,Ganhar um aumento/aumento/aumento no salário/aumento de salário,0,Memórias felizes/memórias boas/boas recordações,0,Noivado/pedido de casamento,0,Brincar/jogar,0,,,,,,,,,,,,,,,,,,,,,,
Diga algo quente,0229,Fogo/chamas,38,Forno/forno elétrico,25,Ferro/ferro quente/ferro de passar,22,Lareira,7,Bebida quente/bebidas quentes/café/chá,5,Torradeira,3,Fogão/fogão elétrico,0,Carvão/carvão quente,0,Fornalha/caldeira,0,Ensopado,0,Chaleira/chaleira elétrica,0,Grelha/grill,0,Micro-ondas/forno micro-ondas/forno de micro-ondas,0,Vela/velas,0,,,,,,,,,,,,,,,,
Coisas que você encontraria num campo de golfe,0256,Tacos de gole/tacos/taco,32,Golfistas/pessoas/seres humanos,21,Bolas de golfe/bolas,13,Grama/árvore/árvores/verde,12,Pino/pino de golfe/pinos,11,Fairway/campo,11,Bandeiras,0,Bebidas/cerveja,0,Casamatas,0,Água/lagos/rios,0,Carregador/carregadores,0,Marcadores/marcadores de bolas,0,Toalha/toalhas,0,Saco/saco de golfe/sacos,0,Cobertura/cobertura para taco/protetor de taco,0,,,,,,,,,,,,,,
Diga o nome de um esporte,0055,Futebol Americano/NFL/football americano,27,Basquete/basquetebol/NBA,25,Futebol/football,20,Tênis,12,Baseball/MLB/beisebol/MMA/vale-tudo/valetudo/vale tudo,10,Hockey/NHL/hóquei/róquei/hoquei/roquei/Fórmula 1/formula 1/fórmula um/automobilismo,6,Golfe/golf/Surfe/surf,0,Vôlei/voleibol/volei,0,Atletismo/corrida/maratona/triatlon/jogging,0,Natação/natação/nado,0,Cheer/Cheerleading/futsal/futebol de salão/futebol de salao,0,Rúgbi/rúgbi/rugby,0,Lacrosse/lacross/crosse/Judô/judo,0,Handebol/andebol/handball,0,Boxe/box/pugilismo,0,Ginástica/ginastica,0,,,,,,,,,,,,
Diga o nome de uma rede de fast-food,0001,McDonald's/mac donalds/macdonald/mac,34,Burger King/burguer king,19,Wendy's/Bob’s/bobs,18,Taco Bell/Habib’s/habibs,17,KFC,6,Subway,6,Pizza Hut,0,Arbys/Spoleto,0,Dominos,0,Popeyes/Casa Do Pão De Queijo,0,Sonic/Giraffas/girafas,0,Vivenda Do Camarão,0,Chick Fil A/China In Box,0,Dairy Queen/Chiquinho Sorvetes/chiquinho sorvetes,0,In N Out/Joe & Leo’s/joe e leos,0,Papa Johns/Baked Potato,0,,,,,,,,,,,,
Diga o nome de uma marca de roupas esportivas,0072,Nike/niki/naike,39,Adidas,21,Jordan/air jordan,14,Puma,12,Under Armour/under armor,9,Reebok/rebok/rebook/rebox,5,New Balance,0,Columbia/Mizuno,0,Asics,0,Champion/Penalty/penalti/pênalti,0,Dick's/Olympikus/olimpikus/olimpicus,0,Fila,0,Vans,0,Converse,0,Sketchers,0,Polo/Topper/toper,0,,,,,,,,,,,,
Diga o nome de um jogador da NBA,0013,Lebron James/lebron/james/The King/LBJ/king james/l-train/papai lebron/papai/rei james,30,Stephen Curry/Chef Curry/curry/Stephen/Steph,21,Michael Jordan/jordan/air jordan/mj/Michael,20,Kobe Bryant/kobe/bryant/black mamba/mamba,20,Kevin Durant/durant/kevin,5,Shaquille O'Neal/Shaquille/O'Neal/shaq,4,Larry Bird/Bird/Larry,0,Dwyane Wade/Wade/Dwyane,0,James Harden/Harden/o barba/barba/beard/the beard,0,Magic/Magic Johnson/Johnson,0,Kyrie Irving/Kyrie/irving/uncle drew/tio drew,0,Chris Paul/paul,0,Allen Iverson/Allen/Iverson,0,Anthony Davis,0,Kareem Abdul-Jabbar/Kareem/Abdul-Jabbar,0,,,,,,,,,,,,,,
Diga o nome de um feriado do Brasil,0085,Natal/dia de natal,27,Carnaval,23,Ano-Novo/ano novo/dia de ano-novo,22,Dia Da Independência/independência/independência do brasil/7 de setembro/dia da pátria/independencia/dia da patria,15,Dia Do Trabalho/dia do trabalhador,7,Nossa Senhora Aparecida/dia da criança,6,Tiradentes/dia de tiradentes/dia da inconfidência,0,Finados/dia de finados/dia dos mortos/dia dos fiéis defuntos,0,Proclamação Da República/proclamaçao da republica,0,Sexta-Feira Santa/sexta-feira da paixão,0,Véspera De Natal/vespera de natal,0,Véspera De Ano-Novo/véspera de ano novo/vespera de ano-novo,0,,,,,,,,,,,,,,,,,,,,
Diga o nome de uma comida que se pode comer com as mãos,0077,Fritas/batatas fritas/batatinhas/batata frita,35,Frango Frito/asinhas de frango/frango/galinha/nuggets/frango grelhado/nuggets de frango,30,Pizza,11,Hambúrguer/hamburguer,11,Sanduíche/sanduiche,9,Tacos/burritos/enchiladas/nachos,4,Sushi/maki,0,Cachorro-Quente/hot dog,0,Tapioca,0,Salgadinho,0,Pão,0,Frutas,0,Peixe,0,Pipoca,0,Milho,0,Doces/guloseimas/,0,Pastel,0,Camarão,0,,,,,,,,
Diga o nome de um serviço de streaming de vídeo,0080,Netflix,30,YouTube/you tube,25,Hulu/Globoplay,15,Twitch,12,Disney+/disney/disney plus,10,Tubi,8,Showtime/Telecine Play,0,HBO Max/HBO/HBO Now,0,Peacock/Mubi,0,CBS/CBS All Access/all access/EI Plus,0,Sling TV/sling/Uol Play,0,ESPN+/espn,0,Apple TV+/apple/apple tv,0,Fubo TV/Crunchyroll,0,Amazon Prime/amazon/prime,0,Vudu/Spcine Play,0,,,,,,,,,,,,
Diga o nome de uma marca de smartphone,0081,iPhone/Apple,41,Samsung/galaxy,28,LG,11,Nokia,10,Google,6,Blackberry,4,Huawei,0,Xiaomi,0,ZTE,0,TCL,0,Lenovo/Motorola,0,OnePlus,0,HTC,0,Oppo,0,,,,,,,,,,,,,,,,
O que você pode pôr no café?,0078,Creme/leite/chantilly/chantili/creme batido,32,Açúcar/açucar,27,Leite,18,Água/agua,9,Gelo,9,Caramelo/carmelo,5,Nada,0,Canela,0,Xarope,0,Baunilha/essência de baunilha,0,Chocolate/achocolatado,0,Mel,0,Canudo,0,Sal,0,Chá/cha,0,Colher,0,Adoçante,0,Sabor,0,Manteiga,0,,,,,,
Diga o nome de algo que você jamais deve vestir para ir a um casamento,0025,Branco/roupas brancas/vestido branco/vestido de casamento/vestido de noiva,27,Jeans/calça de brim/calça jeans/calças jeans,20,Bermuda/calção/calções,14,Chapéu/boné,14,Camiseta,14,Tênis/calçados esportivos,11,Preto/roupas pretas,0,Saia,0,Nada/ir nu/ir nua/pelado/pelada,0,Regata/regatas/camisa regata/camiseta regata,0,Moletom,0,Chinelo/chinelos,0,Óculos De Sol/oculos de sol/óculos escuros/oculos escuros,0,Botas,0,Pijama,0,,,,,,,,,,,,,,
Diga o nome de uma das cidades mais bonitas do mundo,0006,Paris/frança,23,Nova York/nova iorque/NY,21,Los Angeles/la/califórnia,17,Las Vegas/vegas/rio/rio de janeiro,14,Roma/itália,13,Miami/flórida,12,San Francisco/são francisco/SF,0,Barcelona/espanha,0,Veneza,0,Londres,0,Atenas/grécia,0,Cancún/cancun,0,Tóquio/japão,0,,,,,,,,,,,,,,,,,,
Diga o nome de um membro da família Kardashian,0099,Kim/kim kardashian/kin,37,Kylie Jenner/kylie,19,Kendal Jenner/kendal,14,Kris Jenner/kris/chris,11,Kourtney/kourtney kardashian,10,Khloe/Khloe Kardashian,9,Caitlyn Jenner/caitlyn/bruce,0,Rob/rob kardashian,0,Kanye West/kanye/west,0,Brandon Jenner/brandon,0,Brody Jenner/brody,0,Robert/robert Kardashian,0,Scott Disick/scott/disick,0,North,0,Stormi,0,,,,,,,,,,,,,,
Diga o nome de uma marca de refrigerante,0011,Coca Cola/coca-cola/coke/cola/coca/coc/cok/cole/Diet Coke/oke/Coke cola,30,Pepsi/pepsi co/pepsi-cola/Pepis/diet pepsi/pepsi diet/pepsi cola,24,Sprite,21,Fanta,11,Mountain Dew/mnt dew/mtn dew/dew/Guaraná Antarctica/guaraná antártica/guarana antarctica/guarana antartica,9,Root Beer/Schweppes,5,Dr Pepper/Sukita,0,Crush/Kuat,0,7up/Seven up/Soda Limonada Antarctica,0,Ginger Ale/Dolly Guaraná/dolly guarana/dolly,0,Sunkist/Citrus Antarctica,0,Sierra Mist/Itubaína,0,Faygo/Skinka,0,Big Red/Viva Schin,0,RC/Rc cola/Guaraná Jesus,0,Canada Dry/Guaraná Baré,0,,,,,,,,,,,,
Diga algo que os convidados fazem numa festa de casamento,0079,Dançam/dança,24,Comem/comida/bolo,24,Bebem/bebida/ficam bêbados/se embebedam,17,Conversam/conversa/falam/fala/se apresentam/se encontram/batem papo,15,Cantam/karaokê/caraoquê/karaoke,12,Riem/sorriem,8,Choram/choro,0,Brinde,0,Jogam/brincam/jogo,0,Batem Palmas/aplaudem,0,Seduzem/namoram/dão em cima/ficam/atraem/amam/beijam,0,Fazem Retratos/fotos/foto/tiram foto/tiram fotos/fotografam/tiram uma foto/fazem fotos/fazem uma foto/câmera/camera/usam a câmera/selfie,0,Festejam/comemoram/celebram,0,Sentam/se sentam/ficam sentados,0,Brindam,0,Caminham,0,Abraço,0,Relógio/relogio,0,Presenteiam,0,Se Divertem/divertem-se,0,Ouvem Música/escutam música/música,0,,
Diga o nome de um lugar em que os americanos passam as férias pelo menos uma vez,0022,Flórida/miami/orlando,29,Nova York/nova iorque/NY,18,Califórnia/LA/los angeles/são francisco/san francisco,17,França/paris,15,México/cancún/cancun,11,Las Vegas/vegas,10,Disneyworld/disney/disneylândia,0,Havaí,0,Grand Canyon,0,Praia,0,Londres,0,Texas,0,Bahamas,0,China,0,Itália/roma/veneza,0,,,,,,,,,,,,,,
Diga o nome de uma atividade extracurricular em que um estudante do ensino médio pode participar,0028,Esportes/futebol/basquete/academia/natação,24,Xadrez,20,Teatro/oficina de teatro,17,Matemática,14,Música/banda/banda marcial,14,Coral/canto,11,Idioma Estrangeiro/línguas/curso de idiomas,0,Debate,0,Livro/leitura,0,Arte/desenho/pintura,0,Ciência,0,Dança,0,Computação/programação,0,Culinária,0,Escotismo/escoteiros,0,,,,,,,,,,,,,,
Diga o nome de um prato que você jamais serviria numa festa chique,0029,Pizza,28,Hambúrguer/burguer,24,Cachorro-Quente/hot dog,21,Massa/espaguete,10,Fritas/batatas fritas/batatinhas/batata frita,9,Filé/bife,8,Bolo De Carne,0,Sanduíche De Mortadela,0,Frango/asinhas de frango/nuggets/nuggets de frango,0,Tacos,0,Macarrão Com Queijo,0,Tapioca,0,Almondegas,0,Pipoca,0,Sanduíche,0,,,,,,,,,,,,,,
Diga o nome de um lugar que você visitaria com mais frequência se ele não fosse tão lotado de gente,0030,Shopping/shopping center/loja,35,Parque/Disneyworld/zoológico/Disneylândia/parque de diversões/parque aquático/parque temático,32,Nova York/nova iorque/NY,10,Praia,9,Clube,8,Cinema,6,Bar,0,Festa,0,Escola,0,Concerto,0,Piscina,0,Restaurante,0,Paris,0,Las Vegas/vegas,0,Igreja,0,,,,,,,,,,,,,,
Qual é a melhor parte do desfile de 4 de julho?,0043,Comida/doces/churrasco/cachorros-quentes,42,Fogos De Artifício/rojão,26,Pessoas/multidão/gente,19,Família/crianças,7,Danças,3,Música/ouvir música/escutar música/banda marcial/canções/cantar,3,Fantasias/figurinos,0,Carros Alegóricos/carros,0,Desfile,0,Bebidas/beber,0,Bandeira,0,Festa,0,Grupo De Amigos,0,,,,,,,,,,,,,,,,,,
Diga o nome de algo que se coloca na torrada,0185,Manteiga/margarina,38,Geleia/chimia,16,Abacate,15,Manteiga de amendoim,12,Queijo/cheddar,11,Ovo/ovos,8,Nutella/creme de avelã,0,Cream cheese/requeijão,0,Salmão/peixe,0,Mel/xarope/syrup,0,Morangos/morango,0,,,,,,,,,,,,,,,,,,,,,,
Diga o nome de uma cidade para a qual as pessoas viajam por causa de seu clima festivo,0015,Miami/flórida,29,Las Vegas/vegas/nevada,23,Nova York/nova iorque/NY,18,Los Angeles/LA/califórnia,16,Paris/frança,8,México,6,Cancún/cancun,0,Honolulu/havaí,0,Nova Orleans,0,Califórnia,0,Atlanta,0,Nassau/Bahamas,0,Chicago,0,Amsterdã,0,Orlando,0,Seattle,0,,,,,,,,,,,,
Diga o nome de uma coisa com que sua casa fica cheia no Natal,0036,Presentes,28,Comida/doce/doces/biscoitos,20,Família/pessoas/crianças,18,Árvore/pinheiro/folhas de pinheiro,13,Brinquedos,11,Papel/papel de presente,10,Decorações/enfeites,0,Caixas/caixa,0,Luzes,0,Alegria/amor,0,Bebidas,0,,,,,,,,,,,,,,,,,,,,,,
Diga o nome de algo que você pode pegar emprestado do vizinho,0154,Açúcar,21,Sal,17,Pimenta,16,Farinha,16,Ferramentas/chave de fenda,16,Carregador,14,Pilha/pilhas/bateria/cabo,0,Tigela/pote/bowl,0,Escadinha/escada,0,Cortador de grama,0,Telefone/celular,0,Martelo,0,,,,,,,,,,,,,,,,,,,,
Diga o nome de bebidas frias,0164,Água,26,Coca/coca-cola/pepsi-pepsi-cola,24,Limonada,15,Cerveja,15,Iced tea/Ice tea/chá gelado,14,Suco de laranja,6,Suco,0,,,,,,,,,,,,,,,,,,,,,,,,,,,,,,
Diga um local romântico para passar a lua de mel,0168,Foz do Iguaçu/cascatas/Niagara/Niagara Falls,25,Havaí,18,Bahamas/Ilhas das Bahamas,17,Paris/França,16,Veneza/Itália,13,Roma,11,Londres,0,México/Cancun/Cancún,0,Caribe/Índias Ocidentais/Ilhas do Caribe/Ilhas Caribenhas,0,Las Vegas/vegas,0,,,,,,,,,,,,,,,,,,,,,,,,
Diga um tipo de lugar que está sempre lotado,0173,Shopping/loja/lojas/shopping center,38,Restaurante,16,Festa/boate/discoteca/balada/casa noturna,15,Parque de diversão/Parque de diversões,12,Concerto/show,11,Aeroporto/estação/ônibus/avião/trem/estação do trem,8,Estádio/arena/arena esportiva/estádio de futebol,0,Cinema/teatro,0,,,,,,,,,,,,,,,,,,,,,,,,,,,,
Diga um esporte que não tem 'bol' no nome,0189,Tênis,35,Surfe,22,Hockey,13,Golfe/golf,11,Boxe/box/pugilismo,10,Atletismo,9,Rugby,0,Cricket/críquete,0,Ciclismo,0,Natação,0,Luta-livre/MMA/luta livre/vale tudo/vale-tudo,0,,,,,,,,,,,,,,,,,,,,,,
Diga o nome de um jogo de tabuleiro clássico,0202,Monopoly/Banco Imobiliário,32,Xadrez,21,Damas,20,Stop,10,Batalha naval,9,Gamão,8,Detetive,0,General,0,Jogo da Vida,0,Risco,0,,,,,,,,,,,,,,,,,,,,,,,,
Diga o nome de uma marca de água,0211,Dasani,29,Aquafina,18,Pureza Vital,15,Crystal,14,Evian,14,Fiji,10,Voss,0,Sferriê,0,Minalba,0,São Lourenço,0,,,,,,,,,,,,,,,,,,,,,,,,
Diga o nome de algo que você pode encontrar no dia das bruxas,0216,Fantasma/fantasmas/espírito/espíritos,31,Abóbora/Jack-o-lantern/Jack Lanterna,25,Doce ou travessura,16,Doce/doces,10,Bruxas,10,Esqueleto/esqueletos,8,Aranha/aranhas,0,Gato preto/gatos pretos,0,Pirata,0,Monstro/monstros,0,Múmia/múmias,0,Zumbis,0,Frankenstein,0,Teia de aranha/teia/teias,0,Morcego,0,Sangue,0,Caixão/túmulo/lápide,0,Fantasia/fantasias,0,Vampiro/Drácula,0,Máscara,0,Crianças,0,,
Diga o nome de algo que se come no café da manhã,0244,Cereais/sucrilhos/flocos de milho,38,Ovos/ovo,16,Aveia/mingau,15,Torrada/pão/pão branco/pão de trigo/pão torrado/pão francês,12,Panquecas/panqueca,11,Bacon,8,Cachorro quente/pão com salsinha/enroladinho de salsicha,0,Bolo,0,Presunto/enroladinho de presunto,0,Massa/macarrão,0,Frutas,0,,,,,,,,,,,,,,,,,,,,,,
As bandas de rock mais populares da história,0249,The Beatles/beatles/beattles,30,Led Zeppelin/o led zeppelin,18,Queen/o queen,16,Pink Floyd,13,The Rolling Stones/os rolling stones,13,ACDC/o acdc,10,Eagles/the eagles/os eagles,0,Metallica/metalica,0,Guns N' Roses/guns and roses,0,Aerosmith/aero smith,0,Linkin Park/o linkin park,0,Red Hot Chili Peppers/chili peppers/red hot,0,Maroon 5/maroon five,0,Bon Jovi/o bon jovi/bonjovi,0,U2,0,Van Halen/o Van Halen,0,Santana,0,,,,,,,,,,
Diga nomes de carne vermelha,0251,Vaca,43,Cordeiro/carneiro,18,Porco,14,Leitão,9,Cabra,9,Coelho,7,Borrego,0,Javali,0,Lebre,0,Vitela,0,Cavalo,0,Pato,0,,,,,,,,,,,,,,,,,,,,
O que você colocaria no congelador?,0282,Gelo,27,Sorvete,20,Carne,18,Vegetais,13,Sobras,13,Picolé/picolés,9,Pacote de gelo,0,Frutas/fruta,0,Pão,0,Roscas/bagels,0,Restos de frango/restos de carne/restos,0,Corpo/evidências,0,Pesto,0,Ovos,0,Chocolate,0,,,,,,,,,,,,,,
Diga o nome de um esporte que usa bola,0252,Futebol Americano/NFL/football americano,23,Basquete/basquetebol/NBA,21,Baseball/MLB/beisebol,16,Futebol/campeonato brasileiro/CBF,14,Tênis,14,Golfe/golf,12,Vôlei/voleibol/volei,0,Ping Pong/pingue pongue-pingue-pongue,0,Hóquei/hockey/hoquei,0,Biribol/vôlei de piscina/voleibol de piscina,0,Handball/handebol,0,Polo,0,Polo aquático,0,Squash/Raquetebol/Racquetball,0,Boliche,0,Pádel/paddle,0,Queimada,0,Rúgbi/rugby/rugbi,0,,,,,,,,
Diga o nome de uma linha aérea,0254,Delta,24,American/American Airlines,19,United/United Airlines,18,British Airways,16,Qantas,13,Virgin/Virgin Atlantic,10,Southwest Airlines,0,JetBlue,0,Frontier,0,Emirates,0,Air New Zealand,0,SAS,0,Aeromexico,0,Singapore Airlines,0,Cathay Pacific,0,El Al,0,,,,,,,,,,,,
Diga um condimento,0270,Ketchup,28,Mostarda,18,Maionese,16,Relish,14,Barbecue/BBQ,13,Shoyu/shoio,11,Teriyaki,0,Vinagre/vinagre branco/vinagre balsâmico,0,Wasabi,0,Molho/molho para salada/tempero para salada,0,Tártato/tartaro/molho tártaro,0,Molho cocktail/molho coquetel,0,Sriracha/Siracha/Sracha,0,Vegemite/Marmite/Vegimite,0,Molho de hoisin/molho chinês para churrasco,0,Salsa/Pico de gallo/pico-de-gallo,0,,,,,,,,,,,,
Diga algo que você leva para um encontro,0279,Dinheiro/grana/carteira,31,Maquiagem/batom/gloss/brilho labial,24,Chiclete,13,Camisinhas/camisinha,13,Flores,12,Vinho/álcool,7,Chaves,0,Telefone/smartphone/iphone/celular,0,Bolsa/carteira,0,Desculpas,0,Piadas,0,Dignidade,0,,,,,,,,,,,,,,,,,,,,
Diga algo que você trocaria com um amigo,0281,Telefone/número de telefone,38,Social media/e-mail/email,16,Roupas/sapatos/tênis,15,Jogos/games/videogames,12,Receitas,11,Cartas/cartas Pokemon/Pokemon,8,Piadas,0,Esposa/marido/namorada/namorado,0,Favor/favores,0,Joia/joias,0,Colecionáveis,0,Dinheiro/grana,0,Brinquedos,0,Conselhos,0,,,,,,,,,,,,,,,,
Diga o nome de um estados dos EUA em que os habitantes usam a expressão 'y'all',0037,Texas,33,Flórida/miami,16,Alabama,16,Carolina do Norte,14,Kentucky,11,Geórgia,10,Nova York/nova iorque,0,Oklahoma,0,Ohio,0,Califórnia,0,Tennessee,0,Mississippi,0,Carolina do Sul,0,Arizona,0,Louisiana,0,,,,,,,,,,,,,,
Diga o nome de uma sobremesa,0203,Bolo,39,Cheesecake/cheescake,21,Sorvete,14,Torta,12,Tiramisu,9,Merengue,5,Strudel/strudle/streudel/streudle,0,Chocolate,0,Doces,0,Cookies/cookie/biscoito/biscoitos/bolacha/bolachas,0,Balas/balinhas/guloseimas,0,Frutas/fruta,0,Milkshake,0,Cannoli/canoli/canolli/cannolli,0,Sundae,0,,,,,,,,,,,,,,
Diga o nome de uma marca de sorvete,0084,Ben & Jerry’s/ben and jerry/ben jerry,48,Häagen-Dazs,16,Blue Bell/kibon,13,Breyers/nestlé/nestle,12,Turkey Hill/cornetto,6,Talenti/chiquinho sorvetes/chiquinho,5,Drewyer's/edy's grand/garoto,0,Magnum,0,Rebel/lacta,0,The Skinny Cow/Skinny Cow/perfetto/variatta/variatta perfetto,0,Halo Top/jundiá,0,Blue Bunny/lafrutta/la fruta,0,Baskin Robbins/nobrelli,0,,,,,,,,,,,,,,,,,,
Diga um tipo de calçado,0204,Tênis,29,Salto alto/salto-alto,28,Bota,16,Sandália/sandálias,12,Chinela,8,Botas de chuva/galochas,7,Loafer,0,Pantufa/pantufas,0,Chinelo/chinelos,0,Botas de caminhada/botas para caminhada,0,Calçados esportivos,0,Mocassim,0,Oxford,0,Derby,0,,,,,,,,,,,,,,,,
Diga o nome de um cantor famoso da América do Norte,0196,Beyoncé/beyonce,33,Taylor Swift,22,Rihanna/Rihana,17,J Lo/Jenifer Lopez,10,Justin Bieber,10,Kanye West,8,Jay Z,0,Mariah Carey,0,Lady Gaga,0,Michael Jackson,0,Eminem,0,Travis Scoot,0,Bruno Mars,0,Elvis/Elvis Presley/Presley,0,Ariana Grande,0,Post Malone,0,Bob Dylan,0,,,,,,,,,,
Diga o nome de uma marca de televisores,0226,Samsung,19,LG,19,Sony,19,TCL,17,Panasonic,16,Vizio,10,Philips/phillips,0,RCA,0,JVC,0,Hitachi,0,Haier,0,Huawei,0,Hisense,0,,,,,,,,,,,,,,,,,,
Diga um tipo de queijo,0219,Cheddar/chedar,30,Mozarella/mussarela/muçarela,25,Suíço,15,Americano,12,Brie,10,Camembert,8,Gouda,0,Feta,0,Brnco/queijo branco,0,Provolone,0,Emmental/emental,0,Parmesão,0,Pecorino,0,Manchego,0,Roquefort/roquefor,0,Monterey Jack/monterey,0,Gorgonzola,0,Ricota/ricotta/riccota/riccotta,0,Edam,0,,,,,,
Diga o nome de um ator ou atriz de Hollywood,0146,Di Caprio/Leonardo Di Caprio,30,Brad Pitt/Brad,25,Angelina Jolie,17,Robert Downey Jr/Robert Downey,11,Robert Pattinson/Pattinson,9,Scarlett Johanson/Scarlet,8,Zendaya,0,Tom Holland,0,Anthony Hopkins,0,Chris Evans,0,Denzel Washington,0,Ryan Reynolds,0,Dwayne Johnson/The rock,0,Julia Roberts,0,Emma Watson,0,Daniel Radcliffe,0,,,,,,,,,,,,
Tipos de cafés,0261,Americano,43,Latte/late,28,Mocha/café mocha/moca/mocca,10,Cappuccino/capuchino,8,Espresso/expresso/spresso,6,Iced coffee/iced/café gelado/gelado,5,Ao leite/com leite/café com leite,0,Espresso duplo/expresso dulo/spresso duplo/duplo,0,Flat White/flat-white/flatwhite,0,Irish Coffee/irish/café irlandês/irlandês,0,Latte Macchiato/late macchiato,0,Ristretto/ristreto/forte,0,,,,,,,,,,,,,,,,,,,,
Coisas que as pessoas gostam de colecionar,0263,Trading Cards/cromas/figurinhas,35,Moedas/notas/dinheiro,32,Selos/selo,10,Carros/carro/carros de luxo,9,Tênis/sapatos/calçados,8,Móveis antigos/móveis,6,Bonecas/bonecos/brinquedos/action figures/bonequinhos,0,Vinho/vinhos,0,Livro/livros/romances/quadrinhos/HQs/comics,0,Relógio/relógios/relógios de luxo,0,Chapéus/bonés,0,,,,,,,,,,,,,,,,,,,,,,
Diga o nome de uma marca de café,0276,Starbucks,25,Dunkin donuts/Dunkin,18,Três corações/3 corações,17,Melitta/melita,16,Pilão/pilao,13,Iguaçu,11,Nescafé/nescafe,0,Santa Mônica/santa monica,0,L'or/lor,0,Baggio/baggio/bagio,0,América/america,0,Latitude 13/latitude treze,0,Dutra,0,Espressione,0,,,,,,,,,,,,,,,,
Diga o nome de um presidente dos EUA,0058,Joe Biden/Joe/Biden,30,Donald Trump/Trump/donald,28,Barack Obama/obama/barack/bama,17,George Washington/Washington/george,10,George Bush/George Bush Senior/bush/bush senior/Busch,8,Abraham Lincoln/Lincoln/Abraham/abe,7,Ronald Reagan/Reagan/ronald,0,Richard Nixon/Nixon/richard,0,Bill Clinton/bill/Clinton,0,John F. Kennedy/Kennedy/JFK/JF Kennedy/John Fitzgerald Kennedy/john,0,Thomas Jefferson/Thomas/Jefferson,0,Franklin Delano Roosevelt/Roosevelt/Franklin D Roosevelt/Franklin/Rosevelt,0,John Adams/adams,0,Andrew Jackson/jackson,0,George W Bush/W Bush,0,Madison/James Madison,0,,,,,,,,,,,,