Nämn en gul frukt,0003,Banan/Bannan/Banana/Pisang,34,Citron/Sitron,24,Ananas/Annanas/Annannas/Anannas,12,Mango,11,Äpple/Äple/Gult äpple/Gult äple/Äppel,11,Päron,8,Persika,0,Squash/Skvash/zucchini,0,Stjärnfrukt/Carambola,0,Majs,0,Grapefrukt/grapefruit/grape,0,Vindruvor/vindruva,0,,,,,,,,,,,,,,,,,,,,
Nämn en superhjälte,0002,Batman/Läderlappen,25,Stålmannen/Superman/Super Man,25,Spindelmannen/Spiderman/Spider-man,19,Järnmannen/Iron Man,13,Hulken/Hulk,13,Thor/Tor,5,Mirakelkvinnan/Wonder Woman,0,Blixten/Flash/The Flash,0,Kapten Amerika/Captain America,0,Robin,0,Svarta pantern/Black Panther,0,Gröna lyktan/Green Lantern,0,Super Girl/Supergirl/Stålflickan,0,Aquaman/Vattenmannen,0,Joker/Jokern,0,Svarta änkan/Black widow,0,,,,,,,,,,,,
Nämn en frukostdryck,0070,Apelsinjuice/apelsin/juice/apelsinjos/jos/juise,28,Kaffe/kafe,19,Mjölk/jölk,18,Vatten/vaten,15,Äppeljuice/äpplejuice/äpple/äpeljuice,14,Te/the/tea,6,Grapefruktjuice/Grapefruktsjuice/grapefrukt/grapefruitjuice,0,Läsk/cola/kola,0,Smoothie/smothie/smootie,0,Chokladmjölk/oboy/varm choklad/choklad/kakao,0,Saft/lemonad,0,Blåbärssoppa/blåbärsoppa/blåbär,0,Latte/kaffe latte/kaffelatte,0,Milkshake/shake,0,,,,,,,,,,,,,,,,
Nämn en typ av transportmedel,0049,Bilar/bil/limousine/bilen,32,Flygplan/plan/jetplan/privatjet,21,Buss/skolbuss/bus,20,Cykel/cyckel,10,Tåg/tåget,9,Gå/promenera/ben/benen/fot/fötter/springa/löpa/jogga,8,Båt/skepp/fartyg/färja/segelbåt,0,Taxi/uber,0,Skoter/moppe/eu-moppe,0,Tunnelbana/T-bana/tuben,0,Lastbil/van/minibuss,0,Motorcykel/båge/motorcyckel,0,Skateboard/skate,0,Helikopter/hellikopter,0,Häst/hästar/hästrygg/rida,0,Rullskridskor/inlines/rollerblades/roller blades/rullskridsko,0,,,,,,,,,,,,
Nämn något du aldrig går hemifrån utan,0071,Mobiltelefon/mobil/smart telefon/telefon/smartphone,29,Nycklar/bilnycklar/nyklar/husnycklar/nycklarna,28,Plånbok/portmonnä,16,Pengar/kontanter/kreditkort/bankomatkort,12,Kläder/jacka/byxor/mössa/tröja/strumpor,8,Väska/handväska/ryggsäck/rygga,7,Bil/cykel/transport/motorcykel,0,Mat/snacks/mellanmål/frukt,0,Mask/ansiktsmask,0,Mobilladdare/laddare/telefonladdare,0,Glasögon/solglasögon,0,Klocka/armbandsur,0,Husdjur/hund/katt,0,Hörlurar/headset,0,Vapen/försvar/försvarssprej/pepparsprej,0,Skor,0,ID-kort/ID/pass,0,Körkort/körkortet,0,Barn/bebis/dotter/son,0,Mamma - pappa/förälder/mamma/pappa,0,Fru - make/partner/sambo/fru/make,0,Dricka/kaffe/vatten/te,0
Nämn en plats där du kan simma,0056,Simbassäng/swimmingpool/bassäng/pool,28,Havet/oceanen/stranden/hav,27,Sjön/sjöar/sjö/insjö,20,Floden/flod,9,Damm/dam,8,Badkar/badet/badrummet/badkaret,8,Jacuzzi/bubbelpool,0,Hotell/badhus,0,Vattenpark/vattenland/nöjespark,0,Bäck,0,,,,,,,,,,,,,,,,,,,,,,,,
Vad kan du hitta i ett pennfodral?,0054,Penna/pennor,45,Bläckpenna/tuschpenna/kulspetspenna,20,Sudgummi/suddegummi/radergummi/sudd,13,Markeringspenna/highlighter,9,Kritor/pastell/färgkritor/färger/krita,8,Pennvässare/vässare/väsare,5,Sax/saxar/sacks,0,Linjal,0,Lim/klister/limstift,0,Papper/anteckningsblock,0,Stift/pennstift,0,Häftapparat/häftaparat/häftare,0,Klisterlappar/post-its/postits/klisterlapp,0,Tejp/tape,0,,,,,,,,,,,,,,,,
Nämn en vän till Musse Pigg,0073,Långben/Goofy/Goofie/Janne Långben/Janne,27,Mimmi Pigg/Mimmi/Minnie/Mimi,24,Kalle Anka/Kalle/Donald/Donald Duck,22,Pluto/hunden/Pludo,16,Kajsa Anka/Kajsa/Daisy,8,Petter/Svarte Petter/Peter,3,Klarabella/Clarabella,0,Toodles/Toddles/Todles,0,Piff och puff/piff & puff,0,,,,,,,,,,,,,,,,,,,,,,,,,,
Vad kan du göra med en smartphone?,0045,Ringa/svara/samtal/telefon/prata/ringa folk,26,Spela/spel/dataspel/datorspel/mobilspel/spela spel,22,SMS/meddelanden/messa/texta/sms:a,18,Bilder/foto/fotografera/ta bilder/ta foton/ta fotografi/ta en bild/ta ett foto/kamera,14,Videochatta/videochatt/facetime/Skype/videosamtal/zoom/ringa videosamtal,10,Sociala nätverk/sociala medier/sociala media/snapchat/facebook/instagram/insta/posta/tweeta/Twitter,10,Musik/lyssna på musik/spela musik,0,Läsa/nyheter/läsa nyheter/läsa bok/böcker/läsa böcker/ebok/eböcker,0,Internet/söka/Google/googla/Safari/Chroma/efterforskningar/surfa/webben/webb/Firefox,0,Appar/app/ladda ner/nedladdning,0,Spela in video/filma,0,Arbeta/jobba,0,Anteckningar/skriva/författa/anteckna,0,Karta/GPS/hitta/navigera,0,Tid/klocka/tiden/alarm/väckarklocka,0,Kalkylator/räkna/miniräknare,0,Videor/titta/se på/filmer/serier/tv-program/Netflix/Youtube/titta på youtube/TV/porr/se på TV,0,Vädret/väderleken,0,Shopping/shoppa/handla/näthandel,0,,,,,,
Nämn ett socialt nätverk,0087,Instagram/Insta,32,Facebook/messenger/Facebook messenger/facebok,25,Snapchat/snap,18,Twitter/Twiter,12,TikTok/Musik/ticktock/tick-tock/tiktoc/tictok,8,YouTube/youtub/tuben,5,Reddit/Redit/Red dit,0,Tumblr/Tumbler,0,Discord/Discorde,0,Flashback/flash back,0,Itsme,0,Bigo,0,Telegram/Telgram,0,Yolo,0,Yubo,0,Linkedin/Likedin,0,Whatsapp/Whatsupp/Whats app,0,Pinterest/pint,0,Kik/kick,0,MySpace/My space,0,Tinder/Tindre,0,,
Nämn en Disneyprinsessa,0004,Askungen/Askkungen/ask ungen,24,Elsa/Frost/Frozen,21,Ariel/Llla sjöjungfrun/Den lilla sjöjungfrun/Aeriel,15,Snövit/Snövitt,14,Tiana/Tina/Prinsessan och grodan/Tianna,14,Belle/Skönheten/Skönheten och odjuret/Bella/Bele,12,Anna/Ana,0,Jasmine/Aladdin,0,Törnrosa/Aurora/Arora/Tönrosa,0,Mulan/Mullan,0,Rapunzel/Rapunsel/Trassel/Tangle,0,Moana/Mona/Moanna,0,Pocahontas/Pokahontas,0,Merida/Merda,0,,,,,,,,,,,,,,,,
Nämn ett musikinstrument,0060,Trummor/trumma,29,Piano/keyboard/synth/synt,18,Gitarr/elgitarr/bas/basgitarr/gitar/gittar,15,Trumpet,14,Flöjt/trollflöjt/blockflöjt/panflöjt,14,Violin/fiol/viol,10,Klarinett/Klarinet/Clarinett,0,Tuba/bastuba,0,Trombon/trumbon/trombone,0,Saxofon/saxofån/sacksofon,0,Triangel,0,Harpa/harp,0,Cello/chello/celo,0,Horn/franskt horn/valthorn/naturhorn/tenorhorn,0,Banjo,0,Munspel/harmonika,0,,,,,,,,,,,,
Nämn något miljonärer köper bara för skojs skull,0000,Bil/cykel/limousine/lyxbil/Ferrari/Lamborghini/motorcykel/Porsche,31,Hus/hem/villa/lägenhet/residens/herrgård/slott/byggnad/fastighet,28,Skor,16,Båt/skepp/fartyg/segelbåt/yacht/lustyacht/jakt,10,Kläder/klänning/garderob/kostym/utstyrsel/outfit/Gucci,8,Telefon/smartphone/smart telefon/iphone,7,Väska/handväska,0,Flygplan/plan/jetplan/privatjet/privat jet,0,Smycken/juveler/ring/halsband/armband,0,TV/teve,0,Hår/frisyr/hårklippning,0,Husdjur/djur/hund/katt,0,Klocka/armbandsur/rolex,0,Spel/leksaker/datorspel/TV-spel,0,Resa/resor/semester/sightseeing/weekend,0,Elektronik/teknik/dator/bärbar dator/laptop,0,Helikopter/hellikopter,0,,,,,,,,,,
Nämn något du ofta känner dig trött när du gör,0024,Se på TV/titta på TV/teve/TV/se på teve/tittar på tv/video/Netflix/Youtube,48,Läsa/läser/bok/böcker,27,Skola/läxor/läxläsning/göra läxor,10,Arbeta/jobba/jobbar/arbetar,6,Köra/kör/bilkörning/bil/åka bil/åka,5,Äta/äter/mat/måltid/restaurang/äta ute,4,Springa - gå/löpa/springa/promenera/löpning/promenera/promenad/springer/går,0,Leka/spel/datorspel/tv-spel/leker,0,Dricka/dricker/alkohol/sprit,0,Telefon/telefonsamtal/pratar i telefon/ringer/mobilen/mobiltelefon/ringa/ringa personer,0,Ligga ner/vila/lägga sig ned/ligger ned,0,Städa/städar/rengör/rengöra,0,Prata/tala/diskutera/samtala/pratar,0,Film/bio/biograf/se på film/titta på film/filmer,0,Matlagning/laga mat/lagar mat,0,Sova/sover,0,,,,,,,,,,,,
Nämn något en trollkarl kan få att försvinna,0016,Kanin/hare/kannin,31,Människa/människor/person/personer/publiken/åskådare/publik,25,Kort/ess/äss/kortlek,16,Hatt,10,Pengar/kontanter/mynt/sedlar/sedel/marker/guld,10,Fågel/fåglar/duva/duvor/papegoja/pappegoja,8,Assistent,0,Blommor/blomma/ros/rosor,0,Sig själv/han själv/henne själv/trollkarl,0,Mat,0,Papper,0,Trollstav/stav,0,Katt,0,Låda,0,Hund,0,,,,,,,,,,,,,,
Nämn saker man kan hitta på stranden,0076,Sand/sandkorn,32,Människor/folk/barn/badgäster,26,Havet/oceanen/vatten/hav,17,Fisk/hajar/fiskar,10,Snäckor/havssnäckor/snäckskal/snäcka,8,Fiskmåsar/fiskmås/mås/måsar/fåglar,7,Krabbor/krabba,0,Parasoll/paraply/skugga,0,Handduk/handdukar/badlakan,0,Solkräm/solskyddskräm/solskydd/solskyddsfaktor,0,Badvakt/livräddare,0,Palmer/palmträd/kokospalmer/kokospalm/palm,0,Vågor/våg,0,Solstol/solstolar/stolar/stol,0,Sandslott/slott,0,Mat/glass/isglass,0,Sjögräs,0,Boll/strandboll/badboll/volleyboll,0,Solen/sol/solsken,0,Stenar/sten,0,Sopor/skräp,0,Manet/maneter/brännmaneter,0
Vad kan man hänga på väggen?,0044,Bild/affisch/poster/foto/fotografi,33,TV/teve/television,29,Spegel/spegelvägg,12,Klocka,11,Väggbelysning/lampa,8,Målning/tavla/konstverk/konst/teckning/väggmålning/ram,7,Tallrik,0,Kalender/almanacka,0,Whiteboard/griffeltavla/svarta tavlan/skrivtavla,0,Element/värmeelement/värmare/elvärmare,0,Klädhängare/hatthylla/krok/klädkrok/kläder,0,Tapet/tapeter,0,Växter/blommor/trädgård/kruka/växt,0,Karta,0,Hylla,0,Nycklar/nyckel/nyckelknippa,0,Gardiner/Gardinner/draperi/gardin,0,Papper,0,,,,,,,,
Vad kan man hitta i en kvinnas handväska?,0089,Smink/kosmetika/läppstift/läppbalsam/mascara/ögonskugga/lipsyl,25,Pengar/kronor/sedlar/kontanter/kreditkort/bankomatkort,20,Mobiltelefon/mobil/smart telefon/telefon/smartphone,17,Plånbok/portmonnä/börs,16,Nycklar/bilnycklar/nyklar/husnycklar/nycklarna,12,Binda/tampong,10,Borste/hårborste/kam,0,Servett/näsduk/pappershandduk,0,Spegel/sminkspegel,0,Penna/bläckpenna,0,ID/ID-kort/pass/identifikation,0,Körkort/körkortet,0,Mask/ansiktsmask,0,Handsprit/alkogel/alko-gel/handtvätt,0,Halstablett/tuggummi/tugummi,0,Glasögon/solglasögon,0,Parfym,0,Godis,0,Lotion/hudlotion/handkräm,0,Mobilladdare/laddare/telefonladdare,0,Mat,0,Våtservett,0
Nämn en filmgenre,0184,Action/acction/aktion,24,Komedi/comedi/rolig/skämt,24,Skräck/horror/skräckfilm/läskig,17,Romans/romantisk/romantik,15,Thriller/spänning,12,Science fiction/sci-fi/scifi,8,Deckare/brott/gangster/polis,0,Äventyr/äventyrsfilm,0,Drama/dramor/draman,0,Musikal/musik/musikalisk,0,Politik/politisk,0,Fantasy/fantasi/hjälte,0,Krig/krigsfilmer,0,Tecknat/animerat/disney,0,Västern/western/vilda västern,0,Biografi/biografisk,0,Mysterie/mysterium/mystik,0,,,,,,,,,,
Nämn en grön grönsak,0051,Sallad/Isbergssallad/grönsallad/sallat/grönsallat/romansallad,19,Broccoli/Brockoli/Brocoli,19,Ärtor/ärta/gröna ärtor/ärter,19,Gurka,17,Gröna bönor/bönor/haricots verts,16,Kål/grönkål/kol,10,Spenat/spinat/bladspenat,0,Paprika/grön paprika/chilifrukt/grön chili,0,Sparris,0,Purjolök/purjo,0,Kronärtskocka,0,Brysselkål,0,Zucchini/Zuckini/squash,0,Avokado,0,,,,,,,,,,,,,,,,
Nämn en berömd trollkarl,0067,Harry Potter/Harry/potter,42,Trollkarlen från Oz/Oz trollkarl/Oz,17,Dumbledore/professor Albus Dumbledore/Albus Dumbledore/Albus,14,Merlin/magikern merlin/trollkarlen merlin,13,Gandalf/gandalf den vite/Gandalf den grå,8,Voldemort/lord voldemort,6,Dr. Strange/doctor Strange/strange/doktor strange,0,Ron/ron weasley/weasley/rin,0,Joe Labero/Labero/Joe,0,Saruman/saruman den vite,0,Hagrid/Rubeus Hagrid/Rubeus,0,Hermione/hermione granger/granger/Herminy,0,David Blaine/Blaine,0,Snape/snake/professor Severus Snape/Severus Snape/snap,0,Harry Houdini/Houdini,0,,,,,,,,,,,,,,
Nämn något som fans samlar från sina favoritsångare,0033,Musik/album/sång/CD/skiva/låt,48,Kläder/tröja/t-shirt/byxor/underkläder/strumpor,15,Autograf/autografer/signatur,11,Bilder/foto/fotografier/bild,10,Affisch/affischer/poster,10,Hår/lock/hårlock/hårstrå,6,Produkter/officiella/stånd,0,Skor,0,Biljetter/biljett,0,Kram/krama/kramar,0,Penna/bläckpenna,0,,,,,,,,,,,,,,,,,,,,,,
Nämn något som flyger,0095,Insekt/bi/skalbagge/fjäril/fluga/geting/flugor,38,Flygplan/plan/jetplan/privatjet,25,Fågel/örn/uggla/anka/and/gås/fåglar,22,Helikopter/hellikopter,7,Luftballong/varmluftsballong,5,Drake/drakar,3,Fallskärm/skärmflygare/fallskärmshoppare,0,Tiden/tid,0,Fladdermus,0,Segelflygplan/glidflygplan/glidflygare,0,Drönare/drone,0,Rymdskepp/rymdraket/rymdfärja/raket,0,Pappersflygplan/papperflygplan,0,Ballong/heliumballong/födelsedagsballong,0,Superhjälte/stålmannen/superman/hjälte,0,Zeppelinare/zepelinare/hindenburg/,0,Papper/skräp/omslag/plastpåse,0,Människor/personer/folk/människa/person,0,,,,,,,,
Nämn ett djur som ses i Lejonkungen,0086,Lejon/lejoninna/lejonnina,35,Fågel/näshornsfågel/tukan,19,Apa/mandrill/babian,15,Elefant/elefanter,11,Hyena,10,Tiger,10,Noshörning/svart noshörning,0,Flodhäst/flodhästar,0,Zebra/zebror,0,Gasell/gaseller/gassel/gasel,0,Giraff/giraffe/giraf/chiraff,0,Buffel/afrikansk buffel/kafferbuffel,0,Gnu/gnuer,0,Krokodil/krokodiler,0,Struts/strutsar,0,Surikat,0,Vildsvin,0,Gris/svin,0,Gepard/jepard,0,Puma,0,Orm,0,Insekt/insekter/skalbagge,0
Nämn något vasst,0052,Kniv/blad/dolk,42,Penna/pennor,26,Sax/saxar,9,Spik/spikar,9,Glas/glasskärva/glasbit,8,Svärd/sabel/klinga,6,Törn/tagg,0,Skruv,0,Nål,0,Pil,0,Häftstift/stift/häststift,0,Motorsåg,0,Såg/bågfil/sågblad/sågklinga,0,Pennvässare/vässare/väsare,0,Gaffel/gafflar,0,Rakblad/rakhyvel,0,Yxa/yxor/vedyxa,0,Kniv/Kartongkniv/fickkniv/armékniv,0,Tand/tänder/huggtand,0,Metall,0,Hammare,0,Sinnet/sinne,0
Nämn något din partner kan bli arg på att du gör för mycket,0021,Sova/sömn/vila/tupplur,30,Äta/mat,21,Spendera pengar/shoppa/shopping/handla/näthandla/nätshoppa/pengar/spendering,18,Prata/snacka/diskutera/tala,16,Dricka/drinkar/alkohol/öl,9,Se på TV/titta på tv/tv/tv-tittande,6,Jobba/arbeta/arbete,0,Otrogen/otrohet/vara otrogen,0,Telefon/telefonen/prata i telefon/sitta med telefon/använda telefonen,0,Skrika/ropa/högljudd/skrik,0,Röka/rökning/tobak/cigarett,0,Gå ut/festa/nattklubb/bar,0,Spela/spela spel/datorspel/tv-spel/spelande,0,Ljuga/lögner/ljuger/dra lögner,0,Sex/ha sex/sexuellt umgänge,0,Slåss/bråka/bråk/slagsmål,0,,,,,,,,,,,,
Nämn en karaktär från Harry Potter,0007,Harry Potter/Harry/potter,50,Ron/ron weasley/weasley/rin,15,Draco Malfoy/Draco/malfoy,14,Hermione/hermione granger/granger/Herminy,8,Voldemort/lord voldemort,7,Snape/snake/professor Severus Snape/Severus Snape/snap,6,Dumbledore/professor Albus Dumbledore/Albus Dumbledore/Albus,0,Hagrid/Rubeus Hagrid/Rubeus,0,Luna Lovegood/Luna/Lovegood,0,Ginny Weasley/Ginny,0,Dobby/husalven,0,Hedwig/uggla/Hedvig,0,Neville/Neville Longbottom/Longbottom,0,Sirius Black/Sirius/Black,0,Fred Weasley/fred,0,,,,,,,,,,,,,,
Nämn något man kan sitta på,0092,Stol/säte/kontorsstol/skrivbordsstol,31,Soffa,18,Säng/sängen,18,Marken/golvet,15,Bil/bilstol/bilsäte,9,Bord,9,Bänk,0,Pall/sittpall,0,Rumpa/skinkor/bak/bakdel/häck,0,Sittsäck/saccosäck/bean bag/sackosäck,0,Knät/person/människa/folk/knä,0,Skrivbord/kontorsbord,0,Kudde/kuddar/sittkudde,0,Toalett/toa/potta,0,Gunga/gungställning,0,Fåtölj,0,Gräs/gräset,0,Bänkskiva/disk,0,Trappa/trappor/trappsteg,0,Buss/bussen,0,Häst/hästrygg,0,Klistret/skiten/klister,0
Nämn något du kan se är fejk i en tramsig film,0019,Kärlek/sex/romans,45,Skådespel/skådespeleri/skådespelare/komiker/stjärna/människor/karaktärer/konversation/dialog/känsla/gråt/gråta/tårar/skratt/skratta,16,Blod/blödning/blöder/skada/skador,15,Monster/varelser/odjur/utomjording/alien/djävul/spöke/drake/häxa/häxor/drakar,11,Mat,7,Slagsmål/strider/action/strid/bråk/närstrid/kampsport,6,Miljöer/miljö/omgivning/landskap/dekor/inredning/bakgrund/kuliss/kulisser/hus/hem,0,Pengar/kontanter,0,Bil/bilar/fordon/bilfärd,0,Dödsfall/död/döden/mord/döda/döende/dog,0,Vapen/pistol/kniv/skjutvapen/pistoler/gevär,0,Djur,0,Rekvisita,0,Hår/frisyr,0,Krafter/magi/övernaturligt/övernaturliga/trollformel,0,Bov/ond/ondska/mördaren,0,,,,,,,,,,,,
Nämn ett husdjur,0061,Katt/kisse/kissekatt/kattunge,35,Hund/valp/hundvalp,31,Fisk/fiskar/guldfisk/akvarium,11,Hamster/dvärghamster/gullhamster,9,Orm/ormar,8,Fågel/fåglar/undulat/parakit,6,Kanin/hare/kaniner,0,Ödla/ödlor/leguan,0,Sköldpadda,0,Häst/hästar,0,Gris,0,Mus/möss,0,Råtta/råttor,0,Apa/apor,0,Marsvin/masvin,0,Spindel/spindlar/fågelspindel,0,,,,,,,,,,,,
Nämn något som riddare i sagor slåss mot,0012,Drake/drakar,33,Män - Kvinnor/män/man/kvinna/kvinnor/flicka/pojke/folk,26,Monster/varelser/odjur/best/varelse,17,Häxa - Trollkarl/häxa/trollkarl/magiker/frammanare,10,Riddare,8,Djur/varg/björn,6,Vättar/vätte,0,Kung,0,Troll,0,Jätte/titan/jättar,0,Kärlek,0,Ondska,0,Prinsessa,0,Spöke,0,Bov/Bovar/onda/dåliga,0,Zombie/zombies/zombier,0,Demon/demoner/djävul/djävulen/djävlar,0,,,,,,,,,,
Vad kan man hitta i ett hemsökt hus?,0074,Spöke/spöken/gastar/andar/ande/vålnad,34,Monster/varelser/odjur/best/varelse,17,Spindel - Spindelnät/Spindelnät/spindlar/spindel,16,Blod,13,Människa/personer/folk/människor/person,12,Clown/clowner,8,Mumie/mumier/sarkofag,0,Damm/smuts,0,Ljus/lampor,0,Spökbrud/halshuggen brud/huvudlösa brud/vit brud/brudklänning/spökbrud,0,Råtta/möss/råttor,0,Spegel/speglar/trasig spegel,0,Zombie/zombies/zombier,0,Seriemördare/mördare/lönnmördare,0,Skelett/döskalle/dödskalle/ben,0,Vampyr/vampyrer/dracula/drakula,0,Demon/demoner/djävul/djävulen/djävlar,0,Kadaver/lik/död kropp/döda människor/likdelar/kroppar/kroppsdelar,0,Häxa/trollkarl/häxor,0,Insekt/Insekter/skalbaggar/larver,0,Kniv/knivar,0,Fladdermus/fladdermöss,0
Nämn saker som kommer i par,0075,Skor/gympaskor/stövlar/kängor/sandaler,31,Strumpor/sockor/sockar,24,Händer/fingrar,13,Fötter/fot,13,Öron,12,Handskar/vantar/fingervantar,7,Armar,0,Ögon,0,Ben,0,Bröst,0,Hörlurar,0,Rumpa/skinkor/bak/bakdel/häck,0,Glasögon/solglasögon/kontaktlinser/linser,0,Byxor/jeans/byxa,0,Kläder/plagg/klädesplagg,0,Tvillingar/tvillingpar/tvillingsyskon,0,Örhängen/örhänge,0,Människor/par/gifta,0,Mat,0,,,,,,
Nämn en amerikansk biltillverkare,0083,Ford,38,Jeep,16,Chevrolet/chevy/cheva,15,Tesla,12,Dodge,11,Chrysler,8,Mustang,0,Cadillac,0,Lincoln,0,Ram,0,GMC,0,Pontiac,0,Buick,0,,,,,,,,,,,,,,,,,,
Nämn något som går upp och ner,0093,Trappor/trappa,27,Flygplan/plan,20,Hiss/hissar/hissen,18,Gunga/gungbräda/gungställning,13,Boll/fotboll/basketboll,13,Rulltrappa,9,Karusell,0,Dragkedja/dragkedjor,0,Berg-och-dalbana/bergochdalbana/bergodalbana/berg och dalbana,0,Hoppstylta/pogo stick,0,Jojo/yoyo/yo-yo/jo-jo/jojjo,0,Humör/humöret/moral/anda/lycka/glädje,0,Termometer/temperatur/väder,0,Helikopter,0,Luftballong/varmluftsballong/zeppelinare/luftskepp/ballong,0,Rutschkana/kana/ruschkana,0,Stege/stegar,0,Fågel/fåglar,0,Vikt/vikten,0,Bilar/bilen,0,Tiden/tid,0,Kullar/berg/kulle,0
Nämn något som rör sig väldigt långsamt,0094,Snigel,35,Gamla människor/åldring/gammal människor/gammal/gamla/äldre/senior/gammal man/gammal kvinna/gammal person,30,Sköldpadda,17,Sengångare,8,Mask/maskar/daggmask,5,Bebis/barn/småbarn/bebisar/baby/bäbis,5,Berusade personer/fulla/full/fulla personer/berusad/fyllo,0,Banken/bankkontoret/bankkön/bankanställd,0,Växter/växande blommor/blommor/blomma/växt,0,Glaciär/glaciärer,0,Födsel/förlossning/att föda barn/barnafödsel,0,Posten/post/brev/paket,0,Tiden/tid,0,Koalabjörn/koalabjörnar/koala,0,Kö/kön/köer/köa,0,Elefant/elefanter,0,Larv/larver,0,,,,,,,,,,
Nämn något som erbjuds under flygningar,0096,Snacks/mat/måltid/måltidsbricka/matbricka,30,Alkohol/sprit/champagne/vodka/whiskey/öl/vin/rom/cocktail,23,Läsk/vatten/cola/coca cola,19,Tidningar/dagstidningar/kvällstidningar/modetidningar,10,Film/filmer/skärm/serier/tv-program/tv-serier/barnprogram/tecknat,10,Hörlurar/headset,8,Obekväma säten/säten/stolar/stol,0,Hylla för handbagage/handbagagehylla/bagagehylla/hylla/förvaringshylla/förvaringsutrymme,0,Kudde/kuddar/sittkudde,0,Filt/filtar,0,Toalett/badrum/toaletter,0,Kräkpåse/spypåse/spya/kräk/kräkas,0,Våtservett/servett/papper/pappershandduk,0,,,,,,,,,,,,,,,,,,
Nämn något du associerar med Stålmannen,0097,Slängkappa/cape/kappa,35,Styrka/kraft/superkraft/superkrafter/stora muskler/stark,22,Superhjälte/super/hjälte,13,Clark Kent/Clark/Kent,11,Lois Lane/Louis Lane/Louise Lane/Lane/Lois,10,Kostym/utstyrsel/tajts/tights/kalsonger/underbyxor,9,Kryptonit/kryptonite/krypton,0,Flyga/flygförmåga/kan flyga/flyger,0,Bokstaven S/S,0,Lex Luthor/lex/luthor,0,Smallville,0,Glasögon,0,The Daily Planet/Daily Planet,0,Journalist,0,Metropolis,0,DC Comics/DC,0,,,,,,,,,,,,
Nämn en nördig hobby,0005,Läsa/läsning/böcker/skönlitteratur/romaner,30,Datorspel/tv-spel/spel/spela,18,Plugga/studera/läxor/läxa/läxläsning/skola,16,Vetenskap/forskning/matte/matematik,13,Schack/chack/schak,13,Damspel/dam/spela dam,10,Se på film & serier/se på tv/titta på tv/tv/netflix/video/youtube/film/bio/biograf/se på film/serier/tv-program/anime/animé,0,Datorer/dator/koda/kodning/programmera,0,Telefon/telefonen/prata i telefon/sitta med telefon/använda telefonen,0,Serietidningar/serietidning/comics,0,Brädspel/bordsspel/stratego/rollspel/kortlek/kortspel/drakar och demoner/dungeons and dragons/D&D,0,Fågelskådning/fåglar/se på fåglar/titta på fåglar,0,Sport/tennis/sporta/sporter/golf/fotboll/hockey/ishockey/basket/bandy/innebandy,0,Cosplay/klä ut sig/kostymer/utklädnad,0,Teknik/teknologi,0,,,,,,,,,,,,,,
På vilken plats spenderar barn mest tid?,0064,Utomhus/trädgård/park/lekplats/baksida,31,Hem/hus/inomhus/hemma/i hemmet/hemmet,24,Sovrum/rum/säng/sova/sover/i sängen,17,Skola/jobbet/arbetet/bibliotek/klassrummet/klassen,16,Shoppingcenter/shopping/centrum/butik/leksaker/leksaksbutik/leksaksaffär,7,Hemma hos kompisar/kompis/kompisar/väns hus/med vänner,5,Sportområde/fotbollsplan/hockeyrink/plan/planen/fält/fältet/gym,0,Biograf/bio/biografen/bion,0,Köket/äta/äter,0,Bil/bilar/fordon/bilfärd,0,Badrum/toalett/dusch,0,Vardagsrummet/tv/se på tv/soffa/soffan,0,Pool/bassäng/simbassäng,0,Släktingar/hemma hos släkting/morfar/mormor/farfar/farmor,0,Fest/party/kalas,0,Kyrka/kyrkan,0,,,,,,,,,,,,
Nämn något man associerar med häxor,0098,Kvast,43,Hatt/svart hatt,18,Kittel/gryta,14,Svarta kläder/kläder/klänning/svart klänning,9,Svart katt/katt,9,Vårta/vårtor,7,Trolldryck/magisk dryck,0,Trollformel/magi,0,Halloween/alla helgona,0,Pumpa/pumpor,0,Krökt näsa/böjd näsa/stor näsa/näsa,0,Ful,0,Spindelväv/spindlar,0,,,,,,,,,,,,,,,,,,
Nämn något man gör på helgen,0014,Sova/sömn/vila/tupplur,23,Fest/party/kalas,21,Äta ute/restaurang/äta/mat/middag/picknick,16,Shoppa/shopping/handla/köpa,14,Spela/datorspel/tv-spel/spel,14,Familj och vänner/umgås/träffa vänner/vara med vänner/vara med familjen/familjemedlemmar/hänga med vänner/polare,12,Sporta/träna/gymma/gym/basket/fotboll/promenera/simma/bada/vandra/motionera,0,Se på TV/titta på tv/tv/netflix/video/youtube/serier/tv-serier/tv-program,0,Resa/åka/semester/resor,0,Slappna av/ta det lugn/ingenting/inget/vila,0,Städa hemmet/städa huset/städa/rengöra/hushållssysslor/sysslor/hushållsarbete,0,Jobba/göra läxor/läsa läxor/arbeta/läxor/studera/plugga,0,Läsa/böcker,0,Kyrka/kyrkan,0,Gå ut/utomhus/parken/stranden/campa/leka utomhus/vara utomhus/frisk luft/friluft,0,Nattklubb/klubb/dansa/diskotek,0,Dricka/alkohol/öl/sprit/full/berusad,0,Gå på bio/bio/biograf,0,,,,,,,,
Nämn något som gör mycket ljud,0008,Bil/cykel/limousine/lyxbil/Ferrari/Lamborghini/motorcykel/Porsche,37,Musik/trummor/trumpet/gitarr/piano,19,Flygplan/plan/jetplan/privatjet/privat jet,14,Bebis/småbarn/bebisar/baby/bäbis,13,Djur/hund/katt/skall/skälla,9,TV/teve/television,8,Fyrverkerier/smällare/fyrverkeri,0,Tåg/tåget,0,Signalhorn/tuta/biltuta,0,Buss/bussen,0,Människor/personer/folk/människa/person/grupp,0,Vapen/skjutvapen/pistol/gevär/skjuta,0,Telefon/mobitelefon/ringsignal/prata i telefon,0,Lastbil/lastbilar/långtradare,0,Radio,0,Bomb/explosion/bomber/dynamit/sprängmedel/spränga,0,Helikopter/hellikopter,0,,,,,,,,,,
Hur får man tiden att gå på en fest där man inte känner någon?,0018,Dricka/alkohol/öl/sprit/full/berusad/dricka alkohol,24,Prata/konversera/diskutera/tala/mingla/presentera sig/träffa/möta/småprata,19,Dansa/dans,18,Äta/mat/buffet,16,Telefon/smart telefon/smartphone/mobiltelefon/mobil/sms/ringa/leka med mobilen,13,Sova/sover,10,Spela/datorspel/tv-spel/spel,0,Se på TV/titta på tv/tv,0,Lyssna på musik/musik/musiklyssnande,0,Gå hem/gå iväg/avlägsna sig/gå ut,0,Sjunga/karaoke/sång,0,Läsa/böcker/läsning/bok,0,Gå på toaletten/toalett/badrummet,0,Gå runt/promenera/promenad/gå,0,Röka/rökning/tobak/snusa/snus,0,Festa/partaja/fest,0,,,,,,,,,,,,
Nämn något som varje pirat behöver,0188,Skepp/båt/fartyg/segelbåt,30,Skatt/guld/dubloner/ädelstenar,23,Besättning/besätning/hantlangare/medhjälpare/vänner,19,Hatt/huvudduk/snusnäsduk/scarf,10,Karta/skattkarta,10,Svärd/värja/sabel/dolk/kniv/vapen,8,Papegoja/pappegoja/papegojja/fågel/husdjur,0,Ögonlapp/lapp för ögat,0,Kompass/kommpas/kommpass,0,Flagga/vimpel/döskalle,0,Planka/gå på plankan,0,,,,,,,,,,,,,,,,,,,,,,
Vad kan man se på himlen?,0230,Solen/sol/solsken,35,Moln/molln,19,Fåglar/fågel/duva/duvor,15,Flygplan/plan,11,Månen,10,Stjärnor/stjärna/stjärnskott,10,Drake/drakar/drakflygning,0,Regn/regnskur/skur/skyfall,0,Helikopter/hellikopter,0,Luftballong/ballong/balong/varmluftsballong,0,Snö/snöflingor/snöfall,0,Planeter/stjärnbilder/himlakroppar,0,Komet/kometer/meteor/meteoriter,0,Satellit/sattelit/sattellit,0,,,,,,,,,,,,,,,,
Nämn en present som är perfekt till barn man inte bor med,0038,Leksaker/dockor/docka/leksak,33,Husdjur/hund/katt/hamster/mus/råtta,22,Trummor/trumset,17,Leksaksbil/bil,10,Godis/sötsaker,10,Kläder/plagg/klädesplagg,8,Gitarr/elgitarr/akustisk gitarr,0,Signalhorn/tuta/biltuta,0,Leksakspistol/pistol,0,Telefon/surfplatta/tablet,0,Piano/synth/synt/keyboard,0,Mat,0,Teddybjörn,0,Cykel/cyckel,0,TV/teve,0,Datorspel/tv-spel/spel,0,,,,,,,,,,,,
Nämn ett yrke där det är okej att skrika på jobbet,0027,Sport/coach/lagledare/tränare,30,Lärare/skola/rektor/pedagog,25,Polis/snut/polisen,17,Byggarbete/byggarbetare/bygge/byggarbetsplats,11,Brandman/brandmän/brandkåren,9,Jurist/advokat/domare,8,Aktiemäklare/aktier/börsen,0,Auktionsförrättare/auktion/utropare,0,Skådespelare/skådespelerska/filmstjärna,0,Chef/kontorschef,0,Armé/armén/militären/soldat/befäl,0,Sångare/sångerska/sjunga,0,Läkare/doktor,0,,,,,,,,,,,,,,,,,,
Nämn något som folk stolt visar upp på Facebook,0035,Familj - barn/familj/barn/barnen/dotter/son/sambo/partner/föräldrar,43,Bilder/bild/foton/foto/fotografier,28,Jobb/arbete/anställning/position,10,Ålder,8,Vänner/bekanta/umgänge,6,Mat,5,Civilstatus/giftermål/gifta/frieri/förlovning,0,Livet/vardag,0,Videor/filmer/filmklipp/klipp,0,Husdjur/hund/katt/djur,0,Födelsedag/födelsedagskalas/födelsedagsfest/uppvaktning/party/fest,0,Memes/memer,0,Bil/bilar/fordon/bilfärd,0,Bröllop/vigsel/mottagning/bröllopsfest,0,Namn/riktigt namn/fullständigt namn/efternamn/förnamn,0,,,,,,,,,,,,,,
Utöver kniven$ nämn något som finns på en schweizisk armékniv,0031,Skruvmejsel/skruvdragare/skruv,36,Korkskruv/vinöppnare,16,Sax,14,Handtag/handtaget,12,Flasköppnare/kapsylöppnare,12,Nagelfil/fil,10,Burköppnare/konservöppnare,0,Hammare,0,Tandpetare,0,Pincett/pinsett/pinset,0,Gaffel/gafflar,0,Tång/tänger,0,,,,,,,,,,,,,,,,,,,,
Vems namn tatuerar en man på sig?,0068,Mamma/mor/mansen,33,Fru/maka,22,Barn/barnen/dotter/son/döttrar/söner,21,Pappa/far/gubben,10,Syster,7,Flickvän/kvinna/tjej/sambo,7,Mor- och farföräldrar/mormor/farmor/farfar/farmor/morföräldrar/farföräldrar,0,Husdjur/hund/katt/hamster/mus/råtta,0,Vän/kamrat/bästis,0,Bror/broder/bröder,0,Gud/jesus,0,,,,,,,,,,,,,,,,,,,,,,
Nämn något ett barn alltid har med sig,0034,Leksak/leksaker,33,Filt/filtar/snuttefilt/snutte,19,Teddybjörn/gosedjur/björn/nalle,13,Mat/godis/snacks/mellanmål,13,Telefon/surfplatta/tablet,12,Nappflaska/flaska/mjölk/välling,10,Föräldrar/mamma/pappa,0,Bok/böcker/bilderbok/saga,0,Napp/nappar/nappen,0,Docka/bebisdocka/bebis,0,,,,,,,,,,,,,,,,,,,,,,,,
Nämn något som är förbjudet i de flesta simbassänger,0041,Kissa/kissande/urin,27,Dyka/dyk/hoppa/hoppande,20,Mat/äta/ätande/snacks/mellanmål/förtäring/livsmedel,16,Springa/spring,14,Dricka/drinkar/alkohol/öl/dryck,14,Bajsa/göra ifrån sig/bajs/avföring,9,Skor,0,Nakenhet/naket/inga kläder/blotta sig,0,Gatukläder/kläder/vanliga kläder/påklädd,0,Leksaker,0,Sex/ha sex/sexuellt umgänge,0,Flottar/uppblåsta leksaker/uppblåsbar,0,Husdjur/hund/katt,0,Drunkna/att drunkna/drunkning,0,Skrika/ropa/högljudd/skrik,0,Skvätta/stänka,0,Röka/röka cigaretter/tobak,0,,,,,,,,,,
Nämn en typ av dans man kan se i danstävlingar,0042,Balett/klassisk dans,21,Steppdans/stepp,17,Hiphop/hip hop/hip-hop/breakdance/freestyle/gatudans/street dance,16,Salsa,16,Tango,16,Jazzdans/jazz,14,Swing/swingdans,0,Vals/tiodans,0,Pop,0,Modern dans/modern,0,Squaredance/square dance/squaredans,0,Samba,0,Polka,0,,,,,,,,,,,,,,,,,,
Nämn något som de flesta bara gör en gång i veckan,0065,Handla/handla mat/köpa mat/mathandla/matbutik/livsmedel/livsmedelsbutik,28,Städa huset/städa hemma/rengöra/städning/rengöring/hushållssysslor/sysslor,18,Sporta/träna/gymma/gym/basket/fotboll/promenera/simma/bada/vandra/motionera,16,Äta ute/restaurang/gå ut och äta/middag/picknick/äta,14,Kyrka/gudstjänst/präst,13,Jobba/göra läxor/läsa läxor/arbeta/läxor/studera/plugga,11,Tvätta/tvätta kläder/tvättning/klädtvätt/tvättmaskin,0,Sova/sömn/vila/tupplur,0,Fest/party/kalas,0,Spela/datorspel/tv-spel/spel,0,Slappna av/ta det lugn/ingenting/inget/vila,0,Se på film/titta på film/filmer/se på tv/tv-tittande/titta på tv/video/youtube/film/biograf/bio/tv-serier/tv-program,0,Resa/åka/semester/resor,0,Familj och vänner/umgås/träffa vänner/vara med vänner/vara med familjen/familjemedlemmar/hänga med vänner/polare,0,Tvätta bilen/biltvätt/rengöra bilen/bilen,0,Gå på nattklubb/klubb/dansa/diskotek,0,Dricka/alkohol/öl/sprit/full/berusad,0,,,,,,,,,,
Varför kan en person vakna klockan 2 på natten?,0066,Hungrig - törstig/hungrig/hunger/törstig/törst/äta/dricka/vatten/mjölk,26,Toa/gå på toa/toaletten/urinera/kissa/bajsa/skita/toan,24,Jobb/arbete/arbeta/jobba,15,Telefon/telefonen/prata i telefon/sitta med telefon/använda telefonen/mobil/mobiltelefon,15,Barn/ungar/barnen/dotter/son,14,Mardröm/mardrömmar/dålig dröm/rädd/mörkrädd,6,Kan inte sova/inte trött/inte sömnig/sömnlöshet/insomni/insomnia,0,Larm/alarm/väckarklocka/klockan ringer,0,Hörde ett ljud/oljud/oväsen/hörde något/högt ljud,0,Varmt - kallt/varmt/kallt/kyla/hett/kyligt/fryser/svettas,0,TV/se på tv/titta på tv,0,Sjuk/smärta/feber/mår illa/illamående,0,Husdjur/hund/katt/djur,0,Skola/skolan/universitet/högskola,0,Nödsituation/brand/eld/eldsvåda/brandalarm/brandvarnare,0,Man - fru/man/make/fru/maka/sambo/partner,0,Sex/ha sex/sexuellt umgänge,0,,,,,,,,,,
Nämn en karaktär från Star Wars/Stjärnornas krig,0009,Darth Vader/Lord Vader/Anakin skywalker/anakin/vader/darth/dark,35,Luke Skywalker/Luke/Skywalker/luck/like,28,Yoda,15,Leia/prinsessan leia/leia skywalker/Princess/Laya/lea,8,Han Solo/solo/han/yan solo/hans-olov/hans solo,8,R2D2/D2R2/D2/R2/R2-D2,6,Chewbaca/chewie/chewy/chewee/wookiee/chubaca,0,Rey/Rey skywalker/ray,0,Obi-Wan Kenobi/Obi-Wan/kenobi/ben/obi/ben kenobi,0,Darth Maul/Maul,0,C3PO/c3-po,0,BB8,0,Kylo Ren/Kylo/ren,0,Boba Fett/boba/fett/bobba fett,0,Baby Yoda/The child/barnet,0,,,,,,,,,,,,,,
Nämn något som män förmodligen ljuger om mest,0023,Pengar/inkomst/tillgångar,25,Otrohet/otrogen/vara otrogen/älskarinna,18,Arbete/jobb/jobbposition/yrke/jobbtitel,17,Kvinnor/kärlek/sex/tjejer/tjej/flickvän,16,Ålder/gammal,13,Längd/höjd,11,Familj/barn/fru/maka,0,Civilstatus/giftermål/gifta/frieri/förlovning,0,Vikt/vikten/kilogram,0,Bil/bilar/fordon/bilfärd/bilmodell,0,Hus/boende/lägenhet,0,Alkohol/dricka/sprit/dricker/alkoholkonsumtion/alkoholism/alkoholist,0,Storlek/kön,0,Vänner/bekanta/umgänge/umgås,0,Telefon/mobitelefon/ringsignal/prata i telefon/sms,0,,,,,,,,,,,,,,
Nämn något som finns i en hamburgare,0201,Nötkött/biff,34,Bröd/bulle/hamburgerbröd,19,Ost,18,Tomat/tomater,17,Lök,6,Bacon,6,Ketchup/katchup,0,Senap,0,Majonnäs/majonäs/majjonäs,0,Sallad/isbergssallad,0,,,,,,,,,,,,,,,,,,,,,,,,
Nämn ett bondgårdsdjur,0217,Ko/kossa,35,Häst/hästar,30,Gris,11,Får,11,Kyckling/höna/tupp/hönor,9,Kanin/harar/kaniner,4,Get/getter,0,Oxe/oxar,0,Åsna/åsnor,0,Ankor/anka/and/änder,0,Bock,0,Katt/katter,0,Hund/hundar,0,Kalkon/kalkoner,0,,,,,,,,,,,,,,,,
Nämn ett nyårslöfte,0107,Gymma/träning/komma i form/träna/gym,31,Lära sig något/utbildning/utveckla,24,Sluta röka/rökning/tobak/cigaretter,13,Äta nyttigare/hälsosamt/nyttig/mat,13,Skaffa ett jobb/anställning/arbeta/jobba,12,Bli trevligare/sluta förolämpa/otrevlig/svärord/svära,7,Bli bättre på jobbet/förbättra,0,Skaffa barn/få barn/son/dotter,0,Gifta sig/giftermål/äktenskap/bröllop,0,Skapa något/skapande/handtverk/pyssel,0,Lära sig musik/spela/instrument/gitarr/göra musik,0,Spara pengar/sparande,0,,,,,,,,,,,,,,,,,,,,
Nämn något man lägger på en pizza,0100,Ost,24,Tomat/tomatsås,24,Oliver,17,Kyckling,15,Bacon,12,Pepperoni/peperoni/salami,8,Chili/paprika/chilifrukt/pepparfrukt,0,Nötkött/biff,0,Ananas/Annanas/Annannas/Anannas,0,BBQ-sås/grillsås/bbq,0,Mozarella/mozzarella,0,Räkor,0,Lax/laxfisk/fisk,0,Köttbullar/köttbulle,0,,,,,,,,,,,,,,,,
Nämn en katastrof,0111,Corona/pandemi/covid/virus,38,Global uppvärmning,16,Tsunami/våg,15,Tornado/virvelvind,12,Jordbävning/jordskalv,11,Orkan/tyfon,8,Översvämning/vatten,0,Lavin/snöskred,0,Vulkanutbrott/vulkan/lava,0,,,,,,,,,,,,,,,,,,,,,,,,,,
Nämn en vinteraktivitet,0113,Skidåkning/skidor/slalom/längdskidor,27,Snowboard/snowboarding,20,Pulka/släde/kälke/kälkåkning/pulkaåkning,18,Skridskor/skridskoåkning,13,Bygga en snögubbe/snögubbe/skulptur,13,Iglo/snögrotta/snökoja/bygga,9,Fira jul/julafton/julen/jul,0,Snöbollskrig/kasta snöboll/snöbollar,0,Vandra/vandring/promenad,0,Snöängel/ängel i snön,0,,,,,,,,,,,,,,,,,,,,,,,,
Nämn en sommaraktivitet,0114,Gå till stranden/beachen/playan/sandstrand,35,Gå till baren/baren/dricka/pub,30,Festa/party/kalas/festa,17,Promenera/promenad/vandra,8,Simma/bada/bassäng/pool/swimming pool,5,Springa/löpa/träna,5,Bada i floden/floden/flod,0,Sola/solbada/solbränna,0,Gå till parken/parken,0,Utomhussport/sporta,0,Gå ut med hunden/hundpromenad,0,Äta glass/isglass/mjukglass,0,Surfa/surfing/vindsurfa/vindsurfing,0,Wakeboard/wake board,0,Åka båt/båt/fartyg/skepp/kryssning,0,,,,,,,,,,,,,,
Nämn ett skolämne,0115,Matte/mate/matematik/mattematik,30,Språk/franska/spanska/tyska/italienska/engelska,23,Biologi/vetenskap,19,Fysik,10,Historia,10,Geografi,8,Ekonomi/hemkunskap,0,Konst/konstverk/tavlor,0,Musik,0,Teknik/teknologi,0,Idrott/sport,0,,,,,,,,,,,,,,,,,,,,,,
Nämn en smak på donuts,0118,Choklad/choko,35,Jordgubb/jordgubbe/jordgubbar,22,Jordnöt/jordnötter,13,Vanilj/vaniljstång/vaniljsocker/vanillin,11,Kaffe,10,Citron/lime/sur,9,Blåbär,0,Hallon,0,Pistasch/pistasche/pistach/pistash,0,Mandel,0,Nötter,0,Apelsin/citrus,0,Kokosnöt/kokos,0,Päron,0,,,,,,,,,,,,,,,,
Vad kan man ladda?,0128,Laptop/bärbar dator/dator,30,Telefon/iphone/smartphone/smart phone/smart telefon/mobiltelefon/mobil/android,18,Batteri/batterier,16,Bil/lastbil/elektrisk bil/tesla/personbil,13,Hörlurar/airpods/headset,13,Surfplatta/tablet/ipad,10,Högtalare,0,Lampa/ficklampa/lampor,0,Generator,0,Konsol/switch/nintendo/spelkonsol/gameboy,0,Dammsugare,0,Kontroll/spelkontroll/kontroller,0,,,,,,,,,,,,,,,,,,,,
Vad gör man innan man går till sängs?,0129,Sätter på pyjamas/pyjamas/nattlinne,31,Hudvård/huden,24,Borsta tänderna/tandborstning/tandborste/tandkräm,17,Tar bort smink/sminkborttagning/sminkrengöring,16,Bada/bad,7,Duschar/dusch,5,Äta/äter/mat,0,Dricka/vatten,0,Se på TV/netflix/serier/program,0,Telefon/mobiltelefon/ringsignal/prata i telefon/sms,0,Datorspel/tv-spel/spela/spel,0,Läsa/böcker/tidning,0,Kram/krama/kramar/kramas,0,,,,,,,,,,,,,,,,,,
Vad skulle du se på Nordpolen?,0223,Snö,32,Isbjörn/björn,27,Jultomten/tomten,18,Iglo/snögrotta,9,Is,9,Stjärnor,5,Nissar/tomtenissar/alvar/älvor,0,Fjällräv/snöräv/polarräv,0,Kyla/kall/kallt,0,Snöflingor,0,Norrsken/aurora,0,Renar/ren,0,Narval/narwal,0,Valross/valros,0,Sälar/säl,0,Hare/fjällhare/polarhare,0,Varg/fjällvarg/polarvarg,0,Inuit/eskimo,0,,,,,,,,
Nämn ett stort djur,0145,Val/valar,23,Elefant/elefanter,21,Noshörning,16,Flodhäst,14,Späckhuggare/orca,14,Giraff/giraffe/giraf/chiraff,12,Mamut/mammutt/mammut,0,Krokodil,0,Aligator/alligator,0,Anakonda,0,Boa/boaorm,0,Älg/älgar,0,Haj/vithaj,0,,,,,,,,,,,,,,,,,,
Nämn ett europeiskt land,0139,Tyskland,37,Frankrike,19,Spanien,14,Storbritannien/storbritanien/storbrittanien/UK,13,Nederländerna/holland,9,Italien,8,Schweiz/Shweiz/schweits,0,Polen,0,Belgien,0,Lettland,0,Bulgarien,0,Litauen,0,Kroatien,0,Luxemburg,0,Cypern,0,Malta,0,Tjeckien,0,Danmnark,0,Grekland,0,Estland,0,Portugal,0,Finland,0
Nämn något som är gjort av glas,0140,Fönster,24,Dricksglas/glas/kopp/mugg,19,Skärm,18,Spegel/speglar,16,Vas/kruka,13,Fiskskål/akvarium,10,Glasögon,0,Kulor/spelkulor,0,Flaska/flaskor,0,Burk/burkar,0,Skulptur/staty/prydnad,0,,,,,,,,,,,,,,,,,,,,,,
Nämn en mejeriprodukt,0218,Mjölk/latte,32,Ost,26,Yoghurt/yogurt/jogert,17,Färskost/philadelphia/mjukost,10,Gräddfil/surgrädde,8,Grädde,7,Smör,0,Glass,0,Vispgrädde,0,Kvarg,0,Keso,0,,,,,,,,,,,,,,,,,,,,,,
Nämn en regnbågsfärg,0142,Röd,32,Orange,21,Gul,13,Grön,12,Blå,11,Indigo,11,Lila,0,,,,,,,,,,,,,,,,,,,,,,,,,,,,,,
Nämn en form,0143,Cirkel/ring,24,Fyrkant,20,Triangel,17,Rektangel,14,Oval,14,Pentagon,11,Hexagon,0,Heptagon,0,Oktogon/oktagon,0,Diamant,0,Romb,0,Parallellogram,0,Parallelltrapets/trapets,0,,,,,,,,,,,,,,,,,,
Nämn ett lyxmärke,0144,Gucci/guci,33,Louis Vuitton/Louis vitton,16,Chanel/channel,16,Guess/guest,14,Dior,11,Burberry/burbery,10,Fendi,0,Dolce and Gabanna/DG/D&G/dolce/gabanna/gabana,0,Yves Saint Laurent/YSL,0,Rolex,0,Prada,0,Givenchy,0,Balmain,0,Cartier,0,Versace,0,,,,,,,,,,,,,,
Nämn en typ av alkohol,0215,Öl,48,Vin,27,Rom,10,Whiskey/Bourbon/Scotch,6,Vodka,5,Tequila,4,Hembränt/hembrännt/hemkört,0,Snaps/Schnapps/Shnaps/Shnapps/Schnaps,0,Mjöd/vinmjöd,0,Brandy,0,Cognac,0,Vermouth/Vermoth/Vermooth/Vermut,0,Gin,0,Sake/saké,0,,,,,,,,,,,,,,,,
Nämn en ädelsten,0209,Diamant,32,Rubin,25,Smaragd,18,Safir,12,Peridot/olivin,8,Jaspis,5,Citrin/citrine,0,Aquamarine/akvamarin,0,Ametist,0,Kvarts/qvarts,0,Turmalin,0,Onyx,0,Opal,0,Månsten,0,,,,,,,,,,,,,,,,
Vad gör man efter middag?,0147,TV/se på tv/netflix/Tv-program/serier,43,Sova/sömn/gå till sängs/gå och lägga sig,28,Borsta tänderna/tandborstning,10,Datorspel/tv-spel/spela,8,Diska/diskmaskin/disk,6,Städa/rengöra/rengöring,5,Efterrätt/dessert/sötsaker,0,Dricka/drink/alkohol,0,Sport/sporta,0,Rapa/rap,0,Bajsa/göra ifrån sig/nummer två,0,Kissa/kissande/toaletten,0,Yoga/göra yoga/träna yoga/utöva yoga,0,Träna/motionera/motion,0,,,,,,,,,,,,,,,,
Vad kan man se på gatan?,0148,Bilar/bil,28,Byggnader/hus,24,Skräp/sopor/nedskräpning,21,Trottoar/gata/asfalt/trotoar,10,Rödljus/trafikljus,9,Gatulampor/gatulyktor/belysning,8,Buss/bussen,0,Människa/personer/folk/människor/person,0,Parkering/parkeringsplats,0,Reklam/annonser,0,Träd/buskar/grönt,0,,,,,,,,,,,,,,,,,,,,,,
Vad gör man när man är ensam?,0149,Telefon/telefonenprata i telefon/sitta med telefon/använda telefonen/sms/ringa,35,Spela/datorspel/tv-spel,32,Läsa/böcker/läsning,10,Se på TV/serier/program/film/se på serier,9,Ta en dusch/duscha,8,Promenera/gå/promenad,6,Sova/sover/sängen/gå till sängs,0,Är uttråkad/tråkigt/tristess,0,Gå på toa/toaletten,0,Målar/måleri/tavla,0,Rita/ritar/teckning,0,Sjunger/sång/sjunga,0,Dansar/dansa/dans,0,Gå på bio/bio/biograf,0,Gå på restaurang/restaurang/ut och äta,0,,,,,,,,,,,,,,
Nämn en plats där man ofta viskar,0150,Biblioteket/bibloteket/bibblan/biblan,36,Barnrum/lekrum/sovrum,16,Kyrkan/kyrkor,14,Väntrummet/vänterummet,12,Klassrummet/i skolan,12,Teater,10,Bio/biografen,0,Sjukhus,0,Begravning/kyrkogård,0,Konferens/tal/föreläsning,0,Öppna ytor/områden/torg,0,Jobbet/arbetet/arbetsplatsen,0,Museum/museer,0,Stadshuset/stadskontoret/rådhuset/kommunalhuset,0,,,,,,,,,,,,,,,,
Nämn ett djur som älskar kyla,0195,Pingvin/pingviner,37,Isbjörn/björn,19,Renar/renen/ren,14,Säl/sälar,13,Varg/vargar,9,Slädhund/husky/siberian/malamute,8,Snöleopard/leopard,0,Fjällräv/polarräv/räv,0,Valross/valrossar,0,Valar/val/kaskelot/späckhuggare,0,Polarhare/fjällhare/hare,0,Uggla/snöuggla,0,Alka,0,,,,,,,,,,,,,,,,,,
Vad gör bebisar?,0152,Gråter/gråta,33,Äter/äta,19,Sover/sova,13,Leker/leka,13,Spyr/kräks,12,Ler/leende,10,Skrattar/skratt,0,Håller/hålla,0,Kryper/krypa,0,Biter/bits/bitts,0,Drar/drar i hår/sliter,0,Kastar leksaker/kastar,0,,,,,,,,,,,,,,,,,,,,
Nämn något som folk bokar,0153,Restaurang/bord/middag,27,Hotell/rum/hotellrum,20,Airbnb/Air bnb,16,Flyg/flygbiljett/flygplan,14,Rundtur/guidad tur,14,Semester/weekend/resa,9,Bil/hyrbil,0,Kryssning/kryssningsfartyg,0,Reserverat säte/stol,0,,,,,,,,,,,,,,,,,,,,,,,,,,
Nämn något som gör det svårt att komma upp ur sängen,0155,Trött/sömning,42,Regn/blött,26,Snö/snöar,19,Bekvämt/varmt/skönt,7,Kyla/kall/kallt,3,Mörker/mörkt,3,För tidigt/klockan,0,Arbete/jobb/jobbet,0,Skola/plugga/studier,0,,,,,,,,,,,,,,,,,,,,,,,,,,
Nämn något folk har under sängen,0156,Pengar/ekonomi/kontanter/sedlar,28,Present/gåva/julklapp,18,Skor,16,Väska/resväska,14,Låst låda/kassaskåp/skrin,13,Kläder,11,Föremål/objekt/saker/grejer,0,Påse/påsar,0,Verktyg,0,,,,,,,,,,,,,,,,,,,,,,,,,,
Nämn saker som småbarn hatar,0157,Grönsaker/äta grönt/broccoli,48,Bada/ta ett bad,16,Skola/skolan,13,Dela med sig/dela/låna ut,12,Gå och lägga sig/sova/somna,6,Borsta tänderna/tandborstning,5,Gå till kyrkan/kyrkan,0,Gå till doktorn/läkaren/sjukhuset/vårdcentralen,0,Städa/städa rummet/rengöra,0,Koncentrera sig/koncentration,0,Vara tyst/tysta/oväsen,0,,,,,,,,,,,,,,,,,,,,,,
Nämn något som barn tar med sig till parken,0158,Leksaker,26,Cykel,24,Boll/fotboll/basketboll,15,Frisbee,15,Drake/drakar,14,Hund/hundar,6,Vän/kamrat/bästis,0,Syskon/bror/syster,0,Teddybjörn/teddy/nalle,0,Rullskridskor/inlines/rollerblades/roller blades/rullskridsko,0,Skateboard/skate,0,,,,,,,,,,,,,,,,,,,,,,
Nämn något som folk ofta fejkar,0159,Ålder/gammal,29,Namn,23,Identitet,18,Vara sjuk/sjukdom/sjukskrivning,16,Huvudvärk/ont i huvudet,8,Leende/le/skratta,6,Kärlek,0,Ilska/vrede/arg,0,Lycka/lycklig/glad/glädje,0,Väska/väskor/märkesväska,0,Skor/skorna,0,Klocka/rolex,0,,,,,,,,,,,,,,,,,,,,
Nämn en person som kan ha mask på sig,0160,Läkare/kirurg/sjuksköterska/tandläkare,35,Tjuv/rånare/brottsling/bankrånare,28,Brandman/brandmän/brandkåren,15,Clown/clowner,8,Skådespelare/skådespelerskor,8,Alla/vem som helst,6,Wrestlare/brottare/wrestling/wwe,0,Målare,0,Sjuka personer/sjukdom,0,Superhjälte/hjältar/superman/spider-man,0,Magiker/trollkarl,0,,,,,,,,,,,,,,,,,,,,,,
Nämn typer av snabbmat,0161,Pommes frites/pommes,42,Hamburgare/burgare,26,Läsk/cola/coca cola,19,Stekt kyckling/kfc/nuggets/mcnuggets,7,Glass/islgass,3,Pizza,3,Varmkorv/korv,0,Milkshake/shake,0,,,,,,,,,,,,,,,,,,,,,,,,,,,,
Nämn tyska bilmärken,0162,Mercedes,28,BMW,18,Porsche,16,Audi,14,Volkswagen,13,Opel,11,Daimler,0,Mini,0,,,,,,,,,,,,,,,,,,,,,,,,,,,,
Nämn smaker på glass,0163,Vanilj/vaniljstång/vaniljsocker/vanillin,48,Choklad,16,Jordgubb,13,Pistasch/pistach/pistasche,12,Citron/Sitron,6,Kokosnöt/kokos,5,Kaffe,0,Mango,0,Mint/mynta,0,Kaka/kakor/kakdeg/cookies,0,,,,,,,,,,,,,,,,,,,,,,,,
Nämn ett lyxbilsmärke,0165,Ferrari,29,Lamborghini,23,Porsche,18,Aston Martin,16,McLaren,8,Bugatti,6,Mercedes,0,Jaguar,0,Mustang,0,Chevrolet/chevy,0,,,,,,,,,,,,,,,,,,,,,,,,
Vad kan man erbjuda en kvinna?,0166,Blommor/blomma/ros,35,Smycken/juveler/örhängen/ring/vigselring/förlovningsring,28,Middag/restaurang/mat/måltid,15,Väska/handväska,8,Skor,8,Choklad/godis,6,Kläder/plagg/klädesplagg,0,,,,,,,,,,,,,,,,,,,,,,,,,,,,,,
Nämn planeter i solsystemet,0167,Jorden,28,Mars,20,Jupiter,18,Venus,13,Saturnus,11,Merkurius,10,Uranus,0,Pluto,0,Neptunus,0,,,,,,,,,,,,,,,,,,,,,,,,,,
Nämn något i huset som börjar med ”S”,0169,Spis,39,Soffa,19,Stol,19,Sovrum,9,Stereo,7,Skor,7,Saltkar/salt,0,Sockerskål/socker,0,,,,,,,,,,,,,,,,,,,,,,,,,,,,
Nämn ett ämne som folk tycker är personligt,0170,Kärleksliv/kärlek/relationer/romans,40,Ekonomi/finanser/pengar/rikedom,27,Religion/tro/andlighet,13,Inkomst/lön/arvode,8,Vikt/övervikt/fet/fetma,6,Hälsa/sjukdom/sjuk,6,Politik/höger/vänster/rösta,0,,,,,,,,,,,,,,,,,,,,,,,,,,,,,,
Nämn ett tillfälle när man blir fotograferad,0171,Körkort/körkortet/skaffa körkort/ansöka om körkort,31,Bröllop/vigsel/bröllopsfest/gifta sig,24,Examen/examensdag/utspring/gymnasiet/universitet/diplom/betyg/skolavslutning,13,Skolfoto/skolkatalogen/skolkatalog/klassfoto,13,Födelsedag/fyller år/fylla år,12,Skaffa pass/passet/passfoto/förnya pass,7,Busskort/kollektivtrafik/åkkort/tågkort/transport,0,Administrativ fil/jobb/arbete/fil/journal,0,,,,,,,,,,,,,,,,,,,,,,,,,,,,
Nämn ett sätt att väcka någon,0172,Alarm/väckarklocka/larm,24,Telefon/telefonsamtal/ringa,24,Skrika/ropa/kalla på,17,Skaka/beröring/röra/peta på/peta/vidröra/knuffa,15,Biltuta/signalhorn/tuta,12,Ljus/lampa/lampor/tända lampan/tända ljuset/tända lampor/sätta på ljuset,8,Glas med vatten/kasta vatten/stänka vatten/stänka/skvätta/vattenglas,0,,,,,,,,,,,,,,,,,,,,,,,,,,,,,,
Nämn något som blir mer värdefullt när det blir äldre,0174,Vin,27,Smycken/diamanter,20,Mynt/pengar/sedlar,18,Aktier/värdepapper/fonder,13,Konst/konstverk/tavlor/tavla/målningar,13,Frimärken/stämplar,9,,,,,,,,,,,,,,,,,,,,,,,,,,,,,,,,
Nämn ett ord som börjar med ”Z”,0175,Zoo,35,Zebra,30,Zooma/zoom,17,Zappa/zap/zapp,8,Zon/zona/zonen/zoner,5,Zen/zenbuddhism,5,,,,,,,,,,,,,,,,,,,,,,,,,,,,,,,,
Nämn en anledning till att en person kan kallas in på chefens kontor,0176,Sen/försenad/sen till jobbet/försov sig/försova/kom sent,30,Befordran/befordringar/bli befordrad/grattis/gratulera,23,Sparken/bli sparkad/få sparken/avsked/avskedad/uppsägning/uppsagd,19,Löneförhöjning/löneökning/högre lön,10,Misstag/gjort något fel/dålig arbete/förstörde,10,Stort projekt/stort jobb/projekt/uppdrag,8,Dåliga relationer/gräl/bråk/bråk på jobbet/bråk med arbetskamrater,0,,,,,,,,,,,,,,,,,,,,,,,,,,,,,,
Nämn en röd frukt,0192,Äpple/äpplen/äppel,43,Körsbär,18,Jordgubbe/jordgubbar,14,Hallon,9,Tomat/tomater,9,Vattenmelon/melon,7,Plommon/plomon,0,Tranbär/trannbär/kranbär,0,Granatäpple/granatäpplen,0,Grapefrukt/grapefruit/grape,0,Drakfrukt/dragonfruit/pitaya/pitahaya,0,Vindruva/vindruvor/druvor,0,,,,,,,,,,,,,,,,,,,,
Nämn ett svartvitt djur,0197,Zebra/zebror,34,Panda/pandor,24,Dalmatiner/dalmatin/dalmatinerhund,12,Pingving/pingviner/kejsarpingvin,11,Kor/ko/kossor/mjölkkor,11,Vit tiger/vita tigrar/tiger,8,Grävling/grävlingar,0,,,,,,,,,,,,,,,,,,,,,,,,,,,,,,
Nämn en anledning till att folk lånar pengar,0180,Köpa hus/köpa hem/husköp/köpa lägenhet/lägenhetsköp,31,Ny bil/köpa bil/bilköp,24,Behöver pengar/spendera/dålig ekonomi,17,Betala lån/samla lån/betala skulder/skulder,16,Skola/skolavgift/studera/universitet/högskola,7,Semester/weekend/resa,5,,,,,,,,,,,,,,,,,,,,,,,,,,,,,,,,
Nämn ett yrke där man får betalt per timme,0181,Jurist/advokat,43,Läkare/doktor/sjuksköterska,18,Rörmockare/rörmokare,14,Datortekniker/tekniker/teknisk support/support/datorreparatör/telefontekniker,9,Elektriker,9,Psykiatriker/psykatriker/terapeut/terapi/psykologi,7,,,,,,,,,,,,,,,,,,,,,,,,,,,,,,,,
Nämn en plats där man kan se en antenn,0182,Tak/taket/byggnad,27,Hus/lägenhet,21,Bil/lastbil/fordon,16,Radio/tv/television,14,Radiostation/TV-station/kanal,14,Radiomast/torn/mast/mobilmast/radiotorn,8,Tunnelbana/tunnelbanestation,0,,,,,,,,,,,,,,,,,,,,,,,,,,,,,,
Nämn en plats där man kan se någon spela piano,0183,Konsert/orkester/symfoni/live/show,37,Kyrkan/templet,19,Teater/teateruppsättning/drama/teatern,14,Nattklubb/disko/disco/diskotek/klubb,13,Restaurang/middagsställe/middagsshow/bar/pub,9,Bröllop/bröllopsfest/ceremoni/vigsel,8,Tågstation/flygplats,0,,,,,,,,,,,,,,,,,,,,,,,,,,,,,,
Nämn ett land som talar spanska,0191,Spanien,31,Mexiko/mexico,24,Argentina,17,Colombia/Columbia,16,Venezuela/Venezuella,7,Kuba/Coba/cuba,5,Panama/Panma,0,Dominikanska republiken/dominikanska,0,Peru/Puru,0,Guatemala/Guatamella,0,Honduras/Hondurass,0,Chile/Chili/Chilli,0,Uruguay/urugay,0,,,,,,,,,,,,,,,,,,
Nämn ett land i Asien,0206,Kina,45,Japan,20,Sydkorea/korea/republiken korea,13,Nordkorea,9,Thailand,8,Vietnam,5,Filippinerna/filipinerna/fillipinerna,0,Indonesien,0,Malaysia,0,Myanmar/Burma,0,Kambodja/kambodia,0,Singapore,0,Taiwan,0,Hong Kong,0,Indien,0,,,,,,,,,,,,,,
Nämn något i ditt sovrum,0207,Säng/sängen,27,Garderob/skåp/klädskåp,24,Filt/filtar/täcker,22,Kudde/kuddar,16,Byrå/byrålåda,8,Nattduksbord/nattuksbord,3,Kläder/plagg/klädesplagg,0,Fönster,0,TV/teve/television,0,Skrivbord/kontorsbord,0,Bord,0,Smycken/halsband/ring/armband,0,Lampa/lampor,0,Väckarklocka/alarm/larmklocka,0,Madrass/maddrass,0,,,,,,,,,,,,,,
Vad kan man se i ett lekrum?,0225,Leksaker/pussel/bollar,27,Barn/bebisar/baby,20,Barnvakt/nanny/barnflicka,14,Rutschkana/rushkana,14,Skor,14,Mjukisdjur/mjukdjur/teddybjörn/nalle,11,Små bord/bord/litet bord,0,Lekkamrater/vänner/kamrater,0,Böcker/sagor/sagoböcker/barnbok/barnböcker,0,Små stolar/stol/stolar,0,Konst/tavlor/målning/tavla/konstverk,0,Leksakskök/lekkök/kök,0,,,,,,,,,,,,,,,,,,,,
Nämn något man skakar,0283,Salladsdressing/dressing,35,Händer/fingrar,30,Huvudet/huvud,17,Flaska/flaskor,8,Cocktail/martini/drink/drinkar,5,Milkshake/shake,5,Tärningar/tärning,0,Juice/jos/apelsinjuice,0,Skakvikt/shake weight/skakhantel/hantel,0,Hårsprej/hårmousse/sprej,0,Polaroid/kort/foto/fotografi,0,Ketchup/ketchupflaska,0,Medicin/läkemedel/hostmedicin,0,Vispgrädde/grädde/vispad grädde,0,Rumpan/sina lurviga/häcken/baken,0,Skallra/maracas/skallror/cymbal,0,,,,,,,,,,,,
Vad klagar folk ofta på?,0284,Trafiken/trafik/bilar/trafikstockning,30,Arbete/jobbet/jobb,23,Partner/make/maka/fru/man/pojkvän/flickvän,19,Svärföräldrar/svärmor/svärfar/svärdotter/svärson/svärsyster/svåger,10,Barn/ungar/barnen/son/dotter,10,Politik/politiker/regeringen/staten/riksdagen,8,Huvudvärk/ont i huvudet,0,Räkningar/pengar/ekonomi,0,Grannar/grannarna,0,Vädret/regn/snö/kyla/värme/kallt/varmt/blåser,0,Nyheter/nyheterna,0,Syskon/bröder/systrar/syster/bror,0,Ansiktsmask/ansiktsmasker/masker/covid/corona/coronavirus/pandemi/restriktioner/utegångsförbud/lockdown,0,Unga personer/ungdomar/tonåringar,0,,,,,,,,,,,,,,,,
Vad kan man se i en biograf?,0224,Film/filmer/biofilm,30,Människor/biobesökare/gäster,28,Stolar/fåtöljer/stol/biostol/säten,17,Bioduk/stor skärm/filmskärm/skärm/duk,10,Popcorn/pop corn,8,Läsk/dricka/drycker/cola,7,Projektor/projektion/projicering,0,Lampor/bioljus/ljus,0,Varmkorv/smörgås/hamburgare/mat,0,Högtalare/ljudsystem/ljud,0,Älskare/par/gifta/pussas,0,Kopphållare/glashållare/dryckhållare/hållare,0,Trappor/trappa,0,Matta/mattor/heltäckningsmatta/röd matta,0,,,,,,,,,,,,,,,,
Nämn en storstad i USA,0221,New York/NY/New york city/NYC,41,Los Angeles/LA,28,Chicago,11,Houston,10,Miami,6,Washington/washington DC,4,Dallas,0,Boston,0,Denver,0,St. Louis/Saint Louis/St Louis,0,San Diego,0,San Francisco,0,Portland,0,Seattle,0,Tampa,0,Buffalo,0,Detroit,0,Minneapolis,0,Austin,0,Baltimore,0,Phoenix,0,,
Nämn en europeisk huvudstad,0222,Paris,25,Stockholm,20,Rom,17,Berlin,16,Madrid,12,Aten/athen,10,Oslo,0,Helsingfors/helsinki,0,Belgrad/bellgrad/belgrade,0,Budapest,0,Bukarest/Bucharest,0,Sarajevo,0,Wien/Vienna/vien,0,Warsawa/Warsava/varsava,0,Sofia,0,Ljubljana/Lubliana/Ljublana/Lubljana,0,Zagreb/sagreb,0,Amsterdam,0,Bryssel,0,Lissabon/Lisabon,0,,,,
Vad kan man se i en bil?,0227,Ratt/ratten,42,Säten/stolar/bilstol/bilbarnstol,17,Instrumentpanel/knappar/reglage/spakar,14,Säkerhetsbälte/sätesbälte/bilbälte/bälte,13,Stereo/ljudanläggnng/bilstereo,8,Luftkonditionering/klimatsystem/air condition/ac,6,Luftfräschare/Wunderbaum/doftgran,0,Speglar/backspegel/backspeglar/sidospegel,0,Matta/bilmatta/mattor,0,Bilvärmare/värme/värmeelement/element,0,Nycklar/bilnycklar/tändning/bilnyckel,0,Ljus/lampor/strålkastare/taklampa/lampa,0,Rutor/bilruta/fönster/glas,0,Mobiltelefon/telefon/mobil/mobiltelefoner,0,Växelspak/växlare/växellåda,0,Vindruta/vindrutor,0,,,,,,,,,,,,
Nämn saker som bebisar behöver,0234,Mjölk/välling/mjölkersättning/ersättning,50,Blöja/blöjor/tygblöja,15,Kläder/barnkläder/bebiskläder,14,Napp/nappar,8,Spjälsäng/säng/bebissäng,7,Barnstol/matstol/bebisstol,6,Barnmat/bebismat/burkmat,0,Leksaker/bebisleksaker,0,Lekhage/barnhage/hage/inhägnad,0,Gungstol/gunghäst,0,Skötbord/blöjbord,0,Handduk/näsduk/duk/torka,0,Våtservett/våtservetter/bebisservetter/servetter,0,Haklapp/haklappar,0,Badkar/barnbadkar/balja/barnbalja/badbalja/bebisbalja,0,Sovsäck/täcke/filt,0,,,,,,,,,,,,
Vad kan man se i ett bibliotek?,0235,Böcker/bok,31,Bord,18,Stolar,18,Studenter/elever,15,Bokhyllor/bokhylla,9,Bibliotekarie/biblotekarie,9,Lampor/lampa/ljus,0,Pennor/penna/blyertspenna/bläckpenna,0,Bokmärken,0,Kartor/karta,0,Jordglob/jordglober/glober,0,Tidningar/tidskrifter/magasin/dagstidning,0,Manuskript/dokument/papper,0,Filmer/film/bilder/video,0,,,,,,,,,,,,,,,,
Nämn något man luktar på innan man köper,0288,Parfym/cologne/eau,43,Sovrum,18,Shampo/schampo/champo/schampoo,14,Deo/deodorant,9,Blommor/blomma/ros,9,Örter/ört,7,Lotion/hudlotion/handkräm,0,Rökelse,0,Ljus/doftljus,0,Luftfräschare/Wunderbaum/luftrenare,0,Tvättmedel/sköljmedel,0,Te/the/tea,0,Bil/fordon,0,,,,,,,,,,,,,,,,,,
Nämn något som barn äter,0289,Kyckling nuggets/chicken nuggets/mcnuggets/kycklingvingar/kyckling,23,Godis/sötsaker/choklad/socker/sött,21,Makaroner,16,Pizza,14,Hamburgare/burgare/cheeseburgare,14,Glass,12,Fiskpinnar,0,Klubbor/klubba,0,Varmkorv/korv,0,Snabbmat/skräpmat/skräp,0,Pommes frites/pommes,0,Nutella/nötkräm,0,Kakor/kaka/bakelser/bakverk/rån,0,Pennor/blyertspennor,0,Nycklar/nyckel/nyckelknippa,0,Pasta/spaghetti/spagetti,0,Chips/snacks/potatischips,0,,,,,,,,,,
Nämn något som hittas bland soffdynorna,0290,Pengar/kontanter/mynt,37,Smuts/damm,19,Fjärrkontroll/dosa/TV-dosa,14,Telefon/mobiltelefon/ringsignal/prata i telefon/sms,13,Smulor/mat/rester/matrester,9,Nycklar/nyckel/nyckelknippa,8,Djurpäls/päls/hår,0,Leksaker,0,,,,,,,,,,,,,,,,,,,,,,,,,,,,
Vilka roliga aktiviteter ägnar sig folk åt på stranden?,0236,Simma/simning/bada,45,Vattenskidor/skidor/åka vattenskidor,16,Surfa/surfing/surfbräda,15,Snorkling/snorkla/snorkel,11,Dykning/tuber/dyka med tuber/djupdykning,7,Kanotpaddling/paddla kanot/kanot/kanadensare,6,Kajak/paddla kajak/kajakpaddling,0,Forsränning/gummibåt/rafting/flotte,0,Volleyboll/volleyboll/vollyboll,0,Bygga sandslott/sandslott/skulptur/sandskulptur,0,Stafett med vattenhink/stafett/hink/spilla/tävling,0,Squirt-boll/squirtboll/skvättboll/stänkboll/vattenkrig/vattenboll,0,Flyga drake/drakflygning/drakar,0,Strandbowling/bowling/bowling på stranden,0,Dragkamp,0,Blåsa bubblor/såpbubblor/bubbelblåsning/bubbla,0,,,,,,,,,,,,
Vad hittar man på en kyrkogård?,0237,Gravar/grav/mausoleum/gravkammare/gravfält,37,Blommor/blomma/ros/rosor/bukett,19,Statyer/änglar/ängelstatyer/skulpturer/monument,14,Kors,11,Ljus/värmeljus/doftljus,10,Foton/bilder/fotografier,9,Urna/urnor,0,Träd/gröna träd/grönska/buskar,0,Grönt gräs/gräs/gräsmattor/gräsmatta,0,Bänkar/bänk/sittplatser/stenbänk,0,Kapell,0,Hål i marken/grävda håll,0,,,,,,,,,,,,,,,,,,,,
Saker en trädgårdsmästare behöver,0238,Handskar/skyddshandskar/trädgårdshandskar,35,Trädgårdsslang/vattenslang/slang,31,Plantor/stickling/sticklingar/planta,11,Jord/trädgårdsjord/matjord/växtjord,9,Gödsel/gödningsmedel/växtmat/näring/växtnäring,8,Spade/spadar/skyffel/skyfflar/blomspade,6,Kruka/krukor/blomkruka,0,Sekatör/sax/trädgårdssax,0,Grep/Högaffel/trädgårdsgaffel,0,Kratta/räfsa/trädgårdsräfsa,0,Skottkärra/hjulkärra,0,Murslev/trädgårdsspade,0,Växtetiketter/etikett,0,Insektsmedel/pesticid/skadedjur,0,,,,,,,,,,,,,,,,
Vad gör folk i parken?,0239,Promenera/strosa/gå/ta en promenad,33,Jogga/springer/joggar,26,Leka/leker/spela spel/leka lekar,17,Picknick/picnic/picknic/äta/mellanmål,10,Yoga/meditation/taichi/chigong/pilates/stretch,8,Ta det lugnt/slappna av/avslappning/lugn,6,Frisbee/frisbeegolf/diskgolf,0,Utomhusgym/gym/styrketräning,0,Roddbåt/ro båt/rodd/eka/båt/robåt,0,Tennis/badminton/spela tennis/spela badminton,0,Fotboll/spela fotboll/sparka boll,0,Volleyboll/volleyball/vollyboll,0,Sover/sova,0,Brännboll/baseball/baseboll/softboll,0,Träna/motionera/träning,0,,,,,,,,,,,,,,
Vad kan man göra på en dator?,0240,Sociala medier/sociala nätverk/kolla sociala nätverk,30,Spela spel/spela/datorspel/videospel,24,Arbeta/jobba,21,Se på film/titta på film/film/se på TV/netflix/youtube/videor,11,Skriva e-post/email/e-post/chatta med någon/chatta/skicka meddelanden,9,Lyssna på musik/skapa musik/musiklyssnande/musik/spotify,5,Spara bilder/skanna bilder/scanna/foton/fotografier,0,Studera/plugga/läxor/läxläsning/ta anteckningar,0,Kontrollera apparater/kontrollera saker/styra/fjärråtkomst,0,Skriva uppsats/skriva rapporter/uppsats/skolprojekt/skolarbete,0,,,,,,,,,,,,,,,,,,,,,,,,
Vad kan man se i ett klassrum?,0232,Lärare/professor/föreläsare/utbildare/pedagog,42,Elever/studenter/barn,26,Bänkar/bord,9,Stolar/stol,9,Böcker/bok,8,Papper,6,Anteckningsböcker/skrivböcker/skrivbok/bok/anteckningsblock,0,Pennskrin/pennfodral,0,Ryggsäck/väska,0,Sax/saxar,0,Kompass,0,Linjal,0,Suddgummi/suddigummi/radergummi/sudd,0,Pennvässare/pennväsare/vässare,0,Pennor/penna/kulspetspenna/blyertspenna,0,,,,,,,,,,,,,,
Nämn en Disneyfilm,0242,Askungen/askkungen,31,Snövit och de sju dvärgarna/snövit,24,Törnrosa/törnrosafilmen,13,Skönheten och odjuret/skönheten,13,Trassel/tangled,12,Den lilla sjöjungfrun/lilla sjöjungfrun,7,Aladdin/alladin,0,Lejonkungen,0,Prinsessan och grodan/princess and the frog,0,Pocahontas/pokahontas,0,Frost/frozen,0,Mulan/mulanfilmen,0,Vaiana/Moana,0,101 dalmatiner/dalmatinerna/dalmatinerfilmen,0,Pinocchio/pinockio/pinochio,0,Peter Pan/peterpan,0,,,,,,,,,,,,
Nämn något man hittar i badrummet,0233,Dush/duschen/duschkabin,30,Badkar/badet/jacuzzi/bubbelbad,21,Tandborste,18,Tvål/schampo/duschkräm,16,Tandkräm,9,Spegel/speglar,6,Tvättlapp,0,Vatten/vaten,0,Badrumsmatta/matta/mattor,0,Duschdraperi/draperi,0,Tvålfat/tvålskål/tvålhållare,0,Handfat,0,Pappershanddukar/toalettpapper/hushållspapper,0,Hylla/hyllor,0,Badlakan/handduk/handdukar,0,,,,,,,,,,,,,,
Nämn mjuka saker i sovrummet,0247,Säng/madrass,30,Sängkläder/filtar/överkast,23,Kuddar/nackkudde/kudde,19,Täcke/duntäcke,10,Fluffiga mattor/matta/mattor/heltäckningsmatta,10,Gardiner/fönstergardiner,8,Bomullstofflor/tofflor,0,Mjukisdjur/nalle/björn/teddy,0,Handdukar/handduk,0,Kläder/klädesplagg/plagg,0,Jackor/jacka,0,,,,,,,,,,,,,,,,,,,,,,
Platser man inte får missa i New York,0248,Frihetsgudinnan/frihetsstatyn/statue of liberty/liberty island,35,Empire State Building,22,Times Square/time square,13,Central Park/centralpark,11,Broadway/broad way,10,Tunnelbanan/subway/tunnelbanestationer,9,Little Italy/lilla italien,0,Chinatown/kinastaden,0,Brooklyn Bridge/brooklynbron,0,Metropolitan Museum of Art/konstmuseet/metropolitan/metropolitanmuseet,0,Grand Central Terminal/Grand central,0,11 september-minnesmärket/911/9 11/11 september/Twin towers/world trade center,0,Greenwich Village,0,SoHo/soho,0,West Village/västra byn/västra village,0,The High Line/highline,0,Finansdistriktet/financial district,0,Brooklyn,0,,,,,,,,
Saker man gör i vardagsrummet,0250,Se på film/titta på film/filmtittande/se på tv/tv-tittande/TV/filmer/serier/tv-program,31,Äta/dricka/snacks/äta snacks/fredagsmys,24,Spela spel/spela/tv-spel/datorspel/brädspel/bordsspel/kortspel/familjespel,17,Studera/plugga/läsa läxor/läxor/skolarbete/uppsats,16,Sova/tupplur/sömn,7,Arbeta/jobba/jobba på datorn/skriva rapporter/pappersarbete,5,Lyssna på musik/musik/lyssna på stereo,0,Träna/motionera/träning,0,Dans/dansa,0,Festa/fest/anordna fest/partaj/bjudning,0,Underhålla gäster/ta emot gäster/sitta med gäster/gäster/besök,0,Yoga/meditera,0,,,,,,,,,,,,,,,,,,,,
Nämn en Avenger från Marvels filmuniversum,0253,Iron Man/Järnmannen,37,Thor/Tor,19,Captain America/Kapten Amerika,14,Hulken/Hulk,13,Captain Marvel/Kapten Marvel,9,Hawkeye,8,Ant-man/antman/myrmannen,0,War Machine,0,Black widow/Svarta änkan,0,Spider-Man/Spider Man/spindelmannen,0,Falcon/falken,0,Vision,0,Scarlet Witch,0,Drax,0,Groot/Grot,0,Rocket,0,Star-Lord/Star Lord,0,,,,,,,,,,
Vad kan man se i en park?,0231,Träd/buskar/grönt,23,Blommor/blomma/ros,21,Lekplats/klätterställning,17,Gräs/grönt gräs/grönområden,14,Fontäner/vattenspridare/fontän,13,Fiskdamm/damm/vatten,12,Bord/bänkar,0,Stolar,0,Gungor/gunga/gungställning,0,Gungbräda,0,Rutschkana/kana,0,Människor/folk/barn/personer,0,Stenar/bumlingar/grus,0,Lyktstolpar/lampor/lyktor,0,Monument/statyer,0,,,,,,,,,,,,,,
Nämn en karaktär från serien Vänner,0255,Joey,29,Rachel,18,Chandler,17,Ross,15,Monica/Monika,11,Phoebe/Pheobe,10,Gunther,0,Marcel,0,Richard,0,Mike,0,Judy,0,Mr. Heckles/Heckles,0,Janice,0,Carol,0,Susan,0,Estelle,0,Ursula,0,,,,,,,,,,
Nämn en film från Pixar,0257,Toy Story,24,Wall-E/Walle-E/WallE/Wall E,20,Hitta Nemo/Finding Nemo,17,Coco,14,Insidan ut/Inside Out,14,Råttatouille/Ratatouille/Råttatoj,11,Upp/up,0,Hitta Dory/Finding Dory,0,Monsters Inc.,0,Ett småkryps liv/A Bug's Life/A Bugs Life,0,Superhjältarna/the incredibles/incredibles,0,Bilar/Cars,0,,,,,,,,,,,,,,,,,,,,
Nämn något man hittar på ett skrivbord,0259,Dator/laptop/bärbar dator/monitor/skärm,33,Penna/pennor,22,Anteckningsblock/anteckningsbok,17,Mus/datormus/musmatta,10,Brev/post/kuvert,10,Telefon/mobiltelefon/mobil,8,Kalender/almanacka,0,Bok/böcker,0,Plånbok/portmonnä/börs,0,Sax/saxar,0,Häftapparat/häfta/häftmaskin,0,Stressboll/stressleksak,0,Frimärken/stämplar,0,Checkhäfte/checkbok/bankbok,0,Dagbok/schema/planerare,0,Dryck/kaffe/kaffekopp/te/mugg/glas,0,,,,,,,,,,,,
Nämn ingredienser i en sallad,0260,Sallat/Sallad/isbergssallad,30,Tomat/tomater,25,Vinägrett/vinaigrette/dressing,17,Gurka,11,Avokado,9,Lök/gul lök/rödlök,8,Spenat,0,Rädisa/rädisor,0,Kål,0,Citronsaft/citron/lime/limejuice/citronjuice,0,Salt,0,Basilika,0,Oliver,0,Paprika/chilli,0,,,,,,,,,,,,,,,,
Nämn mat man lägger på grillen,0262,Fläsk/fläskkotlett/fläskkarré/karré/kotlett/revben,28,Nötkött/biff/entrecote,24,Kyckling/kycklingvingar/kycklingbröst,21,Fisk/lax/tonfisk,10,Räkor,9,Bläckfisk,8,Vattenmelon/melon,0,Varmkorv/korv/korvar,0,Potatis/klyftpotatis/bakpotatis,0,Ananas/annanas,0,,,,,,,,,,,,,,,,,,,,,,,,
Nämn en hushållssyssla,0265,Städa/rengöring/städning,33,Tvätta/tvätta kläder/tvättning,22,Matlagning/laga mat/mat,21,Dammsuga/dammsugning/dammsugare,10,Diska/disk/diskmaskin/glas,7,Moppa/moppa golven/moppning/golvmopp,7,Duka bordet/duka/bestick,0,Vika kläder/stryka,0,Torka bordet/rengöra bordet,0,Trädgårsarbete/trädgården,0,Tvätta bilen/biltvätt,0,Organisera/ställa undan,0,,,,,,,,,,,,,,,,,,,,
Nämn viktiga redskap för konstnärer,0266,Färg/målarfärg/akrylfärg,33,Penslar/borstar/målarpensel/pensel,19,Målarduk/duk,13,Palett/färgkarta,13,Staffli/målarstaffli/stafli,12,Pennor/penna/färgpenna/krita/kritor,10,Papper/block/sketchblock/målarblock/sketchbok,0,Suddgummi/suddigummi/radergummi/sudd,0,Linjal/mätpinne,0,Olja/oljefärger/oljefärg,0,,,,,,,,,,,,,,,,,,,,,,,,
Saker högskolestudenter behöver,0267,Ryggsäck,27,Böcker/bok/läroböcker,20,Penna/pennor,16,Anteckningsblock/anteckningsbok,14,Bärbar dator/laptop,14,Papper,9,Korrigeringsvätska/tipp-ex/tipex/tippex/white out,0,Suddgummi/suddigummi/radergummi/sudd,0,Gem,0,Mapp/mappar,0,Pennskrin/pennfodral,0,Sax/saxar,0,Miniräknare/kalkylator/grafminiräknare,0,Sidmarkörer/sidmarkör/markör/bokmärke,0,Planerare/schema/almanacka/dagbok/journal,0,,,,,,,,,,,,,,
Nämn en frukt man kan äta på morgonen,0269,Banan/bananer,42,Blåbär,26,Grapefrukt/grapefruit/grape,19,Jordgubbe/jordgubbar,7,Äpple/äpplen,3,Apelsin/citrus,3,Melon,0,Kiwi,0,Vattenmelon/melon,0,,,,,,,,,,,,,,,,,,,,,,,,,,
Nämn något man kan läsa,0271,Böcker/bok,48,SMS/textmeddelande,16,E-bok/e-läsare/ebok/eläsare/kindle/nook,13,Dagstidning/tidning/nyheter/nyhetstidning/kvällstidning,12,Posten/post/brev/paket,6,E-post/epost/email/e-mail/e-postmeddelande,5,Skyltar/skylt,0,Broschyr/häfte/utskick/flygblad,0,Tidskrift/Publikation/publicering/tryckalster,0,Berättelse/historia,0,Horoskop/stjärntecken/zodiac,0,Pocketbok/pocket/pockets,0,Saga/godnattsaga,0,Etiketter/etikett,0,Roman/skönlitteratur,0,Uppsats/skolarbete,0,Undertext/undertexter,0,,,,,,,,,,
Vem skulle du skicka en selfie till?,0272,Bästa vän/bästis/bästa kompis,26,Flickvän - pojkvän/flickvän/pojkvän,24,Partner/make/maka/fru/man,15,Föräldrar/förälder/mamma/pappa/mor/far,15,Syskon/bröder/systrar/syster/bror,14,Sociala nätverk/sociala medier/facebook/instagram,6,Vän/kamrat/bästis,0,Mor- och farföräldrar/mormor/farmor/farfar/morfar/morföräldrar/farföräldrar,0,Faster/moster/farbror/morbror,0,Kusin/kusiner,0,Klasskamrat/klasskompis,0,Dejt/tinder/tinderdejt,0,Ex/före detta/ex-pojkvän/ex-flickvän,0,,,,,,,,,,,,,,,,,,
Nämn något som kommer i flaska,0273,Vatten/vaten,29,Öl,23,Läsk/läskedryck/cola/fanta/pepsi,18,Vin,16,Mjölk/latte,8,Juice/jos/apelsinjuice,6,Shampo/schampo/champo/schampoo,0,Sovrum,0,Olja/olivolja,0,Vinäger,0,Dressing/salladsdressing,0,Sportdryck/gatorade,0,Ande/anden i flaskan/andar,0,Flaskpost/meddelande/budskap,0,Sand,0,Rengöringsprodukter/fönsterputs/rengöringsmedel,0,Sås/såser,0,Alkohol/vodka/whiskey/tequila/gin/rom,0,,,,,,,,
Nämn en grön ört,0275,Koriander,28,Persilja,20,Dill,18,Oregano,13,Mint/mynta,11,Basilika,10,Rosmarin,0,Gräslök,0,Salvia,0,Dragon,0,Timjan,0,Mejram,0,Citronmeliss/meliss,0,Ruccola/Ruckola,0,Lagerblad/lager,0,,,,,,,,,,,,,,
Nämn något som ses vid sportevenemang,0277,Boll/fotboll/basketboll,39,Match/lek/omgång/period/halvlek,19,Tröjor/uniformer/lagtröja/tröjor,19,Stadion/stadium/stadio,9,Läktare,7,Resultattavla/poängtavla,7,Försäljningsstånd/försäljning/butiker/affärer,0,Mat/popcorn/nachos/varmkorv/hamburgare,0,Öl,0,Fans/publik/människor/folkmassor,0,Parkeringsplats/parkering/bilar,0,Skyltar,0,Ansiktsmålning/målade ansikten,0,Mål/målbur,0,Souvenirbutik/souvenirer/presentbutik,0,,,,,,,,,,,,,,
Nämn något man fyller med luft,0278,Ballong/ballonger,40,Däck,27,Gummibåt/flotte,13,Luftmadrass/madrass,8,Badboll/strandboll/basketboll/boll,6,Lungor/lungorna,6,Airbag/air bag,0,Snorkel,0,Ubåt,0,Syrgastub/tub/gastub/syretank,0,Pruttkudde,0,Flytväst,0,Badleksak/flytleksaker,0,Cigarett/cigarr/joint,0,,,,,,,,,,,,,,,,
Nämn något man slår,0280,Motståndare/fiende,24,Slagpåse/boxningspåse,24,Matta/mattor,17,Trummor/trumset/bonga,15,Rekord/guinnessrekord,12,Oddsen/oddset/odds,8,Spel/tv-spel/datorspel/videospel,0,Telefonnumer/telefonnumret,0,Sig själv,0,Ketchupflaskan/ketchup,0,Isbrickan/islådan,0,Igen dörren/dörren/porten/upp porten,0,Någon med häpnad/slå med häpnad/med häpnad/häpnad,0,In presenter/presenter,0,,,,,,,,,,,,,,,,
Nämn något med bubblor,0285,Tuggummi,35,Läsk/cola,22,Champagne,13,Jacuzzi/bubbelpool,11,Bada/bad,10,Sovrum,9,Skum/lödder/skumm,0,Fisk/lax/tonfisk,0,Bubbelvatten/mineralvatten/ramlösa/loka,0,Marknaden/marknad/husmarknaden/bostadsmarknaden,0,Diagram/venndiagram/venn,0,,,,,,,,,,,,,,,,,,,,,,
Nämn något som förändras efter en skilsmässa,0286,Partner/maka/make/fru/man,30,Hem/hus/lägenhet/boende,18,Bankkonto/bank/ekonomi/finans,16,Kläder/mode/stil,13,Bil/fordon,13,Möbler/soffa,10,Vänner/bekanta/umgänge/umgås,0,Attityd/glädje/lycka,0,Restauranger/barer,0,Jobb/arbete/arbetsplats,0,Advokat/jurist,0,,,,,,,,,,,,,,,,,,,,,,
Nämn en sminkprodukt,0186,Läppstift/läpstift,27,Foundation/fondation,20,Concealer/conceal/täckning,18,Ögonskugga,13,Rouge/blush,13,Mascara/maskara,9,Eyeliner/ögonliner,0,Läppglans/glans,0,Bronzer/bronze/brunkräm,0,Baskräm/primer/base/bas,0,Lösögonfransar/ögonfransar/lösfransar,0,,,,,,,,,,,,,,,,,,,,,,
Nämn en Johnny Depp-karaktär,0187,Jack Sparrow/Jack Sparrow/Jack/Jacky Boy/Captain Sparrow,35,Willy Wonka/Wonka/Willy,30,Edward Scissorhands/Edward/Scissorhands,17,Hattmakaren/Mad Hatter/The Hatter/Hatter,8,Sweeney Todd/Tod/Todd/Barber/Sweeny Tod,5,Ichabod Crane/Ichabod/Ickabod/Crane,5,Gilbert Grape/Grape/Gilbert,0,Ed Wood/Ed/Mr Wood,0,Grindelwald/Grindlewald,0,Tonto/Toto,0,Rango/Ringo,0,,,,,,,,,,,,,,,,,,,,,,
Nämn en typ av vin,0274,Rött/rött vin/rödvin,35,Vitt/vitt vin,28,Champagne,15,Pinot gris/Pinot grigio/Grigio/Pino grigio/pinot,8,Cabernet/Caberney/Caberne,8,Sauvignon blanc/Sauvinon blanc,6,Portvin/port,0,Chardonnay/Shardonay/Chardonay,0,Shiraz/Shraz,0,Pinot noir/Noir/Pino noir,0,Merlot/Merlo,0,Rosé/rose/Rosay,0,Moscato/Muscat/Muskat,0,Zinfandel/vitt Zinfandel/Zin/vitt Zin,0,Malbec/Malbek,0,Verde/Vinho Verde/Vino Verde,0,,,,,,,,,,,,
Nämn en träningsövning som inte kräver utrustning,0194,Armhävning/armhävningar/push up,27,Knäböj/squats,21,Sit-up/sit-ups/situps/crunch,16,Jumping jacks/jumping jack/sprattelgubbe,14,Plankan/planka/plank,14,Utfall/lunges,8,Burpees/burpy/burpee,0,Supermans/superman/stålmannen/stålman,0,Jägarsits/jägarvila/wallsit,0,Bergsklättraren/mountain climber,0,Upphopp,0,Benlyft/benhöj/benhöjning,0,Bryggan/brygga,0,,,,,,,,,,,,,,,,,,
Nämn berömda berg i världen,0198,Mount Everest/everest/Himalaya/evrest,25,Mount Fuji/Fuji/Fujiyama/Fuji Yama,25,Kilimanjaro/killimanjaro/mount kilimanjaro,19,K2/Mount K2/K2-berget,13,Mont Blanc/Mt Blanc/mt. blanc,13,Annapurna/Anapurna/Mount annapurna/mount anapurna/annapurnaberget,5,,,,,,,,,,,,,,,,,,,,,,,,,,,,,,,,
Nämn ett land i Sydamerika,0213,Brasilien,30,Argentina,21,Colombia/Columbia,20,Chile,20,Peru,5,Uruguay/urugay,4,Bolivia,0,Paraguay,0,Venezuela,0,Ecuador,0,Guyana/Guiana/Guana,0,Franska Guyana/franska guiyana,0,Surinam,0,,,,,,,,,,,,,,,,,,
Nämn ett djur som lever i havet,0135,Fisk/fiskar,43,Haj/vithaj,18,Delfin/delfiner,14,Val/valar,9,Skaldjur,9,Sjöstjärna/sjöstjärnor,7,Sköldpadda/sköldpaddor/havssköldpadda,0,Bläckfisk/bläckfiskar,0,Säl/sälar/sjölejon,0,Späckhuggare/orca,0,Clownfisk,0,Räka/räkor,0,Hummer/hummrar,0,Manet/brännmanet,0,,,,,,,,,,,,,,,,
Nämn ett sätt att tillaga potatis,0199,Pommes frites/pommes,27,Potatismos/mos,25,Bakad potatis/bakpotatis,20,Chips/snacks,12,Rårakor/råraka,10,Potatisgratäng/gratäng,6,Gnocchi,0,Klyftpotatis/ugnsbakad poatis,0,Raggmunk/potatisplättar,0,Potatisbullar,0,,,,,,,,,,,,,,,,,,,,,,,,
Nämn ett land i Afrika,0214,Egypten,27,Sydafrika,23,Zimbabwe,22,Nigeria,15,Ghana,7,Kenya,6,Tanzania,0,Moçambique/Mozambique,0,Etiopien,0,Morocco/Morroco/Morrocco,0,Angola,0,Zambia,0,Botswana,0,Namibia,0,Somalia,0,Gabon,0,Libyen/lybien,0,Algeriet,0,Tunisien,0,Sudan,0,,,,
Nämn något en person med extra långa armar kan vara bra på,0020,Sport/basket/amerikansk fotboll/simning/volleyboll,40,Sträcka sig/nå saker/nå/sträcka,27,Klättring/klättra/bergsklättring,13,Fånga/ta emot/greppa tag om/greppa,8,Krama/kramar/kram,6,Köra/köra bil/köra motorcykel,6,Måla tak/takmålning/måleri,0,Byta glödlampor/byta lampa/byta lampor/skruva i lampa,0,Slåss/bråka/bråk/slagsmål,0,Plocka frukt/plocka äpplen/plocka päron/fruktträd/plocka från träd,0,Lyfta/lyfta upp,0,Städa/rengöra/göra rent/damma/damma av/torka av,0,Matlagning/laga mat,0,Fixa saker/reparera/reparation/fixa,0,Äta/ätande,0,,,,,,,,,,,,,,
Nämn ett stjärntecken,0200,Väduren,28,Oxen,19,Tvillingen/tvilling,18,Kräftan,15,Lejonet,14,Jungfrun,6,Vågen,0,Skorpionen,0,Skytten,0,Vattumannen,0,Stenbocken,0,Fisken,0,,,,,,,,,,,,,,,,,,,,
Nämn en fågel som inte flyger,0208,Kyckling/höna/tupp,26,Pingvin,22,Struts,18,Påfågel,14,Kalkon/kalkoner,10,Emu,10,Kiwi,0,Dront/dronten/dodo,0,Moa/moafågel/moafåglar,0,,,,,,,,,,,,,,,,,,,,,,,,,,
Nämn en typ av möbel,0205,Stol,28,Soffa,27,Garderob,20,Säng/sängen,9,Skrivbord/kontorsbord,8,Bord/matbord/kökskbord,8,Pall/pallar,0,Diskbänk,0,Bänk/sittbänk,0,Hylla,0,Bokhylla,0,Byrå/byrålåda,0,,,,,,,,,,,,,,,,,,,,
Nämn en karaktär från Game of Thrones,0069,Jon Snow/Snow/Jon/john,39,Sansa Stark/sansa,19,Arya Stark/arya/arja,19,Eddard Stark/eddard/ned/ned stark/Edward/edvard,9,Tyrion Lannister/dvärgen/dwarf/Tyrion/kortväxta,7,Cersei Lannister/Cersei/queen/lannister/Sersei,7,Daenerys Targaryen/Khaleesi/Daenerys/Mother of Dragons/drakmamman/kaleesi/Denarys,0,Jaime Lannister/Jaime/kingslayer/Jaimy/kungadräparen,0,The Mountain/Thor/Ser Gregor Clegane/Gregor Clegane,0,Khal Drogo/drogo/Khal,0,Drakarna/drakar/drakeb/draken/Rhaegal/Drogon/Viserion,0,Robert Baratheon/kungen/Robert,0,Shae/prostituerade,0,Joffrey Baratheon/joffrey/Jefrey,0,Bran Stark/brandon stark/brandon/bran,0,,,,,,,,,,,,,,
Nämn något grönt,0212,Träd/trän,31,Gräs/gräset,28,Växter/plantor/buskar,16,Pengar/ekonomi/kontanter/sedlar,10,Blad/löv,8,Broccoli/Brockoli/Brocoli,7,Smaragd,0,Fyrklöver/klöver,0,Sallat/Sallad/isbergssallad,0,Grönkål/kale,0,Spenat,0,Groda/grodor,0,Mint/mynta,0,Pistasch/pistasche/pistach,0,Vindruvor/vindruva,0,Avokado,0,Ärta/ärtor,0,,,,,,,,,,
Ringformade saker man kan hitta i huset,0243,Klocka/väggklocka,24,Tallrik/tallrikar/fat,24,Runda bord/bord/rundbord,17,Skålar/skål/bunke/bunkar,15,Pizza,12,Vattenmelon/vattenmeloner,8,Apelsin/apelsiner/citrus,0,Rund spegel/speglar/spegel,0,Vas/kruka,0,,,,,,,,,,,,,,,,,,,,,,,,,,
Nämn en kroppsdel,0141,Huvudet/huvud,29,Armar/arm,18,Ben,17,Hand/händer,15,Fot/fötter,11,Bröst,10,Nacke/halsen/hals,0,Fingrar,0,Mage,0,Knä/knän,0,Rumpa/häck/bakdel,0,Axlar/skuldror,0,Rygg,0,Fotled/vrist/ankel,0,Lår,0,Tunga,0,Näsa,0,Öra/öron,0,Öga/ögon,0,Mun,0,,,,
Nämn en film med Tom Hanks,0258,Forrest Gump,33,Saving Private Ryan,16,Philadelphia,16,Cast Away/Castaway,14,Catch Me if You Can,11,Sleepless in Seattle,10,Sully,0,Apollo 13,0,Splash,0,A League of Their Own,0,Toy Story,0,Charlie Wilson's War/Charlie Wilsons War,0,Turner and Hooch/Turner och hooch,0,Road to Perdition,0,You've Got Mail/Youve Got Mail/du har mail,0,Polarexpressen/polar express,0,Da Vincikoden/da vinci koden/da vinci code,0,Änglar och demoner/angels and demons,0,Big,0,,,,,,
Nämn en typ av pasta,0220,Spaghetti/spageti/spagetti/spagheti,33,Makaroner,29,Lasagne/lasagn,12,Penne,11,Gnocchi/gnocci/gnochi,8,Fettuccini/fettucine/fetuccine/fettuccine,7,Ravioli,0,Tortellini/tortelini,0,Tagliatele/tagliatelle,0,Rigatoni,0,Fusili/fusilli/fussili,0,Linguini,0,Rotini,0,Bucatini,0,Farfale/farfal/farfalle,0,Ziti,0,,,,,,,,,,,,
Nämn något man ofta byter ut,0151,Soppåse,33,Tandborste,22,Strumpor/sockor/sockar,21,Byxor/brallor,10,Lakan/sängkläder/påslakan/örngott,7,Handdukar/handduk/badlakan,7,Kläder/plagg/klädesplagg,0,Underkläder/kalsonger/trosor,0,Naglar/naglarna,0,Tvål/duschkräm/shampo/schampo,0,Hushållspapper/pappershanddukar/toalettpapper,0,Smycken/ringar/halsband/armband,0,Smink/läppstift/mascara/nagellack,0,Parfym/deo/deodorant,0,,,,,,,,,,,,,,,,
Nämn låtar från The Beatles,0264,Here Comes the Sun,36,Come Together,16,Let it Be,14,Yesterday,12,Hey Jude,12,A Hard Day's Night,10,Yellow Submarine,0,All my Loving,0,Blackbird/black bird,0,Twist and Shout/twist & shout,0,Can't Buy Me Love,0,All Together Now,0,Strawberry Fields Forever,0,Ob-La-Di Ob-La-Da/obladi oblada,0,Do You Want To Know A Secret,0,In My Life,0,Something,0,Help!,0,Ticket To Ride,0,,,,,,
Nämn något som alla borde ha som vana att göra,0179,Träna/motionera/sporta/gymma/gå till gymmet/gym,30,Uppföra sig/bete sig/uppförande//hövlig,18,Spara pengar/ekonomi/spara/inte slösa,16,Äta nyttigt/äta hälsosamt/äta bra mat/nyttig mat/näring,13,Återvinna/återvinning,13,Be/be till gud/bön,10,Vara snäll/vara vänlig/vänlighet/hjälpsam/hjälpa andra,0,,,,,,,,,,,,,,,,,,,,,,,,,,,,,,
Saker man kan göra med sin familj,0245,Se på film/titta på film/se på tv/tv-tittande/titta på serier/se på serier/titta på sport,27,Resa/semester/resande/sightseeing,20,Spela brädspel/brädspel/bordsspel/kortspel/spela kort,18,Gå på picknick/äta picknick/picnic,13,Gå till stranden/stranden/havet,13,Promenera/gå/promenad/vandra/vandring,9,Sporta/sport/boll/bollspel/utöva sport,0,Familjemiddag/äta middag/äta tillsammans/söndagsmiddag,0,,,,,,,,,,,,,,,,,,,,,,,,,,,,
Saker man behöver på stranden,0246,Badkläder/baddräkt/badbyxor/bikini,35,Badtofflor/tofflor/sandaler/flipflops/flippflopps,30,Strandhandduk/handduk/badlakan,17,Solskyddskräm/solskydd/solskyddsfaktor/SPF/SKF,8,Solglasögon/glasögon/glajer,5,Sandleksaker/hink/spade/leksak,5,Filt/picknickfilt/picnicfilt,0,Parasoll/strandparasoll/paraply/strandparaply,0,Mat/snacks/äta/dryck/läsk,0,Hatt/strandhatt/solhatt/keps,0,,,,,,,,,,,,,,,,,,,,,,,,
Nämn en anledning till att någon hoppar av skolan,0178,Lathet/lat/vill inte jobba/vill inte plugga/orkar inte/för mycket jobb,35,Press/tryck/för stor press/stress,22,Underkänd/ej godkänt/dåliga betyg/underkänt prov/dålig prestation,13,Nytt jobb/fått ett jobb/anställning/jobb/arbete/anställd,11,Gillar det inte/tråkigt/hatar det/pallar inte,10,Olycka/sjukdom/inte frisk,9,,,,,,,,,,,,,,,,,,,,,,,,,,,,,,,,
Nämn något kallt,0228,Is/isbitar/iskuber,48,Snö/snöflingor/snöfall,15,Kylskåp/kyl/kylen/frysen/frys/frysbox,11,Milkshake/shake,10,Läsk/cola/coca cola/läskeblask/fanta/pepsi,10,Öl/alkohol/alkoholhaltig dryck,6,Glass/glassar/glasspinne,0,Isglass/isglassar,0,Frusen yoghurt/yoghurtglass,0,Frusen frukt/frusna bär,0,Smoothie/smoothies,0,Iskaffe,0,Slushie/slurpie/slurpee/slush/slushy/ice slush,0,Iste/isthe/is te,0,Regn/regnvatten/regnet,0,,,,,,,,,,,,,,
Nämn en typ av pizza,0268,Hawaiipizza/hawaii,21,Peperonipizza/peperoni,17,Oxfilépizza/oxfilé/oxfilepizza,16,Calzone/calcone/kalzone,16,Margheritapizza/margherita,16,Quattro Stagioni/quattro stagione/de fyra årstiderna,14,Mexicanapizza/mexicana/mexikana,0,Bussola/busola/räkpizza,0,Capricciosa/capprichosa/kapriciosa,0,,,,,,,,,,,,,,,,,,,,,,,,,,
Du skulle aldrig dejta någon som har dålig(t) ____,0017,Andedräkt,32,Utseende/stil/kläder/kropp/ansikte/skor,21,Attityd/beteende/uppförande/vanor,13,Hygien/lukt/odör/kroppslukt/svettlukt,12,Hår/frisyr,11,Tänder/munhygien,11,Kreditvärdighet/skulder,0,Personlighet,0,Bil/bilar/fordon/bilfärd,0,Ekonomi/Pengar/kontanter,0,Smak/tycke,0,Hus/boende/lägenhet,0,Jobb/anställning/arbete,0,Familj/barn/ungar/föräldrar/ex,0,Ögon/ögonfärg,0,Vänner/bekanta/umgänge,0,,,,,,,,,,,,
Vad gör folk lyckliga?,0241,Förälskelse/förälskade/älska/kärlek/älskad,34,Roliga skämt/humor/skoj/roliga historier,17,Befordran/avancemang/ny position,16,Anställning/bli anställd/få jobb/hitta jobb/anställas,13,Belåtenhet/vara belåten/vara nöjd/nöjdhet,12,Få presenter/få present/få gåva,8,Goda nyheter/bra nyheter,0,Få löneförhöjning/bättre lön/höjd lön/löneökning,0,Lyckliga minnen/glada minnen/bra minnen/glada stunder,0,Bli friad till/frieri/att fria/förlovad/förlova sig/gifta sig/giftermål/bröllop,0,Leka/leker/lekar,0,,,,,,,,,,,,,,,,,,,,,,
Nämn något som är hett,0229,Eld/flammor/brand,38,Ugn/varmluftsugn/ugnen,25,Strykjärn/strykjärnet,22,Eldstad/eldplats/kammin/öppen spis/öppna spisen,7,Varm dryck/het dryck/varmt kaffe/hett kaffe/varmt te,5,Brödrost/rost/rosten/brörost,3,Spisen/spisplattor/spis/plattor/kokplatta,0,Kol/varma kol/grillkol,0,Varmvattenberedare/vattenberedare/värmepump,0,Motor/motorer/bilmotor/båtmotor,0,Vattenkokare,0,Grill/grillen/utegrill/elektrisk grill,0,Mikrovågsugn/mikro,0,Ljus/värmeljus/stearinljus/stearin/doftljus,0,,,,,,,,,,,,,,,,
Saker man kan se på en golfbana,0256,Golfklubbor/golfklubba/klubba/klubbor,32,Golfare/golfspelare/spelare/människor,21,Golfbollar/bollar/golfboll,13,Greenen/green/greener,12,Peg/pegg,11,Fairway/fairways,11,Flaggor/flagga/hålflagga,0,Dryck/öl/läsk,0,Bunker/bunkrar/sandbunker,0,Vattenhinder/vatten/vattenbunker/flod/floder/sjö/sjöar,0,Caddy/caddies/cady,0,Bollmarkör/bollmarkörer/markörer/märken/bollmärken,0,Handdukar/handduk,0,Golfbag/golfväska/väskor,0,Klubbskydd/skydd för klubbor/klubbhuvudskydd/skydd,0,,,,,,,,,,,,,,
Nämn en sport,0055,Fotboll,27,Basket,25,Bandy/Bandi,20,Tennis/Tenis,12,Handboll,10,Ishockey/hockey,6,Golf/golfa,0,Volleyboll/volleyball/vollyboll,0,Friidrott/fri idrott/fridrott/friidrot,0,Simning/simma/sim,0,Ridsport/rida/hästridning/hästhopp/trav,0,Rugby,0,Skytte/Skjuta,0,Bowling/Bowla,0,Boxning/boxing,0,Gymnastik/gymnast,0,,,,,,,,,,,,
Nämn ett snabbmatsmärke,0001,Mcdonalds/donken/macdonalds/macdonald,34,Burger king/big burger,19,Max,18,Sibylla/sibyla,17,KFC/kentucky fried chicken,6,Subway,6,Pizza Hut,0,Daisys,0,Dominos/Domino,0,Frasses/Frases,0,Sandys/Candys,0,Flippin burgers/flipping burgers,0,Bun Meat bun/bunmeatbun/bun meet bun,0,Dairy Queen/Dairyqueen,0,M.O.A.S/Moas/Meat on a stick,0,ChopChop/chop chop,0,,,,,,,,,,,,
Nämn ett märke av sportkläder,0072,Nike/Niki/Noke/Nice,39,Adidas/Addidas/Adibas,21,Jordan/Air Jordan/Jordans,14,Puma/uma/Pumma,12,Under armour/under armor/underarmour,9,Reebok/Rebok/Rebook/Rebox,5,New Balance/Newbalance,0,Columbia/Kolumbia,0,Asics/Asicks,0,Champion/Shampion/Chanpion,0,Dick’s/Dicks,0,Fila/Filla,0,Vans,0,Converse/Converse/Konverse,0,Sketchers/Sketcher,0,Polo/Pollo,0,,,,,,,,,,,,
Nämn en basketspelare i NBA,0013,Lebron James/lebron/james/The King/LBJ/king james/l-train,30,Michael Jordan/jordan/air jordan/mj/Michael,21,Stephen Curry/Chef Curry/curry/Stephen/Steph,20,Magic/Magic Johnson/Johnson,20,Kobe Bryant/kobe/bryant,5,Shaquille O'Neal/Shaquille/O'Neal/shaq,4,Larry Bird/Bird/Larry,0,Dwyane Wade/Wade/Dwyane,0,James Harden/Harden,0,Kevin Durant/durant/kevin,0,Kyrie Irving/Kyrie/irving,0,Chris Paul/paul,0,Allen Iverson/Allen/Iverson,0,Anthony Davis,0,Kareem Abdul-Jabbar/Kareem/Abdul-Jabbar,0,,,,,,,,,,,,,,
Nämn en stor högtid,0085,Jul/julafton/juldagen/julen,27,Nyårsafton/nyår/nyårsdagen,23,Midsommarafton/midsommar/missommar,22,Påskafton/påsk/påsken/påskdagen,15,Valborg/valborgsmässoafton,7,Allhelgona/Allahelgona/alla helgona/Halloween/Helloween/alla helgons dag,6,Nationaldagen/nationaldag/Sveriges nationaldag/6 juni,0,Lucia/luciafirande/luciafirandet/sankta lucia/Luciadagen,0,Pingst/pingstafton,0,Fettisdag/Fetisdag/Fettisdagen/Semmeldagen,0,Kristi himmelsfärdsdag/Kristi himmelsfärds dag/Kristihimmelsfärd/Kristihimmelfärd/Kristi himmelsfärd,0,Våffeldagen/Våfflans dag/Våfeldagen/Våffeldag,0,,,,,,,,,,,,,,,,,,,,
Nämn en middagsrätt du kan äta med fingrarna,0077,Pommes frites/pommes/french fries/klyftpotatis/rostad potatis,35,Stekt kyckling/friterad kyckling/chicken nuggets/mcnuggets/grillad kyckling,30,Pizza,11,Hamburgare/burgare,11,Smörgås/macka/sub,9,Tacos/burrito/tex-mex/texmex/enchilada/tortilla,4,Sushi/maki,0,Varmkorv/hotdog/hot dog/korv med bröd/korv,0,Revbensspjäll/revbenspjäll/ribs,0,Chips/snacks,0,Bröd,0,Frukt,0,Fisk,0,Nachos/nacho/nachochips,0,Majs,0,Godis,0,Bacon,0,Räkor,0,,,,,,,,
Nämn en streaming-tjänst,0080,Netflix,30,YouTube/YouTube TV,25,Hulu,15,Twitch/Twich,12,Disney+/Disney/Disney plus,10,Viaplay/Via Play,8,HBO Nordic/HBO Max/HBO/HBO Now,0,Amazon Prime/Amazon/Prime,0,C More/Cmore/See More,0,Telia Play/Telia,0,Discovery+/Discovery/Discovery Plus,0,Filmnet/Film net,0,Apple TV+/Apple/Apple TV,0,Draken Film/Draken,0,Showtime,0,Vudu,0,,,,,,,,,,,,
Nämn ett smartphone-märke,0081,iPhone/Apple,41,Samsung/Galaxy,28,LG,11,Nokia,10,Google,6,Blackberry,4,Huawei/Huawe,0,Sony,0,Xiaomi,0,OnePlus,0,Lenovo/Motorola,0,Asus,0,HTC,0,Oppo,0,,,,,,,,,,,,,,,,
Vad kan man hälla i kaffet?,0078,Grädde/vispgrädde/kaffegrädde,32,Socker,27,Mjölk/latte,18,Vatten/vaten,9,Is,9,Karamell/kola,5,Inget,0,Kanel,0,Sirap/koncentrat/smakkoncentrat,0,Vanilj/vaniljstång/vaniljsocker/vanillin,0,Choklad/kakao/kakaopulver/cacao,0,Honung,0,Sugrör,0,Salt,0,Te/the/tea,0,Sked/kaffesked,0,Sötningsmedel,0,Smak,0,Smör,0,,,,,,
Nämn något man aldrig bör ha på sig som bröllopsgäst,0025,Vitt/vit klänning/helt vitt/bröllopsklänning/vita kläder,27,Jeans/jeansbyxor,20,Shorts/kortbyxor/kortbrallor,14,Hatt/mössa/keps,14,T-shirt/T-tröja/tshirt,14,Gympaskor/tennisskor/sportskor,11,Svart/helt svart/helsvart/svarta kläder,0,Kjol,0,Inget/naken,0,Linne,0,Mjukisbyxor/joggingbyxor,0,Sandaler/flip-flops/flippflopps/flipflops/tofflor,0,Solglasögon,0,Kängor,0,Pyjamas,0,,,,,,,,,,,,,,
Nämn en av världens vackraste städer,0006,Paris/frankrike,23,New York/new york city/NY/NYC,21,Stockholm,17,Las Vegas/vegas,14,Rom/italien,13,Miami/florida,12,Prag/prague,0,Barcelona/spanien,0,Venedig,0,London/england,0,Aten/grekland,0,Visby/gottland,0,Tokyo/japan,0,,,,,,,,,,,,,,,,,,
Nämn en medlem i Kardashian-familjen,0099,Kim/kim kardashian/kin,37,Kylie Jenner/kylie,19,Kendal Jenner/kendal,14,Kris Jenner/kris/chris,11,Kourtney/kourtney kardashian,10,Khloe/Khloe Kardashian/Chloe,9,Caitlyn Jenner/caitlyn/bruce/Kaitlyn,0,Rob/rob kardashian,0,Kanye West/kanye/west,0,Brandon Jenner/brandon,0,Brody Jenner/brody,0,Robert/robert Kardashian,0,Scott Disick/scott/disick,0,North,0,Stormi,0,,,,,,,,,,,,,,
Nämn en typ av läsk,0011,Coca Cola/cola/coke/kola/Coca kola/cola light,30,Pepsi/pepsi co/pepsi light/Pepsi-cola/pepsi cola,24,Sprite,21,Fanta,11,Trocadero/trokadero,9,Sockerdricka,5,Dr Pepper/Dr. Pepper,0,Hallonsoda,0,7up/Seven up/7 up,0,Julmust/must/påskmust,0,Pommac,0,Champis,0,Schweppes/Shweppes/Schwepes/Schwepps,0,Päronsoda,0,Fruktsoda,0,Loranga,0,,,,,,,,,,,,
Nämn något som gäster gör på en bröllopsmottagning,0079,Dansa/dans,24,Äta/mat/tårta/äter,24,Dricka/drink/bli fulla/bli berusade/dricka alkohol/dricker,17,Prata/tala/diskutera/samtala/pratar/konversera/mingla,15,Sjunga/karaoke/sjunger,12,Skratta/le/skrattar,8,Gråta/fälla tårar/gråt/gråter,0,Skåla/skål/skålar,0,Spela spel/leka lekar/leka/spela/leker,0,Klappa/applådera/aplådera/hurra/ropa/klappar,0,Förföra/dejta/stöta på/flirta/flirt/flörta/attrahera/charma/älska/kyssa/förför,0,Ta bilder/fotografera/fota/ta foton/ta fotografier/filma/ta video/filma video/ta selfie/selfies/ta en bild,0,Festa/fira/partaja/parta/festar,0,Sitta/sitta ner/sitter,0,Hålla tal/håller tal/berättar/historier,0,Gå/gå runt/promenera/vanka,0,Kram/krama/kramar/kramas,0,Observera/titta/titta på människor/tittar/observerar,0,Ge presenter/ge gåva/present/gåva/ge saker,0,Ha roligt/ha skoj/roa sig,0,Lyssna på musik/musik/underhållning,0,,
Nämn en plats många svenskar åker på semester till,0022,Kreta/Grekland,29,Ullared/Gekås,18,Gran Canaria/spanien/kanarieöarna,17,Bangkok/thailand,15,Paris/disneyland/frankrike,11,London/england,10,Las vegas/USA/nevada,0,Mallorca,0,Lissabon/portugal,0,Amsterdam/holland/nederländerna,0,Hawaii,0,Rom/italien,0,Prag/tjeckien,0,Venedig,0,Kina,0,,,,,,,,,,,,,,
Nämn en studentförening man kan gå med i på högskolan,0028,Sport/fotboll/basket/gym,24,Schack,20,Drama/teater/skådespel,17,Matematik/matte,14,Musik/band/spela musik/instrument,14,Kör/körsång/kyrkokör/sjunga,11,Utländska språk/spanska/tyska/kinesiska,0,Debatt/debattera,0,Böcker/bokklubb/läsa/läsning/litteratur,0,Konst/konstverk/tavlor,0,Vetenskap/forskning,0,Dans/dansa/uppträda,0,Dator/datorvetenskap/programmering/utveckling,0,Matlagning/laga mat/mat,0,Cheerleading/cheerleader/hejaklack,0,,,,,,,,,,,,,,
Nämn en maträtt du aldrig skulle servera på en fin fest,0029,Pizza,28,Hamburgare/burgare,24,Varmkorv/hotdog/hot dog/korv med bröd/korv,21,Pasta/spaghetti/makaroner,10,Pommes frites/pommes/french fries,9,Stek,8,Köttfärslimpa/köttfärs limpa,0,Falukorv,0,Kyckling/kycklingvingar/chicken nuggets/nuggets/mcnuggets,0,Tacos/tortilla/enchilada/tex-mex,0,Makaronipudding/makaronpudding,0,Revbensspjäll/revbenspjäll/ribs,0,Köttbullar,0,Nachos/nacho/nachochips,0,Smörgås/smörgåsar/macka/mackor,0,,,,,,,,,,,,,,
Nämn en plats du skulle besöka oftare om det inte var så mycket folk,0030,Shoppingcenter/centrum/galleria,35,Nöjesfält/nöjespark/zoo/disneyland/vattenpark/temapark,32,New York/New York city/NYC/NY,10,Stranden/havet,9,Nattklubb/dansklubb/diskotek,8,Biografen/biograf/bio/bion,6,Bar/barer/pub,0,Fest/party/kalas,0,Skola/skolan/universitet/högskola,0,Konsert/musikkonsert,0,Pool/bassäng/simbassäng,0,Restaurang/matställe/pizzeria,0,Paris,0,Las Vegas/vegas,0,Kyrka/kyrkan,0,,,,,,,,,,,,,,
Vad är det bästa med USA:s 4:e juli-parad?,0043,Mat/godis/grillat/bbq/varmkorv/hot dogs,42,Fyrverkerier/smällare/fyrverkeri,26,Människor/folk/folkmassor/grupper/träffa andra,19,Familjen/barnen,7,Dans/dansa/dansande,3,Musik/lyssna på musik/sång/sjunga/karaoke,3,Kostymer/utklädda/utklädd/maskerad/kostym/klä ut,0,Paradvagnar/vagnar/bilar/fordon,0,Paraden/parad,0,Dricka alkohol/drinkar/dricka/alkohol/sprit,0,Flaggor/flaggan/flagghissning/hissa flaggan/amerikanska flaggan,0,Fest/party/kalas,0,Vänner/bekanta/umgänge/umgås,0,,,,,,,,,,,,,,,,,,
Nämn något du kan ha på rostat bröd,0185,Smör/margarin,38,Marmelad/sylt/gelé/gele,16,Avokado/avocado,15,Jordnötssmör/jordnötsmör,12,Ost/cheddar/grevé/hushållsost/schweizerost,11,Ägg,8,Nutella/nötkräm,0,Färskost/philadelphia/filadelfia/philadelphiaost/mjukost,0,Lax/fisk/makrill,0,Honung/sirap/lönnsirap,0,Jordgubbar/jordgubbe,0,,,,,,,,,,,,,,,,,,,,,,
Nämn en stad som folk reser till för sin partyatmosfär,0015,Ibiza/spanien,29,Las Vegas/vegas/nevada,23,New York/New York city/NYC/NY,18,Berlin,16,Paris,8,Los Angeles/LA/kalifornien,6,Miami/florida,0,Sao Paulo/saopaulo/san paulo,0,New Orleans,0,Basel,0,Zagreb,0,Bangkok,0,Chicago,0,Amsterdam,0,Montreal/montreol,0,Buenos Aires/buenos aries,0,,,,,,,,,,,,
Nämn något huset är fullt av efter julen,0036,Julklappar/presenter/gåvor,28,Mat/godis/sötsaker/knäck/nötter/kakor,20,Familj/familjemedlemmar/släkt/släkten/barn,18,Julgran/gran/barr/granbarr/julgranen,13,Leksaker,11,Inslagspapper/omslagspapper/julpapper/julklappspapper,10,Julpynt/pynt/dekorationer/juldekorationer,0,Lådor/askar/presentlådor/tomma lådor,0,Ljus/lampor/ljusslinga/lampa/,0,Glädje/kärlek/omtänksamhet/glädje/lycka,0,Drycker/drinkar/glögg/öl/julöl/julmust/läsk,0,,,,,,,,,,,,,,,,,,,,,,
Nämn något man kan låna av sin granne,0154,Socker,21,Salt,17,Peppar/svartpeppar,16,Mjöl,16,Verktyg/skruvmejsel,16,Laddare,14,Batteri/batterier,0,Skål/bunke,0,Stege/stegar,0,Gräsklippare/trimmer,0,Telefon/mobiltelefon/ringsignal/prata i telefon/sms,0,Hammare,0,,,,,,,,,,,,,,,,,,,,
Nämn kalla drycker,0164,Vatten/vaten,26,Coca Cola/pepsi/cola/Coca,24,Saft/lemonad,15,Öl,15,Iste/icetea,14,Apelsinjuice/jos/apelsinjos,6,Orangina,0,,,,,,,,,,,,,,,,,,,,,,,,,,,,,,
Nämn en romantisk plats man kan åka på smekmånad till,0168,Niagarafallen/Niagara,25,Mallorca,18,Bahamas/bahamasöarna,17,Paris/frankrike,16,Venedig/Italien/venice,13,Rom/roma,11,Hawaii,0,Mexico/mexiko/cancun,0,Karibien/Karibiska öarna/karibbean,0,Las Vegas/vegas,0,,,,,,,,,,,,,,,,,,,,,,,,
Nämn en plats som alltid har mycket folk,0173,Shoppingcenter/mall/butiker/affären/stormarknad/matbutik/livsmedelsbutik,38,Restaurang/matställe/pizzeria,16,Nattklubb/disko/disco/diskotek/klubb,15,Nöjesfält/gröna lund/liseberg/temapark/vattenpark/åkattraktion,12,Konsert/show/musik,11,Flygplats/station/tågstation/busstation/ankomsthall,8,Stadion/stadium/sportarena/arena/fotbollsstadion/hockeyrink/hockey,0,Biograf/bio,0,,,,,,,,,,,,,,,,,,,,,,,,,,,,
Nämn en sport som inte har ordet ”boll” i sig,0189,Tennis,35,Bandy/innebandy,22,Hockey/hokey/ishockey,13,Golf/golfa,11,Boxning/boxing,10,Friidrott/fyrkamp/tiokamp,9,Rugby,0,Cricket/kricket,0,Cykling/cykla/tour,0,Simning/crawl/frisim/simma,0,Brottning/wrestling,0,,,,,,,,,,,,,,,,,,,,,,
Nämn ett klassiskt brädspel,0202,Monopol,32,Schack/shack,21,Damspel/dam/spela dam,20,Alfabet/alfabet,10,Sänka skepp/sänk skepp/battleship/stridsskepp,9,Backgammon/bakammon,8,Cluedo/clue/kluedo,0,Yatzy/yatzee/yahtzee,0,Trivial Pursuit/TP,0,Risk/risk!,0,,,,,,,,,,,,,,,,,,,,,,,,
Nämn ett vattenmärke,0211,Loka,29,Ramlösa,18,Dasani,15,Aquafina,14,Evian,14,Fiji,10,Voss,0,Poland Spring,0,Ozarka,0,Deer Park,0,,,,,,,,,,,,,,,,,,,,,,,,
Nämn något man ser på Halloween,0216,Spöken/fantomer/gastar/andar,31,Pumpa/pumpor/pumpalyktor/lykta,25,Bus eller godis/trick or treaters/busare/tiggare,16,Godis/godisar/godsaker/sötsaker,10,Häxor/häxa,10,Skelett,8,Spindlar/spindel,0,Svarta katter/katter,0,Pirater/pirat,0,Prinsessa/prinsessor,0,Mumier/mumie,0,Zombie/zombies/zombier,0,Frankenstein/frankensteins monster,0,Spindelväv/spindelnät/nät,0,Fladdermus/fladdermöss,0,Blod/blöder/sår,0,Kistor/begravningskista,0,Kostymer/utklädnad,0,Vampyr/vampyrer/dracula/nosferatu/drakula,0,Mask/ansiktsmask,0,Barn/barnen/småbarn/ungdomar,0,,
Nämn en frukostmat,0244,Flingor/frukostflingor,38,Ägg/omelett/äggröra,16,Havregryn/havregrynsgröt,15,Rostat bröd/toats/rostbröd,12,Pannkakor/pannkaka/pankaka,11,Bacon,8,Varmkorv/korv/korv med bröd/frukostkorv,0,Råraka/rösti/potatisplättar,0,Skinka,0,Nudlar/nudelsoppa,0,Frukt och nötter/frukt/nötter/frukter,0,,,,,,,,,,,,,,,,,,,,,,
Nämn de populäraste rockbanden genom tiderna,0249,The Beatles/beatles/beattles,30,Led Zeppelin/the led zeppelin/led zeppelin band,18,Queen/the queen,16,Pink Floyd,13,The Rolling Stones/rolling stones,13,ACDC/the acdc/acdc band,10,Eagles/the eagles/eagles band,0,Metallica/metallica band,0,Guns N' Roses/guns and roses,0,Aerosmith/aero smith,0,Linkin Park/the linkin park,0,Red Hot Chili Peppers/chili peppers/the red hot chili peppers,0,Maroon 5/the maroon 5/maroon five/maroon 5 band,0,Bon Jovi/the bon jovi/bonjovi,0,U2/you too/you two,0,Van Halen/Van Halen band,0,Santana/santana band,0,,,,,,,,,,
Nämn ett rött kött,0251,Nötkött/biff,43,Lamm/lammkött/lam,18,Fläsk/gris/griskött/fläskkött,14,Rådjur/hjort,9,Get/getter,9,Kanin/harar/kaniner,7,Buffel/bisonoxe/bison/oxe,0,Vildsvin/svin,0,Hare/harar/harkött,0,Kalv/kalvkött,0,Häst/hästar,0,Anka/ankor,0,,,,,,,,,,,,,,,,,,,,
Vad har man i frysen?,0282,Is,27,Glass,20,Kött,18,Grönsaker,13,Rester/matrester,13,Klubbor/klubba,9,Ispaket/isblock/kylklampar,0,Frukt,0,Bröd,0,Bär,0,Kycklingtbuljong/buljong/biffbuljong,0,Bevis/bevismaterial/kropp/människokropp/kroppsdelar,0,Pesto,0,Ägg,0,Choklad,0,,,,,,,,,,,,,,
Nämn en sport man spelar med en boll,0252,Fotboll,23,Basket/basketboll,21,Baseball/baseboll/softboll/brännboll,16,Innebandy,14,Tennis/Tenis,14,Golf/golfa,12,Volleyboll/volleyball/vollyboll,0,Pingis/pingpong/ping pong/bordtennis,0,Bandy,0,Nätboll/net ball/netball,0,Handboll,0,Polo/Pollo/hästpolo,0,Vattenpolo,0,Squash/racketboll,0,Bowling,0,Strandtennis,0,Badminton,0,Rugby,0,,,,,,,,
Nämn ett flygbolag,0254,SAS,24,American/American Airlines,19,United/United Airlines,18,British Airways,16,Qantas,13,Virgin/Virgin Atlantic,10,Turkish Airlines,0,Thai Airways,0,Norwegian,0,Emirates,0,Qatar Airways,0,American/American Airlines,0,Air China,0,KLM,0,Cathay Pacific,0,Delta Airlines,0,,,,,,,,,,,,
Nämn ett tillbehör till mat,0270,Ketchup,28,Senap,18,Majonnäs/majonäs,16,Bostongurka,14,Grillsås/bbq-sås/bbq,13,Soja/sojasås,11,Lingonsylt/lingon/rårörda lingon,0,Vinäger/vitvinsvinäger/vit vinäger/balsamvinäger/äppelcidervinäger,0,Wasabi/vasabi,0,Dressing/salladsdressing,0,Tartarsås/remouladsås/remoulad,0,Salsa/tomatsalsa/salsasås,0,Sriracha/srirachasås/siracha,0,Chillisås/chilisås/starksås,0,Vitlökssås/vitlöksås,0,Teriyaki,0,,,,,,,,,,,,
Nämn något man tar med sig på en dejt,0279,Pengar/kontanter/plånbok,31,Smink/läppglans/läppstift,24,Tuggummi/halstablett,13,Kondomer/kondom/preventivmedel,13,Blommor/blomma/ros,12,Vin/alkohol,7,Nycklar/nyckel/nyckelknippa,0,Telefon/smartphone/smart telefon/mobil/mobiltelefon,0,Handväska/väska,0,Ursäkter/ursäkt/alibi,0,Skämt/skoj/roliga historier,0,Värdighet,0,,,,,,,,,,,,,,,,,,,,
Nämn något man kan byta med en vän,0281,Telefonnummer/nummer,38,Sociala medier/sociala nätverk/facebook,16,Kläder/skor,15,Spel/tv-spel/datorspel,12,Recept,11,Samlarkort/pokémon/pokemon/kort/mtg/magic,8,Skämt/skoj/roliga historier,0,Partner/partnerbyte/fru/make/man/pojkvän/flickvän,0,Tjänster/tjänst,0,Smycken,0,Samlarsaker/samlarobjekt,0,Pengar/kontanter,0,Leksaker,0,Råd,0,,,,,,,,,,,,,,,,
Nämn en delstat i USA där man säger ”y’all”,0037,Texas,33,Florida/miami,16,Alabama,16,North Carolina,14,Kentucky,11,Georgia,10,New York,0,Oklahoma,0,Ohio,0,Kalifornien/Californien/California,0,Tennessee,0,Mississippi,0,South Carolina,0,Arizona,0,Louisiana,0,,,,,,,,,,,,,,
Nämn en söt efterrätt,0203,Tårta,39,Cheesecake/ostkaka/chesecake,21,Glass/isglass,14,Paj,12,Tiramisu/tirameesu,9,Marrängsviss/marräng,5,Bakelse/bakverk,0,Choklad,0,Praliner,0,Kakor/kaka,0,Godis,0,Frukt/bär/frukter,0,Semla/semlor,0,Pannacotta/panacota/pannakotta,0,Milkshake/shake,0,,,,,,,,,,,,,,
Nämn ett glassmärke,0084,Ben & Jerry’s/ben and jerry/ben jerry,48,Häagen-Dazs/hägen das/hägen dazs,16,GB Glace/gb,13,Sia glass/sia,12,Triumfglass,6,Diplom-is/diplomis,5,Hemglass,0,Magnum,0,Cornetto,0,Baskin Robbins,0,Lejonet & björnen/lejonet och björnen,0,Engelholms glass,0,Åse-glass,0,,,,,,,,,,,,,,,,,,
Nämn en typ av sko,0204,Gympasko/gympa/gymnastiksko,29,Klacksko/klackskor/högklackade,28,Känga/kängor,16,Sandal/sandaler,12,Flip-flops/flipp/flopps/flippflopp,8,Stövel/stövlar,7,Loafer/loafers,0,Toffla/toffel/tofflor,0,Foppatofflor/crocs,0,Vandringsskor/vandringskängor/vandring,0,Tennissko/tennisskor,0,Moccasin/moccasiner/mockasin,0,Oxfordskor/oxford,0,Derbyskor/derby,0,,,,,,,,,,,,,,,,
Nämn en berömd amerikansk sångare,0196,Beyoncé/beyonce/bey,33,Taylor Swift/TS,22,Rihanna/Rihana,17,Jenifer Lopez/J Lo,10,Justin Bieber,10,Kanye West,8,Jay Z,0,Mariah Carey,0,Lady Gaga,0,Michael Jackson/Jackon/MJ,0,Eminem,0,Travis Scoot,0,Bruno Mars,0,Elvis/Elvis Presley/Presley,0,Ariana Grande,0,Post Malone,0,Bob Dylan,0,,,,,,,,,,
Nämn ett TV-märke,0226,Samsung,19,LG,19,Sony,19,TCL,17,Panasonic,16,Benq,10,Philips/phillips,0,Onkyo,0,JVC,0,Hitachi,0,Haier,0,Huawei/Huawe,0,Hisense,0,,,,,,,,,,,,,,,,,,
Nämn en typ av ost,0219,Cheddar,30,Mozzarella,25,Schweizerost/schweiz,15,Prästost/präst,12,Brie,10,Camembert,8,Gouda,0,Feta,0,Keso,0,Herrgårdsost/herrgård,0,Emmentaler/emmental,0,Parmesan/parmigiano/parmegiano/parmagiano,0,Hushållsost/hushåll,0,Manchego,0,Roquefort,0,Monterey Jack/monterey,0,Blåmögelost/blåmögel,0,Ricota/ricotta/riccota/riccotta,0,Edamer/edam,0,,,,,,
Nämn en berömd Hollywood-skådespelare,0146,Leonardo Di Caprio/Di Caprio,30,Brad Pitt/Brad,25,Angelina Jolie,17,Robert Downey Jr/Robert Downey,11,Robert Pattinson/Pattinson,9,Scarlett Johanson/Scarlet,8,Zendaya,0,Tom Holland,0,Anthony Hopkins,0,Chris Evans,0,Denzel Washington,0,Ryan Reynolds,0,Dwayne Johnson/The rock,0,Julia Roberts,0,Emma Watson,0,Daniel Radcliffe,0,,,,,,,,,,,,
Typer av kaffedrycker,0261,Americano/svart kaffe,43,Kaffe latte/caffe Latte/latte/late,28,Caffe Mocha/cafe mocha/mocha,10,Cappuccino,8,Espresso/expresso,6,Kallbrygd/cold brew/kallbrygt,5,Cafe Au Lait,0,Dubbel espresso/dubbel expresso,0,Irish Coffee,0,Bryggkaffe,0,Latte Macchiato/late macchiato,0,Ristretto,0,,,,,,,,,,,,,,,,,,,,
Populära saker som folk samlar,0263,Samlarkort/spelkort/kortspel,35,Mynt/pengar/valuta,32,Frimärken/poststämplar,10,Bilar/lyxbilar/sportbilar,9,Skor/gympaskor,8,Antika möbler/möbler,6,Leksaker/dockor/leksaks,0,Vin/viner,0,Böcker/bok/romaner/litteratur,0,Klockor/armbandsur/lyxklockor/rolex,0,Hattar/mössor/huvudbonader,0,,,,,,,,,,,,,,,,,,,,,,
Nämn ett kaffemärke,0276,Nescafé/nescafe,25,Gevalia,18,Löfbergs Lila/lövbergs lila/löfbergs,17,Zoegas/zoega/zoégas,16,Arvid Nordquist/nordkvist,13,Starbucks,11,Lavazza,0,Kahls kaffe/kahls,0,Dunkin donuts/Dunkin,0,Classic kaffe/classic,0,Merrild kaffe/merrild,0,Lindvalls,0,Tassimo,0,Bellarom,0,,,,,,,,,,,,,,,,
Nämn en amerikansk president,0058,Joe Biden/Joe/Biden,30,Donald Trump/Trump/donald,28,Barack Obama/obama/barack/bama,17,George Washington/Washington/george,10,George Bush/George Bush Senior/bush/bush senior/Busch,8,Abraham Lincoln/Lincoln/Abraham/abe,7,Ronald Reagan/Reagan/ronald,0,Richard Nixon/Nixon/richard,0,Bill Clinton/bill/Clinton,0,John F. Kennedy/Kennedy/JFK/JF Kennedy/John Fitzgerald Kennedy/john,0,Thomas Jefferson/Thomas/Jefferson,0,Franklin Delano Roosevelt/Roosevelt/Franklin D Roosevelt/Franklin/Rosevelt,0,George W Bush/W Bush,0,Harry Truman/Truman,0,Dwight D. Eisenhower/Dwight Eisenhower/Eisenhower,0,Gerald Ford/Jerry Ford/Ford,0,,,,,,,,,,,,